Name,Symbol,CoinGecko API ID,CMC UCID,Ethereum Deployed Address,BSC Deployed Address,Solana Deployed Address,Etherscan Contract,Etherscan Token,BscScan Contract,BscScan Token,SolScan Token,Link to image (svg),Link to image (png),Stock Name,Stock Ticker,Type Detail,Type,ISIN,Description,Etherscan Descriptions
American Airlines Group (Ondo Tokenized),AALon,american-airlines-group-ondo-tokenized-stocks,39220,0xbe8eb7b51a08f9d52bb6c8c7eca699f0f89bfc02,0x02d608506ca0048d0d991a11f1e7fb8cad1e44f8,9wYZetvT8J2ptfsRca5gzLBGvcUug38mp9yT3xaondo,https://etherscan.io/address/0xbe8eb7b51a08f9d52bb6c8c7eca699f0f89bfc02,https://etherscan.io/token/0xbe8eb7b51a08f9d52bb6c8c7eca699f0f89bfc02,https://bscscan.com/address/0x02d608506ca0048d0d991a11f1e7fb8cad1e44f8,https://bscscan.com/token/0x02d608506ca0048d0d991a11f1e7fb8cad1e44f8,https://solscan.io/account/9wYZetvT8J2ptfsRca5gzLBGvcUug38mp9yT3xaondo,https://cdn.ondo.finance/tokens/logos/abton_40x40.svg,https://cdn.ondo.finance/tokens/logos/abton_160x160.png,American Airlines Group,AAL,Common Stock,Stock,US02376R1023,"AALon is the Ondo Tokenized version of American Airlines Group, giving tokenholders economic exposure similar to holding AAL and reinvesting any dividends. Ondo tokenized stocks enable non-US retail and institutional users around the world to instantly mint and redeem tokenized U.S. stocks and ETFs, 24 hours a day, five days a week with full access to traditional exchange liquidity. Additional restrictions apply. Learn more at ondo.finance/global-markets.","AALon is the Ondo Tokenized version of American Airlines Group, giving tokenholders economic exposure similar to holding AAL and reinvesting any dividends. Additional restrictions apply. Learn more at https://ondo.finance/gm."
Apple (Ondo Tokenized),AAPLon,apple-ondo-tokenized-stock,38037,0x14c3abF95Cb9C93a8b82C1CdCB76D72Cb87b2d4c,0x390a684ef9cade28a7ad0dfa61ab1eb3842618c4,123mYEnRLM2LLYsJW3K6oyYh8uP1fngj732iG638ondo,https://etherscan.io/address/0x14c3abF95Cb9C93a8b82C1CdCB76D72Cb87b2d4c,https://etherscan.io/token/0x14c3abF95Cb9C93a8b82C1CdCB76D72Cb87b2d4c,https://bscscan.com/address/0x390a684ef9cade28a7ad0dfa61ab1eb3842618c4,https://bscscan.com/token/0x390a684ef9cade28a7ad0dfa61ab1eb3842618c4,https://solscan.io/account/123mYEnRLM2LLYsJW3K6oyYh8uP1fngj732iG638ondo,https://cdn.ondo.finance/tokens/logos/aaplon_40x40.svg,https://cdn.ondo.finance/tokens/logos/aaplon_160x160.png,Apple,AAPL,Common Stock,Stock,US0378331005,"AAPLon is the Ondo Tokenized version of the Apple, giving tokenholders economic exposure similar to holding AAPL and reinvesting any dividends. Ondo tokenized stocks enable non-US retail and institutional users around the world to instantly mint and redeem tokenized U.S. stocks and ETFs, 24 hours a day, five days a week with full access to traditional exchange liquidity. Additional restrictions apply. Learn more at ondo.finance/global-markets.","AAPLon is the Ondo Tokenized version of the Apple, giving tokenholders economic exposure similar to holding AAPL and reinvesting any dividends. Additional restrictions apply. Learn more at https://ondo.finance/gm."
AbbVie (Ondo Tokenized),ABBVon,abbvie-ondo-tokenized-stock,39219,0x7c7378143a9c8839e0502e2178f058f46c6ea504,0x8677abad7b458bf16a0fb2676dfc7d3f55ac202a,MFerpBVGKZh2jXN7cbJdXRXQTp6j6pbSnSZrfWrondo,https://etherscan.io/address/0x7c7378143a9c8839e0502e2178f058f46c6ea504,https://etherscan.io/token/0x7c7378143a9c8839e0502e2178f058f46c6ea504,https://bscscan.com/address/0x8677abad7b458bf16a0fb2676dfc7d3f55ac202a,https://bscscan.com/token/0x8677abad7b458bf16a0fb2676dfc7d3f55ac202a,https://solscan.io/account/MFerpBVGKZh2jXN7cbJdXRXQTp6j6pbSnSZrfWrondo,https://cdn.ondo.finance/tokens/logos/abbvon_40x40.svg,https://cdn.ondo.finance/tokens/logos/abbvon_160x160.png,AbbVie,ABBV,Common Stock,Stock,US00287Y1091,"ABBVon is the Ondo Tokenized version of AbbVie, giving tokenholders economic exposure similar to holding ABBV and reinvesting any dividends. Ondo tokenized stocks enable non-US retail and institutional users around the world to instantly mint and redeem tokenized U.S. stocks and ETFs, 24 hours a day, five days a week with full access to traditional exchange liquidity. Additional restrictions apply. Learn more at ondo.finance/global-markets.","ABBVon is the Ondo Tokenized version of AbbVie, giving tokenholders economic exposure similar to holding ABBV and reinvesting any dividends. Additional restrictions apply. Learn more at https://ondo.finance/gm."
Airbnb (Ondo Tokenized),ABNBon,airbnb-ondo-tokenized-stock,38044,0xb035c3d5083bdc80074F380aeBc9Fcb68aBa0A28,0xef80743f78d98fc2b47a2253b293152ce8b879ba,128qNYovdGv2YqayErcJgU7gDwbNVX1VuoxbtWz8ondo,https://etherscan.io/address/0xb035c3d5083bdc80074F380aeBc9Fcb68aBa0A28,https://etherscan.io/token/0xb035c3d5083bdc80074F380aeBc9Fcb68aBa0A28,https://bscscan.com/address/0xef80743f78d98fc2b47a2253b293152ce8b879ba,https://bscscan.com/token/0xef80743f78d98fc2b47a2253b293152ce8b879ba,https://solscan.io/account/128qNYovdGv2YqayErcJgU7gDwbNVX1VuoxbtWz8ondo,https://cdn.ondo.finance/tokens/logos/abnbon_40x40.svg,https://cdn.ondo.finance/tokens/logos/abnbon_160x160.png,Airbnb,ABNB,Common Stock,Stock,US0090661010,"ABNBon is the Ondo Tokenized version of Airbnb, giving tokenholders economic exposure similar to holding ABNB and reinvesting any dividends. Ondo tokenized stocks enable non-US retail and institutional users around the world to instantly mint and redeem tokenized U.S. stocks and ETFs, 24 hours a day, five days a week with full access to traditional exchange liquidity. Additional restrictions apply. Learn more at ondo.finance/global-markets.","ABNBon is the Ondo Tokenized version of Airbnb, giving tokenholders economic exposure similar to holding ABNB and reinvesting any dividends. Additional restrictions apply. Learn more at https://ondo.finance/gm."
Abbott (Ondo Tokenized),ABTon,abbott-ondo-tokenized-stock,38006,0x3859385363f7BB4Dfe42811cCF3F294FcD41dd1D,0x5a20886b575058dd7299785f0ea9b1172942a3e0,129gRoHKhVg7CvPMrqVsEB4uYZo6zV4yDZX6NBg9ondo,https://etherscan.io/address/0x3859385363f7BB4Dfe42811cCF3F294FcD41dd1D,https://etherscan.io/token/0x3859385363f7BB4Dfe42811cCF3F294FcD41dd1D,https://bscscan.com/address/0x5a20886b575058dd7299785f0ea9b1172942a3e0,https://bscscan.com/token/0x5a20886b575058dd7299785f0ea9b1172942a3e0,https://solscan.io/account/129gRoHKhVg7CvPMrqVsEB4uYZo6zV4yDZX6NBg9ondo,https://cdn.ondo.finance/tokens/logos/abton_40x40.svg,https://cdn.ondo.finance/tokens/logos/abton_160x160.png,Abbott,ABT,Common Stock,Stock,US0028241000,"ABTon is the Ondo Tokenized version of Abbott, giving tokenholders economic exposure similar to holding ABT and reinvesting any dividends. Ondo tokenized stocks enable non-US retail and institutional users around the world to instantly mint and redeem tokenized U.S. stocks and ETFs, 24 hours a day, five days a week with full access to traditional exchange liquidity. Additional restrictions apply. Learn more at ondo.finance/global-markets.","ABTon is the Ondo Tokenized version of Abbott, giving tokenholders economic exposure similar to holding ABT and reinvesting any dividends. Additional restrictions apply. Learn more at https://ondo.finance/gm."
Archer Aviation (Ondo Tokenized),ACHRon,archer-aviation-ondo-tokenized-stocks,39228,0x9cfa08002d606e638fe91941be725e1b970b84a6,0x91c62325f901ee29da8e521cfe68980332a4ca06,KcCVQxG9LhFYP5o9DWFKTFgFShPPQkDEemVbiFyondo,https://etherscan.io/address/0x9cfa08002d606e638fe91941be725e1b970b84a6,https://etherscan.io/token/0x9cfa08002d606e638fe91941be725e1b970b84a6,https://bscscan.com/address/0x91c62325f901ee29da8e521cfe68980332a4ca06,https://bscscan.com/token/0x91c62325f901ee29da8e521cfe68980332a4ca06,https://solscan.io/account/KcCVQxG9LhFYP5o9DWFKTFgFShPPQkDEemVbiFyondo,https://cdn.ondo.finance/tokens/logos/achron_40x40.svg,https://cdn.ondo.finance/tokens/logos/achron_160x160.png,Archer Aviation,ACHR,Common Stock,Stock,US03945R1023,"ACHRon is the Ondo Tokenized version of Archer Aviation, giving tokenholders economic exposure similar to holding ACHR and reinvesting any dividends. Ondo tokenized stocks enable non-US retail and institutional users around the world to instantly mint and redeem tokenized U.S. stocks and ETFs, 24 hours a day, five days a week with full access to traditional exchange liquidity. Additional restrictions apply. Learn more at ondo.finance/global-markets.","ACHRon is the Ondo Tokenized version of Archer Aviation, giving tokenholders economic exposure similar to holding ACHR and reinvesting any dividends. Additional restrictions apply. Learn more at https://ondo.finance/gm."
Accenture (Ondo Tokenized),ACNon,accenture-ondo-tokenized-stock,38064,0xAbA9Ae731Aad63335C604E5f6E6A5db2e05f549d,0x7af44d51d1fb88c5b74fc71d3cba649bb8099d14,12LxMMJYVSf4LoeqjFE47BQQNRciaH9E3nbDfjH4ondo,https://etherscan.io/address/0xAbA9Ae731Aad63335C604E5f6E6A5db2e05f549d,https://etherscan.io/token/0xAbA9Ae731Aad63335C604E5f6E6A5db2e05f549d,https://bscscan.com/address/0x7af44d51d1fb88c5b74fc71d3cba649bb8099d14,https://bscscan.com/token/0x7af44d51d1fb88c5b74fc71d3cba649bb8099d14,https://solscan.io/account/12LxMMJYVSf4LoeqjFE47BQQNRciaH9E3nbDfjH4ondo,https://cdn.ondo.finance/tokens/logos/acnon_40x40.svg,https://cdn.ondo.finance/tokens/logos/acnon_160x160.png,Accenture,ACN,Common Stock,Stock,IE00B4BNMY34,"ACNon is the Ondo Tokenized version of Accenture, giving tokenholders economic exposure similar to holding ACN and reinvesting any dividends. Ondo tokenized stocks enable non-US retail and institutional users around the world to instantly mint and redeem tokenized U.S. stocks and ETFs, 24 hours a day, five days a week with full access to traditional exchange liquidity. Additional restrictions apply. Learn more at ondo.finance/global-markets.","ACNon is the Ondo Tokenized version of Accenture, giving tokenholders economic exposure similar to holding ACN and reinvesting any dividends. Additional restrictions apply. Learn more at https://ondo.finance/gm."
Adobe (Ondo Tokenized),ADBEon,adobe-ondo-tokenized-stock,38024,0x7042a8fFc7c7049684BfBc2fcb41b72380755a43,0xcb22db0ecb6fe58b7b47db443dcfdfdfbf729cef,12Rh6JhfW4X5fKP16bbUdb4pcVCKDHFB48x8GG33ondo,https://etherscan.io/address/0x7042a8fFc7c7049684BfBc2fcb41b72380755a43,https://etherscan.io/token/0x7042a8fFc7c7049684BfBc2fcb41b72380755a43,https://bscscan.com/address/0xcb22db0ecb6fe58b7b47db443dcfdfdfbf729cef,https://bscscan.com/token/0xcb22db0ecb6fe58b7b47db443dcfdfdfbf729cef,https://solscan.io/account/12Rh6JhfW4X5fKP16bbUdb4pcVCKDHFB48x8GG33ondo,https://cdn.ondo.finance/tokens/logos/adbeon_40x40.svg,https://cdn.ondo.finance/tokens/logos/adbeon_160x160.png,Adobe,ADBE,Common Stock,Stock,US00724F1012,"ADBEon is the Ondo Tokenized version of Adobe, giving tokenholders economic exposure similar to holding ADBE and reinvesting any dividends. Ondo tokenized stocks enable non-US retail and institutional users around the world to instantly mint and redeem tokenized U.S. stocks and ETFs, 24 hours a day, five days a week with full access to traditional exchange liquidity. Additional restrictions apply. Learn more at ondo.finance/global-markets.","ADBEon is the Ondo Tokenized version of Adobe, giving tokenholders economic exposure similar to holding ADBE and reinvesting any dividends. Additional restrictions apply. Learn more at https://ondo.finance/gm."
Analog Devices (Ondo Tokenized),ADIon,analog-devices-ondo-tokenized-stocks,39230,0x2ddc2391cc89e3e716a938f089ae755174cfdf1f,0x0e246e05212dbbd78a354c072a92b4e5723b2fa0,LmTMwmZLNZszn3qpjmnbhfP12U4qWDivaEBwSBSondo,https://etherscan.io/address/0x2ddc2391cc89e3e716a938f089ae755174cfdf1f,https://etherscan.io/token/0x2ddc2391cc89e3e716a938f089ae755174cfdf1f,https://bscscan.com/address/0x0e246e05212dbbd78a354c072a92b4e5723b2fa0,https://bscscan.com/token/0x0e246e05212dbbd78a354c072a92b4e5723b2fa0,https://solscan.io/account/LmTMwmZLNZszn3qpjmnbhfP12U4qWDivaEBwSBSondo,https://cdn.ondo.finance/tokens/logos/adion_40x40.svg,https://cdn.ondo.finance/tokens/logos/adion_160x160.png,Analog Devices,ADI,Common Stock,Stock,US0326541051,"ADIon is the Ondo Tokenized version of Analog Devices, giving tokenholders economic exposure similar to holding ADI and reinvesting any dividends. Ondo tokenized stocks enable non-US retail and institutional users around the world to instantly mint and redeem tokenized U.S. stocks and ETFs, 24 hours a day, five days a week with full access to traditional exchange liquidity. Additional restrictions apply. Learn more at ondo.finance/global-markets.","ADIon is the Ondo Tokenized version of Analog Devices, giving tokenholders economic exposure similar to holding ADI and reinvesting any dividends. Additional restrictions apply. Learn more at https://ondo.finance/gm."
iShares Core US Aggregate Bond ETF (Ondo Tokenized),AGGon,ishares-core-us-aggregate-bond-etf-ondo-tokenized-etf,38072,0xfF7CF16aA2fFc463b996DB2f7B7cf0130336899D,0x08ce97f3d5cf11e577d091ab048bc5e2eae3fabb,13qTjKx53y6LKGGStiKeieGbnVx3fx1bbwopKFb3ondo,https://etherscan.io/address/0xfF7CF16aA2fFc463b996DB2f7B7cf0130336899D,https://etherscan.io/token/0xfF7CF16aA2fFc463b996DB2f7B7cf0130336899D,https://bscscan.com/address/0x08ce97f3d5cf11e577d091ab048bc5e2eae3fabb,https://bscscan.com/token/0x08ce97f3d5cf11e577d091ab048bc5e2eae3fabb,https://solscan.io/account/13qTjKx53y6LKGGStiKeieGbnVx3fx1bbwopKFb3ondo,https://cdn.ondo.finance/tokens/logos/aggon_40x40.svg,https://cdn.ondo.finance/tokens/logos/aggon_160x160.png,iShares Core US Aggregate Bond ETF,AGG,Bond ETF,ETF,US4642872265,"AGGon is the Ondo Tokenized version of the iShares Core US Aggregate Bond ETF, giving tokenholders economic exposure similar to holding AGG and reinvesting any dividends. Ondo tokenized stocks enable non-US retail and institutional users around the world to instantly mint and redeem tokenized U.S. stocks and ETFs, 24 hours a day, five days a week with full access to traditional exchange liquidity. Additional restrictions apply. Learn more at ondo.finance/global-markets.","AGGon is the Ondo Tokenized version of the iShares Core US Aggregate Bond ETF, giving tokenholders economic exposure similar to holding AGG and reinvesting any dividends. Additional restrictions apply. Learn more at https://ondo.finance/gm."
Applied Materials (Ondo Tokenized),AMATon,applied-materials-ondo-tokenized-stocks,39218,0x6be935eadc71c49c414b1175985946ee40365c67,0x5ecc352c4640f1d26bd231dbbd171f40f7d0eec6,7eRX747PSbVtGVx3qD5UFdkNM2BfTy86ikUiCMhondo,https://etherscan.io/address/0x6be935eadc71c49c414b1175985946ee40365c67,https://etherscan.io/token/0x6be935eadc71c49c414b1175985946ee40365c67,https://bscscan.com/address/0x5ecc352c4640f1d26bd231dbbd171f40f7d0eec6,https://bscscan.com/token/0x5ecc352c4640f1d26bd231dbbd171f40f7d0eec6,https://solscan.io/account/7eRX747PSbVtGVx3qD5UFdkNM2BfTy86ikUiCMhondo,https://cdn.ondo.finance/tokens/logos/amaton_40x40.svg,https://cdn.ondo.finance/tokens/logos/amaton_160x160.png,Applied Materials,AMAT,Common Stock,Stock,US0382221051,"AMATon is the Ondo Tokenized version of Applied Materials, giving tokenholders economic exposure similar to holding AMAT and reinvesting any dividends. Ondo tokenized stocks enable non-US retail and institutional users around the world to instantly mint and redeem tokenized U.S. stocks and ETFs, 24 hours a day, five days a week with full access to traditional exchange liquidity. Additional restrictions apply. Learn more at ondo.finance/global-markets.","AMATon is the Ondo Tokenized version of Applied Materials, giving tokenholders economic exposure similar to holding AMAT and reinvesting any dividends. Additional restrictions apply. Learn more at https://ondo.finance/gm."
AMC Entertainment (Ondo Tokenized),AMCon,amc-entertainment-ondo-tokenized-stocks,39232,0x592643a667633bca51cb2387c98b6de6ce549a45,0x1d7b5e06fdbe4fd33f5c64c081e32b5d539751d0,C9xNaNujcF1a5fidWAAFReFYqhLRVbyk4yPyGqzondo,https://etherscan.io/address/0x592643a667633bca51cb2387c98b6de6ce549a45,https://etherscan.io/token/0x592643a667633bca51cb2387c98b6de6ce549a45,https://bscscan.com/address/0x1d7b5e06fdbe4fd33f5c64c081e32b5d539751d0,https://bscscan.com/token/0x1d7b5e06fdbe4fd33f5c64c081e32b5d539751d0,https://solscan.io/account/C9xNaNujcF1a5fidWAAFReFYqhLRVbyk4yPyGqzondo,https://cdn.ondo.finance/tokens/logos/amcon_40x40.svg,https://cdn.ondo.finance/tokens/logos/amcon_160x160.png,AMC Entertainment,AMC,Common Stock,Stock,US00165C3025,"AMCon is the Ondo Tokenized version of AMC Entertainment, giving tokenholders economic exposure similar to holding AMC and reinvesting any dividends. Ondo tokenized stocks enable non-US retail and institutional users around the world to instantly mint and redeem tokenized U.S. stocks and ETFs, 24 hours a day, five days a week with full access to traditional exchange liquidity. Additional restrictions apply. Learn more at ondo.finance/global-markets.","AMCon is the Ondo Tokenized version of AMC Entertainment, giving tokenholders economic exposure similar to holding AMC and reinvesting any dividends. Additional restrictions apply. Learn more at https://ondo.finance/gm."
AMD (Ondo Tokenized),AMDon,amd-ondo-tokenized-stock,38027,0x0C1f3412A44Ff99E40bF14e06e5Ea321aE7B3938,0x9f16e46c73b43bdb70861247d537bee4ea18f639,14diAn5z8kjrKwSC8WLqvBqqe5YmihJhjxRxd8Z6ondo,https://etherscan.io/address/0x0C1f3412A44Ff99E40bF14e06e5Ea321aE7B3938,https://etherscan.io/token/0x0C1f3412A44Ff99E40bF14e06e5Ea321aE7B3938,https://bscscan.com/address/0x9f16e46c73b43bdb70861247d537bee4ea18f639,https://bscscan.com/token/0x9f16e46c73b43bdb70861247d537bee4ea18f639,https://solscan.io/account/14diAn5z8kjrKwSC8WLqvBqqe5YmihJhjxRxd8Z6ondo,https://cdn.ondo.finance/tokens/logos/amdon_40x40.svg,https://cdn.ondo.finance/tokens/logos/amdon_160x160.png,AMD,AMD,Common Stock,Stock,US0079031078,"AMDon is the Ondo Tokenized version of AMD, giving tokenholders economic exposure similar to holding AMD and reinvesting any dividends. Ondo tokenized stocks enable non-US retail and institutional users around the world to instantly mint and redeem tokenized U.S. stocks and ETFs, 24 hours a day, five days a week with full access to traditional exchange liquidity. Additional restrictions apply. Learn more at ondo.finance/global-markets.","AMDon is the Ondo Tokenized version of AMD, giving tokenholders economic exposure similar to holding AMD and reinvesting any dividends. Additional restrictions apply. Learn more at https://ondo.finance/gm."
Amgen (Ondo Tokenized),AMGNon,amgen-ondo-tokenized-stocks,39285,0x1c5fa55eade69ae98571059332520f73733c2d82,0xfbdf0366f800cc79d6663da26bc0bf21fb455aa6,SS6AEWhzRrxhL2cXzKKjhFt3rCzmHHGKmFyugDTondo,https://etherscan.io/address/0x1c5fa55eade69ae98571059332520f73733c2d82,https://etherscan.io/token/0x1c5fa55eade69ae98571059332520f73733c2d82,https://bscscan.com/address/0xfbdf0366f800cc79d6663da26bc0bf21fb455aa6,https://bscscan.com/token/0xfbdf0366f800cc79d6663da26bc0bf21fb455aa6,https://solscan.io/account/SS6AEWhzRrxhL2cXzKKjhFt3rCzmHHGKmFyugDTondo,https://cdn.ondo.finance/tokens/logos/amgnon_40x40.svg,https://cdn.ondo.finance/tokens/logos/amgnon_160x160.png,Amgen,AMGN,Common Stock,Stock,US0311621009,"AMGNon is the Ondo Tokenized version of Amgen, giving tokenholders economic exposure similar to holding AMGN and reinvesting any dividends. Ondo tokenized stocks enable non-US retail and institutional users around the world to instantly mint and redeem tokenized U.S. stocks and ETFs, 24 hours a day, five days a week with full access to traditional exchange liquidity. Additional restrictions apply. Learn more at ondo.finance/global-markets.","AMGNon is the Ondo Tokenized version of Amgen, giving tokenholders economic exposure similar to holding AMGN and reinvesting any dividends. Additional restrictions apply. Learn more at https://ondo.finance/gm."
Amazon (Ondo Tokenized),AMZNon,amazon-ondo-tokenized-stock,38083,0xbb8774FB97436d23d74C1b882E8E9A69322cFD31,0x4553cfe1c09f37f38b12dc509f676964e392f8fc,14Tqdo8V1FhzKsE3W2pFsZCzYPQxxupXRcqw9jv6ondo,https://etherscan.io/address/0xbb8774FB97436d23d74C1b882E8E9A69322cFD31,https://etherscan.io/token/0xbb8774FB97436d23d74C1b882E8E9A69322cFD31,https://bscscan.com/address/0x4553cfe1c09f37f38b12dc509f676964e392f8fc,https://bscscan.com/token/0x4553cfe1c09f37f38b12dc509f676964e392f8fc,https://solscan.io/account/14Tqdo8V1FhzKsE3W2pFsZCzYPQxxupXRcqw9jv6ondo,https://cdn.ondo.finance/tokens/logos/amznon_40x40.svg,https://cdn.ondo.finance/tokens/logos/amznon_160x160.png,Amazon,AMZN,Common Stock,Stock,US0231351067,"AMZNon is the Ondo Tokenized version of Amazon, giving tokenholders economic exposure similar to holding AMZN and reinvesting any dividends. Ondo tokenized stocks enable non-US retail and institutional users around the world to instantly mint and redeem tokenized U.S. stocks and ETFs, 24 hours a day, five days a week with full access to traditional exchange liquidity. Additional restrictions apply. Learn more at ondo.finance/global-markets.","AMZNon is the Ondo Tokenized version of Amazon, giving tokenholders economic exposure similar to holding AMZN and reinvesting any dividends. Additional restrictions apply. Learn more at https://ondo.finance/gm."
Arista Networks (Ondo Tokenized),ANETon,arista-networks-ondo-tokenized-stocks,39301,0x20e113e9235df6a2a9bfc6f244c2ccc380c8f546,0x538e2838f9ebc9b891399df4a8dcc42890d9dc20,Cq6QtvHpXbJWtFaiMhUDtHy8YVZ95gcD1oZ1cohondo,https://etherscan.io/address/0x20e113e9235df6a2a9bfc6f244c2ccc380c8f546,https://etherscan.io/token/0x20e113e9235df6a2a9bfc6f244c2ccc380c8f546,https://bscscan.com/address/0x538e2838f9ebc9b891399df4a8dcc42890d9dc20,https://bscscan.com/token/0x538e2838f9ebc9b891399df4a8dcc42890d9dc20,https://solscan.io/account/Cq6QtvHpXbJWtFaiMhUDtHy8YVZ95gcD1oZ1cohondo,https://cdn.ondo.finance/tokens/logos/aneton_40x40.svg,https://cdn.ondo.finance/tokens/logos/aneton_160x160.png,Arista Networks,ANET,Common Stock,Stock,US0404132054,"ANETon is the Ondo Tokenized version of Arista Networks, giving tokenholders economic exposure similar to holding ANET and reinvesting any dividends. Ondo tokenized stocks enable non-US retail and institutional users around the world to instantly mint and redeem tokenized U.S. stocks and ETFs, 24 hours a day, five days a week with full access to traditional exchange liquidity. Additional restrictions apply. Learn more at ondo.finance/global-markets.","ANETon is the Ondo Tokenized version of Arista Networks, giving tokenholders economic exposure similar to holding ANET and reinvesting any dividends. Additional restrictions apply. Learn more at https://ondo.finance/gm."
Apollo Global Management (Ondo Tokenized),APOon,apollo-global-management-ondo-tokenized-stock,38095,0x4D21aFfD27183B07335935F81A5C26b6A5A15355,0x5630b5741a33371d9d935283849a16dc808f7f3a,14VXAhoa1R74vi1ZuiQyGLJrnDMfoFBPJSCpGVz3ondo,https://etherscan.io/address/0x4D21aFfD27183B07335935F81A5C26b6A5A15355,https://etherscan.io/token/0x4D21aFfD27183B07335935F81A5C26b6A5A15355,https://bscscan.com/address/0x5630b5741a33371d9d935283849a16dc808f7f3a,https://bscscan.com/token/0x5630b5741a33371d9d935283849a16dc808f7f3a,https://solscan.io/account/14VXAhoa1R74vi1ZuiQyGLJrnDMfoFBPJSCpGVz3ondo,https://cdn.ondo.finance/tokens/logos/apoon_40x40.svg,https://cdn.ondo.finance/tokens/logos/apoon_160x160.png,Apollo Global Management,APO,Common Stock,Stock,US03768E1055,"APOon is the Ondo Tokenized version of Apollo Global Management, giving tokenholders economic exposure similar to holding APO and reinvesting any dividends. Ondo tokenized stocks enable non-US retail and institutional users around the world to instantly mint and redeem tokenized U.S. stocks and ETFs, 24 hours a day, five days a week with full access to traditional exchange liquidity. Additional restrictions apply. Learn more at ondo.finance/global-markets.","APOon is the Ondo Tokenized version of Apollo Global Management, giving tokenholders economic exposure similar to holding APO and reinvesting any dividends. Additional restrictions apply. Learn more at https://ondo.finance/gm."
AppLovin (Ondo Tokenized),APPon,applovin-ondo-tokenized-stock,38016,0xd5C5B2883735Fa9B658Dd52e2FCC8d7c0f1A42Ce,0xedb3124e96c64c177eb709cbc64f9977db40ea74,14Z8rQQe2Aza33YgEUmj3g3QGNz8DXLiFPuCnsD1ondo,https://etherscan.io/address/0xd5C5B2883735Fa9B658Dd52e2FCC8d7c0f1A42Ce,https://etherscan.io/token/0xd5C5B2883735Fa9B658Dd52e2FCC8d7c0f1A42Ce,https://bscscan.com/address/0xedb3124e96c64c177eb709cbc64f9977db40ea74,https://bscscan.com/token/0xedb3124e96c64c177eb709cbc64f9977db40ea74,https://solscan.io/account/14Z8rQQe2Aza33YgEUmj3g3QGNz8DXLiFPuCnsD1ondo,https://cdn.ondo.finance/tokens/logos/appon_40x40.svg,https://cdn.ondo.finance/tokens/logos/appon_160x160.png,AppLovin,APP,Common Stock,Stock,US03831W1080,"APPon is the Ondo Tokenized version of AppLovin, giving tokenholders economic exposure similar to holding APP and reinvesting any dividends. Ondo tokenized stocks enable non-US retail and institutional users around the world to instantly mint and redeem tokenized U.S. stocks and ETFs, 24 hours a day, five days a week with full access to traditional exchange liquidity. Additional restrictions apply. Learn more at ondo.finance/global-markets.","APPon is the Ondo Tokenized version of AppLovin, giving tokenholders economic exposure similar to holding APP and reinvesting any dividends. Additional restrictions apply. Learn more at https://ondo.finance/gm."
Arm Holdings plc (Ondo Tokenized),ARMon,arm-holdings-plc-ondo-tokenized-stock,38059,0x5Bf1b2A808598C0eF4Af1673a5457d86fE6d7B3d,0x527c6436e1eaa4f2065cde4090f798cb5d031dd6,15SsCZqCsM9fZGhTmP4rdJTPT9WGZKazDSsgeQ8ondo,https://etherscan.io/address/0x5Bf1b2A808598C0eF4Af1673a5457d86fE6d7B3d,https://etherscan.io/token/0x5Bf1b2A808598C0eF4Af1673a5457d86fE6d7B3d,https://bscscan.com/address/0x527c6436e1eaa4f2065cde4090f798cb5d031dd6,https://bscscan.com/token/0x527c6436e1eaa4f2065cde4090f798cb5d031dd6,https://solscan.io/account/15SsCZqCsM9fZGhTmP4rdJTPT9WGZKazDSsgeQ8ondo,https://cdn.ondo.finance/tokens/logos/armon_40x40.svg,https://cdn.ondo.finance/tokens/logos/armon_160x160.png,Arm Holdings plc,ARM,ADR,Stock,US0420682058,"ARMon is the Ondo Tokenized version of Arm Holdings plc, giving tokenholders economic exposure similar to holding ARM and reinvesting any dividends. Ondo tokenized stocks enable non-US retail and institutional users around the world to instantly mint and redeem tokenized U.S. stocks and ETFs, 24 hours a day, five days a week with full access to traditional exchange liquidity. Additional restrictions apply. Learn more at ondo.finance/global-markets.","ARMon is the Ondo Tokenized version of Arm Holdings plc, giving tokenholders economic exposure similar to holding ARM and reinvesting any dividends. Additional restrictions apply. Learn more at https://ondo.finance/gm."
ASML Holding NV (Ondo Tokenized),ASMLon,asml-holding-nv-ondo-tokenized-stock,38050,0xE51bA774ebF6392c45Bf1d9E6b334d07992460d3,0xb034f6cb52b7f2fd5a7eeeffca6b9adcd6b9a6f6,1eLZPRsn8bAKmoxsqDMH9Q2m2k7GMNp6RLSQGm8ondo,https://etherscan.io/address/0xE51bA774ebF6392c45Bf1d9E6b334d07992460d3,https://etherscan.io/token/0xE51bA774ebF6392c45Bf1d9E6b334d07992460d3,https://bscscan.com/address/0xb034f6cb52b7f2fd5a7eeeffca6b9adcd6b9a6f6,https://bscscan.com/token/0xb034f6cb52b7f2fd5a7eeeffca6b9adcd6b9a6f6,https://solscan.io/account/1eLZPRsn8bAKmoxsqDMH9Q2m2k7GMNp6RLSQGm8ondo,https://cdn.ondo.finance/tokens/logos/asmlon_40x40.svg,https://cdn.ondo.finance/tokens/logos/asmlon_160x160.png,ASML Holding NV,ASML,ADR,Stock,NL0010273215,"ASMLon is the Ondo Tokenized version of ASML Holding NV, giving tokenholders economic exposure similar to holding ASML and reinvesting any dividends. Ondo tokenized stocks enable non-US retail and institutional users around the world to instantly mint and redeem tokenized U.S. stocks and ETFs, 24 hours a day, five days a week with full access to traditional exchange liquidity. Additional restrictions apply. Learn more at ondo.finance/global-markets.","ASMLon is the Ondo Tokenized version of ASML Holding NV, giving tokenholders economic exposure similar to holding ASML and reinvesting any dividends. Additional restrictions apply. Learn more at https://ondo.finance/gm."
Broadcom (Ondo Tokenized),AVGOon,broadcom-ondo-tokenized-stock,38062,0x0d54D4279B9E8c54cD8547c2C75A8Ee81A0BcaE8,0x0ed2e3180edf393e6bf8db124bd15ddd54de150a,1FWZtdWN7y38BSXGzbs8D6Shk88oL9atDNgbVz9ondo,https://etherscan.io/address/0x0d54D4279B9E8c54cD8547c2C75A8Ee81A0BcaE8,https://etherscan.io/token/0x0d54D4279B9E8c54cD8547c2C75A8Ee81A0BcaE8,https://bscscan.com/address/0x0ed2e3180edf393e6bf8db124bd15ddd54de150a,https://bscscan.com/token/0x0ed2e3180edf393e6bf8db124bd15ddd54de150a,https://solscan.io/account/1FWZtdWN7y38BSXGzbs8D6Shk88oL9atDNgbVz9ondo,https://cdn.ondo.finance/tokens/logos/avgoon_40x40.svg,https://cdn.ondo.finance/tokens/logos/avgoon_160x160.png,Broadcom,AVGO,Common Stock,Stock,US11135F1012,"AVGOon is the Ondo Tokenized version of Broadcom, giving tokenholders economic exposure similar to holding AVGO and reinvesting any dividends. Ondo tokenized stocks enable non-US retail and institutional users around the world to instantly mint and redeem tokenized U.S. stocks and ETFs, 24 hours a day, five days a week with full access to traditional exchange liquidity. Additional restrictions apply. Learn more at ondo.finance/global-markets.","AVGOon is the Ondo Tokenized version of Broadcom, giving tokenholders economic exposure similar to holding AVGO and reinvesting any dividends. Additional restrictions apply. Learn more at https://ondo.finance/gm."
American Express (Ondo Tokenized),AXPon,american-express-ondo-tokenized-stock,38077,0x2Bc7Ff0C5dA9F1a4A51F96e77C5b0F7165DC06d2,0xd803f8777187d6dee1ea57854aeb957043fb1675,1WxT6NdK7uqpfXuKpALxL2n3f7Rq61XXeHA8UM4ondo,https://etherscan.io/address/0x2Bc7Ff0C5dA9F1a4A51F96e77C5b0F7165DC06d2,https://etherscan.io/token/0x2Bc7Ff0C5dA9F1a4A51F96e77C5b0F7165DC06d2,https://bscscan.com/address/0xd803f8777187d6dee1ea57854aeb957043fb1675,https://bscscan.com/token/0xd803f8777187d6dee1ea57854aeb957043fb1675,https://solscan.io/account/1WxT6NdK7uqpfXuKpALxL2n3f7Rq61XXeHA8UM4ondo,https://cdn.ondo.finance/tokens/logos/axpon_40x40.svg,https://cdn.ondo.finance/tokens/logos/axpon_160x160.png,American Express,AXP,Common Stock,Stock,US0258161092,"AXPon is the Ondo Tokenized version of American Express, giving tokenholders economic exposure similar to holding AXP and reinvesting any dividends. Ondo tokenized stocks enable non-US retail and institutional users around the world to instantly mint and redeem tokenized U.S. stocks and ETFs, 24 hours a day, five days a week with full access to traditional exchange liquidity. Additional restrictions apply. Learn more at ondo.finance/global-markets.","AXPon is the Ondo Tokenized version of American Express, giving tokenholders economic exposure similar to holding AXP and reinvesting any dividends. Additional restrictions apply. Learn more at https://ondo.finance/gm."
Alibaba (Ondo Tokenized),BABAon,alibaba-ondo-tokenized-stock,38076,0x41765F0FCddC276309195166C7A62AE522FA09ef,0xd5964f3fcee8d649995ab88f04b8982539c282d2,1zvb9ELBFShBCWKEk5jRTJAaPAwtVt7quEXx1X4ondo,https://etherscan.io/address/0x41765F0FCddC276309195166C7A62AE522FA09ef,https://etherscan.io/token/0x41765F0FCddC276309195166C7A62AE522FA09ef,https://bscscan.com/address/0xd5964f3fcee8d649995ab88f04b8982539c282d2,https://bscscan.com/token/0xd5964f3fcee8d649995ab88f04b8982539c282d2,https://solscan.io/account/1zvb9ELBFShBCWKEk5jRTJAaPAwtVt7quEXx1X4ondo,https://cdn.ondo.finance/tokens/logos/babaon_40x40.svg,https://cdn.ondo.finance/tokens/logos/babaon_160x160.png,Alibaba,BABA,ADR,Stock,US0970231058,"BABAon is the Ondo Tokenized version of Alibaba, giving tokenholders economic exposure similar to holding BABA and reinvesting any dividends. Ondo tokenized stocks enable non-US retail and institutional users around the world to instantly mint and redeem tokenized U.S. stocks and ETFs, 24 hours a day, five days a week with full access to traditional exchange liquidity. Additional restrictions apply. Learn more at ondo.finance/global-markets.","BABAon is the Ondo Tokenized version of Alibaba, giving tokenholders economic exposure similar to holding BABA and reinvesting any dividends. Additional restrictions apply. Learn more at https://ondo.finance/gm."
Bank of America (Ondo Tokenized),BACon,bank-of-america-ondo-tokenized-stocks,39252,0x576e9ca70e3a040c00d8139b0665a2b7b7b64844,0xd615468088b19fb9d4f03cb3ce9e33876ff3db99,Wk8gC6iTNp8dqd4ghkJ3h1giiUnyhykwHh7tYWjondo,https://etherscan.io/address/0x576e9ca70e3a040c00d8139b0665a2b7b7b64844,https://etherscan.io/token/0x576e9ca70e3a040c00d8139b0665a2b7b7b64844,https://bscscan.com/address/0xd615468088b19fb9d4f03cb3ce9e33876ff3db99,https://bscscan.com/token/0xd615468088b19fb9d4f03cb3ce9e33876ff3db99,https://solscan.io/account/Wk8gC6iTNp8dqd4ghkJ3h1giiUnyhykwHh7tYWjondo,https://cdn.ondo.finance/tokens/logos/bacon_40x40.svg,https://cdn.ondo.finance/tokens/logos/bacon_160x160.png,Bank of America,BAC,Common Stock,Stock,US01609W1027,"BACon is the Ondo Tokenized version of Bank of America, giving tokenholders economic exposure similar to holding BAC and reinvesting any dividends. Ondo tokenized stocks enable non-US retail and institutional users around the world to instantly mint and redeem tokenized U.S. stocks and ETFs, 24 hours a day, five days a week with full access to traditional exchange liquidity. Additional restrictions apply. Learn more at ondo.finance/global-markets.","BACon is the Ondo Tokenized version of Bank of America, giving tokenholders economic exposure similar to holding BAC and reinvesting any dividends. Additional restrictions apply. Learn more at https://ondo.finance/gm."
Boeing (Ondo Tokenized),BAon,boeing-ondo-tokenized-stock,38091,0x57270D35A840BC5C094da6FBeCA033FB71eA6Ab0,0xf21132a811ad1a878e21af60f64d4e690c9daa42,1YVZ4LGpq8CAhpdpm3mgy7GgPb83gJczCpxLUQ3ondo,https://etherscan.io/address/0x57270D35A840BC5C094da6FBeCA033FB71eA6Ab0,https://etherscan.io/token/0x57270D35A840BC5C094da6FBeCA033FB71eA6Ab0,https://bscscan.com/address/0xf21132a811ad1a878e21af60f64d4e690c9daa42,https://bscscan.com/token/0xf21132a811ad1a878e21af60f64d4e690c9daa42,https://solscan.io/account/1YVZ4LGpq8CAhpdpm3mgy7GgPb83gJczCpxLUQ3ondo,https://cdn.ondo.finance/tokens/logos/baon_40x40.svg,https://cdn.ondo.finance/tokens/logos/baon_160x160.png,Boeing,BA,Common Stock,Stock,US0605051046,"BAon is the Ondo Tokenized version of Boeing, giving tokenholders economic exposure similar to holding BA and reinvesting any dividends. Ondo tokenized stocks enable non-US retail and institutional users around the world to instantly mint and redeem tokenized U.S. stocks and ETFs, 24 hours a day, five days a week with full access to traditional exchange liquidity. Additional restrictions apply. Learn more at ondo.finance/global-markets.","BAon is the Ondo Tokenized version of Boeing, giving tokenholders economic exposure similar to holding BA and reinvesting any dividends. Additional restrictions apply. Learn more at https://ondo.finance/gm."
BigBear.ai Holdings (Ondo Tokenized),BBAIon,bigbear-ai-holdings-ondo-tokenized-stocks,39225,0x1b8d3e59b31981385c066ee0916ec964628ff1f9,0x7ba995f1662a01f3be0dc299ce94bb7e9c7075f5,YXE7mph6XhsgnyezkMEcTuohSuWhbLWfwx2Hh6mondo,https://etherscan.io/address/0x1b8d3e59b31981385c066ee0916ec964628ff1f9,https://etherscan.io/token/0x1b8d3e59b31981385c066ee0916ec964628ff1f9,https://bscscan.com/address/0x7ba995f1662a01f3be0dc299ce94bb7e9c7075f5,https://bscscan.com/token/0x7ba995f1662a01f3be0dc299ce94bb7e9c7075f5,https://solscan.io/account/YXE7mph6XhsgnyezkMEcTuohSuWhbLWfwx2Hh6mondo,https://cdn.ondo.finance/tokens/logos/bbaion_40x40.svg,https://cdn.ondo.finance/tokens/logos/bbaion_160x160.png,BigBear.ai Holdings,BBAI,Common Stock,Stock,US08975B1098,"BBAIon is the Ondo Tokenized version of BigBear.ai Holdings, giving tokenholders economic exposure similar to holding BBAI and reinvesting any dividends. Ondo tokenized stocks enable non-US retail and institutional users around the world to instantly mint and redeem tokenized U.S. stocks and ETFs, 24 hours a day, five days a week with full access to traditional exchange liquidity. Additional restrictions apply. Learn more at ondo.finance/global-markets.","BBAIon is the Ondo Tokenized version of BigBear.ai Holdings, giving tokenholders economic exposure similar to holding BBAI and reinvesting any dividends. Additional restrictions apply. Learn more at https://ondo.finance/gm."
Baidu (Ondo Tokenized),BIDUon,baidu-ondo-tokenized-stock,38071,0x9d4C6AD12B55E4645b585209F90Cc26614061E91,0x467e59ce5d5fe01686d4a80dd1e1dae13549aa6c,54CoRF2FYMZNJg9tS36xq5BUcLZ7rju1r59jGc2ondo,https://etherscan.io/address/0x9d4C6AD12B55E4645b585209F90Cc26614061E91,https://etherscan.io/token/0x9d4C6AD12B55E4645b585209F90Cc26614061E91,https://bscscan.com/address/0x467e59ce5d5fe01686d4a80dd1e1dae13549aa6c,https://bscscan.com/token/0x467e59ce5d5fe01686d4a80dd1e1dae13549aa6c,https://solscan.io/account/54CoRF2FYMZNJg9tS36xq5BUcLZ7rju1r59jGc2ondo,https://cdn.ondo.finance/tokens/logos/biduon_40x40.svg,https://cdn.ondo.finance/tokens/logos/biduon_160x160.png,Baidu,BIDU,ADR,Stock,US0567521085,"BIDUon is the Ondo Tokenized version of Baidu, giving tokenholders economic exposure similar to holding BIDU and reinvesting any dividends. Ondo tokenized stocks enable non-US retail and institutional users around the world to instantly mint and redeem tokenized U.S. stocks and ETFs, 24 hours a day, five days a week with full access to traditional exchange liquidity. Additional restrictions apply. Learn more at ondo.finance/global-markets.","BIDUon is the Ondo Tokenized version of Baidu, giving tokenholders economic exposure similar to holding BIDU and reinvesting any dividends. Additional restrictions apply. Learn more at https://ondo.finance/gm."
Bilibili (Ondo Tokenized),BILIon,bilibili-ondo-tokenized-stocks,39227,0x7e08ce07aca80cefe61ebbfa0cedfe5c7b07edb9,0x91fc7371d6de682a1e8cfcb4eb7da693312a03a4,14kLsQVmc64qZexYuR4XGop9y8BeMkd77pJUm1Rhondo,https://etherscan.io/address/0x7e08ce07aca80cefe61ebbfa0cedfe5c7b07edb9,https://etherscan.io/token/0x7e08ce07aca80cefe61ebbfa0cedfe5c7b07edb9,https://bscscan.com/address/0x91fc7371d6de682a1e8cfcb4eb7da693312a03a4,https://bscscan.com/token/0x91fc7371d6de682a1e8cfcb4eb7da693312a03a4,https://solscan.io/account/14kLsQVmc64qZexYuR4XGop9y8BeMkd77pJUm1Rhondo,https://cdn.ondo.finance/tokens/logos/bilion_40x40.svg,https://cdn.ondo.finance/tokens/logos/bilion_160x160.png,Bilibili,BILI,ADR,Stock,US0900401060,"BILIon is the Ondo Tokenized version of Bilibili, giving tokenholders economic exposure similar to holding BILI and reinvesting any dividends. Ondo tokenized stocks enable non-US retail and institutional users around the world to instantly mint and redeem tokenized U.S. stocks and ETFs, 24 hours a day, five days a week with full access to traditional exchange liquidity. Additional restrictions apply. Learn more at ondo.finance/global-markets.","BILIon is the Ondo Tokenized version of Bilibili, giving tokenholders economic exposure similar to holding BILI and reinvesting any dividends. Additional restrictions apply. Learn more at https://ondo.finance/gm."
iShares Flexible Income Active ETF (Ondo Tokenized),BINCon,ishares-flexible-income-active-etf-ondo-tokenized-etf,39269,0x88703c1e71f44a2d329c99e8e112f7a4e7dd6312,0x940f442746d9ae699e63c378d52c4494ea02684f,mhZ69E1vDnAsQJXAwarLYSX5tmgeMajXBJ2rXAcondo,https://etherscan.io/address/0x88703c1e71f44a2d329c99e8e112f7a4e7dd6312,https://etherscan.io/token/0x88703c1e71f44a2d329c99e8e112f7a4e7dd6312,https://bscscan.com/address/0x940f442746d9ae699e63c378d52c4494ea02684f,https://bscscan.com/token/0x940f442746d9ae699e63c378d52c4494ea02684f,https://solscan.io/account/mhZ69E1vDnAsQJXAwarLYSX5tmgeMajXBJ2rXAcondo,https://cdn.ondo.finance/tokens/logos/bincon_40x40.svg,https://cdn.ondo.finance/tokens/logos/bincon_160x160.png,iShares Flexible Income Active ETF,BINC,Bond ETF,ETF,US0925286033,"BINCon is the Ondo Tokenized version of the iShares Flexible Income Active ETF, giving tokenholders economic exposure similar to holding BINC and reinvesting any dividends. Ondo tokenized stocks enable non-US retail and institutional users around the world to instantly mint and redeem tokenized U.S. stocks and ETFs, 24 hours a day, five days a week with full access to traditional exchange liquidity. Additional restrictions apply. Learn more at ondo.finance/global-markets.","BINCon is the Ondo Tokenized version of the iShares Flexible Income Active ETF, giving tokenholders economic exposure similar to holding BINC and reinvesting any dividends. Additional restrictions apply. Learn more at https://ondo.finance/gm."
"Blackrock, Inc. (Ondo Tokenized)",BLKon,blackrock-inc-ondo-tokenized-stock,38030,0x7a0F89c1606f71499950AA2590d547c3975B728E,0x24f5471183ea549987f245d6ce236b6108869c92,5H1VpMzRuoNtRbPTRCz35ETtEUtnkt8hJuQb9v7ondo,https://etherscan.io/address/0x7a0F89c1606f71499950AA2590d547c3975B728E,https://etherscan.io/token/0x7a0F89c1606f71499950AA2590d547c3975B728E,https://bscscan.com/address/0x24f5471183ea549987f245d6ce236b6108869c92,https://bscscan.com/token/0x24f5471183ea549987f245d6ce236b6108869c92,https://solscan.io/account/5H1VpMzRuoNtRbPTRCz35ETtEUtnkt8hJuQb9v7ondo,https://cdn.ondo.finance/tokens/logos/blkon_40x40.svg,https://cdn.ondo.finance/tokens/logos/blkon_160x160.png,"Blackrock, Inc.",BLK,Common Stock,Stock,US09247X1019,"BLKon is the Ondo Tokenized version of Blackrock, Inc., giving tokenholders economic exposure similar to holding BLK and reinvesting any dividends. Ondo tokenized stocks enable non-US retail and institutional users around the world to instantly mint and redeem tokenized U.S. stocks and ETFs, 24 hours a day, five days a week with full access to traditional exchange liquidity. Additional restrictions apply. Learn more at ondo.finance/global-markets.","BLKon is the Ondo Tokenized version of Blackrock, Inc., giving tokenholders economic exposure similar to holding BLK and reinvesting any dividends. Additional restrictions apply. Learn more at https://ondo.finance/gm."
Bullish (Ondo Tokenized),BLSHon,bullish-ondo-tokenized-stocks,39236,0x334ccd8df4013bac99af8c5c61d3605b315302a0,0xfbe22d27b6e153244882fd7bdfe7c6109918281b,A9PFmw9Hu8zzxDUoU351pio1E1XWBWBfWnjT9qoondo,https://etherscan.io/address/0x334ccd8df4013bac99af8c5c61d3605b315302a0,https://etherscan.io/token/0x334ccd8df4013bac99af8c5c61d3605b315302a0,https://bscscan.com/address/0xfbe22d27b6e153244882fd7bdfe7c6109918281b,https://bscscan.com/token/0xfbe22d27b6e153244882fd7bdfe7c6109918281b,https://solscan.io/account/A9PFmw9Hu8zzxDUoU351pio1E1XWBWBfWnjT9qoondo,https://cdn.ondo.finance/tokens/logos/blshon_40x40.svg,https://cdn.ondo.finance/tokens/logos/blshon_160x160.png,Bullish,BLSH,Common Stock,Stock,KYG169101204,"BLSHon is the Ondo Tokenized version of Bullish, giving tokenholders economic exposure similar to holding BLSH and reinvesting any dividends. Ondo tokenized stocks enable non-US retail and institutional users around the world to instantly mint and redeem tokenized U.S. stocks and ETFs, 24 hours a day, five days a week with full access to traditional exchange liquidity. Additional restrictions apply. Learn more at ondo.finance/global-markets.","BLSHon is the Ondo Tokenized version of Bullish, giving tokenholders economic exposure similar to holding BLSH and reinvesting any dividends. Additional restrictions apply. Learn more at https://ondo.finance/gm."
BitMine Immersion Technologies (Ondo Tokenized),BMNRon,bitmine-immersion-technologies-ondo-tokenized-stocks,39224,0x33483a58079b4225b10e57958ca28ad7b9cdbaf7,0x52ad57a7ea642e99a892afc79e937b383f1b59e9,MYXqkDYbzr7vjXAz2BapR4AiYRXzoikGirrLoRzondo,https://etherscan.io/address/0x33483a58079b4225b10e57958ca28ad7b9cdbaf7,https://etherscan.io/token/0x33483a58079b4225b10e57958ca28ad7b9cdbaf7,https://bscscan.com/address/0x52ad57a7ea642e99a892afc79e937b383f1b59e9,https://bscscan.com/token/0x52ad57a7ea642e99a892afc79e937b383f1b59e9,https://solscan.io/account/MYXqkDYbzr7vjXAz2BapR4AiYRXzoikGirrLoRzondo,https://cdn.ondo.finance/tokens/logos/bmnron_40x40.svg,https://cdn.ondo.finance/tokens/logos/bmnron_160x160.png,BitMine Immersion Technologies,BMNR,Common Stock,Stock,US09175A2069,"BMNRon is the Ondo Tokenized version of BitMine Immersion Technologies, giving tokenholders economic exposure similar to holding BMNR and reinvesting any dividends. Ondo tokenized stocks enable non-US retail and institutional users around the world to instantly mint and redeem tokenized U.S. stocks and ETFs, 24 hours a day, five days a week with full access to traditional exchange liquidity. Additional restrictions apply. Learn more at ondo.finance/global-markets.","BMNRon is the Ondo Tokenized version of BitMine Immersion Technologies, giving tokenholders economic exposure similar to holding BMNR and reinvesting any dividends. Additional restrictions apply. Learn more at https://ondo.finance/gm."
B2Gold (Ondo Tokenized),BTGon,b2gold-ondo-tokenized-stocks,39297,0x8ac6ad49b3344024834f373f3ca491f22ceb952e,0xe2ac868f2fd097086d83bc939248e5ae08d35da4,cBnVXDyZgaaLZM18wAmqsUKnRUFAEJWbq6VuUoaondo,https://etherscan.io/address/0x8ac6ad49b3344024834f373f3ca491f22ceb952e,https://etherscan.io/token/0x8ac6ad49b3344024834f373f3ca491f22ceb952e,https://bscscan.com/address/0xe2ac868f2fd097086d83bc939248e5ae08d35da4,https://bscscan.com/token/0xe2ac868f2fd097086d83bc939248e5ae08d35da4,https://solscan.io/account/cBnVXDyZgaaLZM18wAmqsUKnRUFAEJWbq6VuUoaondo,https://cdn.ondo.finance/tokens/logos/btgon_40x40.svg,https://cdn.ondo.finance/tokens/logos/btgon_160x160.png,B2Gold,BTG,Common Stock,Stock,CA11777Q2099,"BTGon is the Ondo Tokenized version of B2Gold, giving tokenholders economic exposure similar to holding BTG and reinvesting any dividends. Ondo tokenized stocks enable non-US retail and institutional users around the world to instantly mint and redeem tokenized U.S. stocks and ETFs, 24 hours a day, five days a week with full access to traditional exchange liquidity. Additional restrictions apply. Learn more at ondo.finance/global-markets.","BTGon is the Ondo Tokenized version of B2Gold, giving tokenholders economic exposure similar to holding BTG and reinvesting any dividends. Additional restrictions apply. Learn more at https://ondo.finance/gm."
BitGo Holdings (Ondo Tokenized),BTGOon,bitgo-holdings-ondo-tokenized-stock,39411,0x510Dd21055188Eda378714DE3bb5591Ffa0CC468,0x5fA699c0c1319b8D86489AF77dFDe4Fa97B47DF8,bgJWGuQxyoyFeXwzYZKBmoujVdatGFYPNFnv1a6ondo,https://etherscan.io/address/0x510Dd21055188Eda378714DE3bb5591Ffa0CC468,https://etherscan.io/token/0x510Dd21055188Eda378714DE3bb5591Ffa0CC468,https://bscscan.com/address/0x5fA699c0c1319b8D86489AF77dFDe4Fa97B47DF8,https://bscscan.com/token/0x5fA699c0c1319b8D86489AF77dFDe4Fa97B47DF8,https://solscan.io/account/bgJWGuQxyoyFeXwzYZKBmoujVdatGFYPNFnv1a6ondo,https://cdn.ondo.finance/tokens/logos/btgoon_40x40.svg,https://cdn.ondo.finance/tokens/logos/btgoon_160x160.png,BitGo Holdings,BTGO,Common Stock,Stock,US0919471013,"BTGOon is the Ondo Tokenized version of BitGo Holdings, giving tokenholders economic exposure similar to holding BTGO and reinvesting any dividends. Ondo tokenized stocks enable non-US retail and institutional users around the world to instantly mint and redeem tokenized U.S. stocks and ETFs, 24 hours a day, five days a week with full access to traditional exchange liquidity. Additional restrictions apply. Learn more at ondo.finance/global-markets.","BTGOon is the Ondo Tokenized version of BitGo Holdings, giving tokenholders economic exposure similar to holding BTGO and reinvesting any dividends. Additional restrictions apply. Learn more at https://ondo.finance/gm."
Kanzhun (Ondo Tokenized),BZon,kanzhun-ondo-tokenized-stock,39234,0x858e985126543b5a066c4e8a5dab0249c1d683f7,0xc2c7fcddc37f6737ca2481ebda6b81ee279fe20c,doPqjCxi6UkANkvMz5fSuYGEo5PGppVpTZMeB5vondo,https://etherscan.io/address/0x858e985126543b5a066c4e8a5dab0249c1d683f7,https://etherscan.io/token/0x858e985126543b5a066c4e8a5dab0249c1d683f7,https://bscscan.com/address/0xc2c7fcddc37f6737ca2481ebda6b81ee279fe20c,https://bscscan.com/token/0xc2c7fcddc37f6737ca2481ebda6b81ee279fe20c,https://solscan.io/account/doPqjCxi6UkANkvMz5fSuYGEo5PGppVpTZMeB5vondo,https://cdn.ondo.finance/tokens/logos/bzon_40x40.svg,https://cdn.ondo.finance/tokens/logos/bzon_160x160.png,Kanzhun,BZ,Common Stock,Stock,US48553T1060,"BZon is the Ondo Tokenized version of Kanzhun, giving tokenholders economic exposure similar to holding BZ and reinvesting any dividends. Ondo tokenized stocks enable non-US retail and institutional users around the world to instantly mint and redeem tokenized U.S. stocks and ETFs, 24 hours a day, five days a week with full access to traditional exchange liquidity. Additional restrictions apply. Learn more at ondo.finance/global-markets.","BZon is the Ondo Tokenized version of Kanzhun, giving tokenholders economic exposure similar to holding BZ and reinvesting any dividends. Additional restrictions apply. Learn more at https://ondo.finance/gm."
Caterpillar (Ondo Tokenized),CATon,caterpillar-ondo-tokenized-stock,39235,0xf719b02079e0faa5450392da2d3e11a1e5b0eadb,0x274b0cb6db9473245a31cdea9b789786f4108e4b,AErxJJxGbc9cZzZoZepN62BNfg5RXns8tmEc3Zpondo,https://etherscan.io/address/0xf719b02079e0faa5450392da2d3e11a1e5b0eadb,https://etherscan.io/token/0xf719b02079e0faa5450392da2d3e11a1e5b0eadb,https://bscscan.com/address/0x274b0cb6db9473245a31cdea9b789786f4108e4b,https://bscscan.com/token/0x274b0cb6db9473245a31cdea9b789786f4108e4b,https://solscan.io/account/AErxJJxGbc9cZzZoZepN62BNfg5RXns8tmEc3Zpondo,https://cdn.ondo.finance/tokens/logos/caton_40x40.svg,https://cdn.ondo.finance/tokens/logos/caton_160x160.png,Caterpillar,CAT,Common Stock,Stock,US1729674242,"CATon is the Ondo Tokenized version of Caterpillar, giving tokenholders economic exposure similar to holding CAT and reinvesting any dividends. Ondo tokenized stocks enable non-US retail and institutional users around the world to instantly mint and redeem tokenized U.S. stocks and ETFs, 24 hours a day, five days a week with full access to traditional exchange liquidity. Additional restrictions apply. Learn more at ondo.finance/global-markets.","CATon is the Ondo Tokenized version of Caterpillar, giving tokenholders economic exposure similar to holding CAT and reinvesting any dividends. Additional restrictions apply. Learn more at https://ondo.finance/gm."
Constellation Energy (Ondo Tokenized),CEGon,constellation-energy-ondo-tokenized-stock,39253,0x060505527c83e8bfeb9b4ff08248b82e688800f1,0x65d84f0990b7394209d591380c2952c83d778aa3,7NWHifsBnn9DimUeNnsHdEXkTZhXmJTiXxcCngBondo,https://etherscan.io/address/0x060505527c83e8bfeb9b4ff08248b82e688800f1,https://etherscan.io/token/0x060505527c83e8bfeb9b4ff08248b82e688800f1,https://bscscan.com/address/0x65d84f0990b7394209d591380c2952c83d778aa3,https://bscscan.com/token/0x65d84f0990b7394209d591380c2952c83d778aa3,https://solscan.io/account/7NWHifsBnn9DimUeNnsHdEXkTZhXmJTiXxcCngBondo,https://cdn.ondo.finance/tokens/logos/cegon_40x40.svg,https://cdn.ondo.finance/tokens/logos/cegon_160x160.png,Constellation Energy,CEG,Common Stock,Stock,US1491231015,"CEGon is the Ondo Tokenized version of Constellation Energy, giving tokenholders economic exposure similar to holding CEG and reinvesting any dividends. Ondo tokenized stocks enable non-US retail and institutional users around the world to instantly mint and redeem tokenized U.S. stocks and ETFs, 24 hours a day, five days a week with full access to traditional exchange liquidity. Additional restrictions apply. Learn more at ondo.finance/global-markets.","CEGon is the Ondo Tokenized version of Constellation Energy, giving tokenholders economic exposure similar to holding CEG and reinvesting any dividends. Additional restrictions apply. Learn more at https://ondo.finance/gm."
Cipher Mining (Ondo Tokenized),CIFRon,cipher-mining-ondo-tokenized-stock,39298,0x24e5bc45d5b6cef6f38989ac33df587a3fc850cf,0xdad07d0ca26ed4109bc00893dbee3ed4ce8ce2a4,WNZBSkNBNP3Ct1pcFn6Fu4sZQFhnu48EsM9voCEondo,https://etherscan.io/address/0x24e5bc45d5b6cef6f38989ac33df587a3fc850cf,https://etherscan.io/token/0x24e5bc45d5b6cef6f38989ac33df587a3fc850cf,https://bscscan.com/address/0xdad07d0ca26ed4109bc00893dbee3ed4ce8ce2a4,https://bscscan.com/token/0xdad07d0ca26ed4109bc00893dbee3ed4ce8ce2a4,https://solscan.io/account/WNZBSkNBNP3Ct1pcFn6Fu4sZQFhnu48EsM9voCEondo,https://cdn.ondo.finance/tokens/logos/cifron_40x40.svg,https://cdn.ondo.finance/tokens/logos/cifron_160x160.png,Cipher Mining,CIFR,Common Stock,Stock,US21037T1097,"CIFRon is the Ondo Tokenized version of Cipher Mining, giving tokenholders economic exposure similar to holding CIFR and reinvesting any dividends. Ondo tokenized stocks enable non-US retail and institutional users around the world to instantly mint and redeem tokenized U.S. stocks and ETFs, 24 hours a day, five days a week with full access to traditional exchange liquidity. Additional restrictions apply. Learn more at ondo.finance/global-markets.","CIFRon is the Ondo Tokenized version of Cipher Mining, giving tokenholders economic exposure similar to holding CIFR and reinvesting any dividends. Additional restrictions apply. Learn more at https://ondo.finance/gm."
iShares AAA CLO Active ETF (Ondo Tokenized),CLOAon,ishares-aaa-clo-active-etf-ondo-tokenized-stock,39263,0x8cefd49b703de9c0486d9bf6cb559f0895268ee8,0x4ef383f521e803863a33fca8f3f861e53ef9ef9b,t71FyTYHVkPAb5g48adDHmkVxXYbUuP2eq6jDZLondo,https://etherscan.io/address/0x8cefd49b703de9c0486d9bf6cb559f0895268ee8,https://etherscan.io/token/0x8cefd49b703de9c0486d9bf6cb559f0895268ee8,https://bscscan.com/address/0x4ef383f521e803863a33fca8f3f861e53ef9ef9b,https://bscscan.com/token/0x4ef383f521e803863a33fca8f3f861e53ef9ef9b,https://solscan.io/account/t71FyTYHVkPAb5g48adDHmkVxXYbUuP2eq6jDZLondo,https://cdn.ondo.finance/tokens/logos/cloaon_40x40.svg,https://cdn.ondo.finance/tokens/logos/cloaon_160x160.png,iShares AAA CLO Active ETF,CLOA,Bond ETF,ETF,US17253J1060,"CLOAon is the Ondo Tokenized version of the iShares AAA CLO Active ETF, giving tokenholders economic exposure similar to holding CLOA and reinvesting any dividends. Ondo tokenized stocks enable non-US retail and institutional users around the world to instantly mint and redeem tokenized U.S. stocks and ETFs, 24 hours a day, five days a week with full access to traditional exchange liquidity. Additional restrictions apply. Learn more at ondo.finance/global-markets.","CLOAon is the Ondo Tokenized version of the iShares AAA CLO Active ETF, giving tokenholders economic exposure similar to holding CLOA and reinvesting any dividends. Additional restrictions apply. Learn more at https://ondo.finance/gm."
VanEck CLO ETF (Ondo Tokenized),CLOIon,vaneck-clo-etf-ondo-tokenized-stock,39264,0xe8b09e8175aecb35a171fa059647434fe47f114c,0xd7e3317d54473dab04135fb0676623f237ff5ca9,ucQ3VfWAx9pkCN4Kg84zE56FtB4FJN2kQH4ArYYondo,https://etherscan.io/address/0xe8b09e8175aecb35a171fa059647434fe47f114c,https://etherscan.io/token/0xe8b09e8175aecb35a171fa059647434fe47f114c,https://bscscan.com/address/0xd7e3317d54473dab04135fb0676623f237ff5ca9,https://bscscan.com/token/0xd7e3317d54473dab04135fb0676623f237ff5ca9,https://solscan.io/account/ucQ3VfWAx9pkCN4Kg84zE56FtB4FJN2kQH4ArYYondo,https://cdn.ondo.finance/tokens/logos/cloion_40x40.svg,https://cdn.ondo.finance/tokens/logos/cloion_160x160.png,VanEck CLO ETF,CLOI,Bond ETF,ETF,US0925285043,"CLOIon is the Ondo Tokenized version of the VanEck CLO ETF, giving tokenholders economic exposure similar to holding CLOI and reinvesting any dividends. Ondo tokenized stocks enable non-US retail and institutional users around the world to instantly mint and redeem tokenized U.S. stocks and ETFs, 24 hours a day, five days a week with full access to traditional exchange liquidity. Additional restrictions apply. Learn more at ondo.finance/global-markets.","CLOIon is the Ondo Tokenized version of the VanEck CLO ETF, giving tokenholders economic exposure similar to holding CLOI and reinvesting any dividends. Additional restrictions apply. Learn more at https://ondo.finance/gm."
Chipotle (Ondo Tokenized),CMGon,chipotle-ondo-tokenized-stock,38008,0x25018520138bbaB60684AD7983D4432E8B8E926B,0xaed5985afc12aa09d87f55b4b1e6bc3b8f7b0208,5owVsVFSHACQuippFYdLp3qWRobp2EGcwxMmsr6ondo,https://etherscan.io/address/0x25018520138bbaB60684AD7983D4432E8B8E926B,https://etherscan.io/token/0x25018520138bbaB60684AD7983D4432E8B8E926B,https://bscscan.com/address/0xaed5985afc12aa09d87f55b4b1e6bc3b8f7b0208,https://bscscan.com/token/0xaed5985afc12aa09d87f55b4b1e6bc3b8f7b0208,https://solscan.io/account/5owVsVFSHACQuippFYdLp3qWRobp2EGcwxMmsr6ondo,https://cdn.ondo.finance/tokens/logos/cmgon_40x40.svg,https://cdn.ondo.finance/tokens/logos/cmgon_160x160.png,Chipotle,CMG,Common Stock,Stock,US92189H7483,"CMGon is the Ondo Tokenized version of Chipotle, giving tokenholders economic exposure similar to holding CMG and reinvesting any dividends. Ondo tokenized stocks enable non-US retail and institutional users around the world to instantly mint and redeem tokenized U.S. stocks and ETFs, 24 hours a day, five days a week with full access to traditional exchange liquidity. Additional restrictions apply. Learn more at ondo.finance/global-markets.","CMGon is the Ondo Tokenized version of Chipotle, giving tokenholders economic exposure similar to holding CMG and reinvesting any dividends. Additional restrictions apply. Learn more at https://ondo.finance/gm."
Capital One (Ondo Tokenized),COFon,capital-one-ondo-tokenized-stock,39233,0x3d07c3161f355cb9e5b524bef8d113c96e0263ab,0x53a8c5fc5643b437779742f494691e6b7c660a8b,R2uDbMtmHq5xSS5SserrovdRKdpiqnVBCd2AHLhondo,https://etherscan.io/address/0x3d07c3161f355cb9e5b524bef8d113c96e0263ab,https://etherscan.io/token/0x3d07c3161f355cb9e5b524bef8d113c96e0263ab,https://bscscan.com/address/0x53a8c5fc5643b437779742f494691e6b7c660a8b,https://bscscan.com/token/0x53a8c5fc5643b437779742f494691e6b7c660a8b,https://solscan.io/account/R2uDbMtmHq5xSS5SserrovdRKdpiqnVBCd2AHLhondo,https://cdn.ondo.finance/tokens/logos/cofon_40x40.svg,https://cdn.ondo.finance/tokens/logos/cofon_160x160.png,Capital One,COF,Common Stock,Stock,US1696561059,"COFon is the Ondo Tokenized version of Capital One, giving tokenholders economic exposure similar to holding COF and reinvesting any dividends. Ondo tokenized stocks enable non-US retail and institutional users around the world to instantly mint and redeem tokenized U.S. stocks and ETFs, 24 hours a day, five days a week with full access to traditional exchange liquidity. Additional restrictions apply. Learn more at ondo.finance/global-markets.","COFon is the Ondo Tokenized version of Capital One, giving tokenholders economic exposure similar to holding COF and reinvesting any dividends. Additional restrictions apply. Learn more at https://ondo.finance/gm."
Coinbase (Ondo Tokenized),COINon,coinbase-ondo-tokenized-stock,38046,0xF042cfa86cf1D598a75Bdb55c3507a1F39f9493b,0xf8589b526fdd65f7f301c605a6e04f0f1b4b3620,5u6KDiNJXxX4rGMfYT4BApZQC5CuDNrG6MHkwp1ondo,https://etherscan.io/address/0xF042cfa86cf1D598a75Bdb55c3507a1F39f9493b,https://etherscan.io/token/0xF042cfa86cf1D598a75Bdb55c3507a1F39f9493b,https://bscscan.com/address/0xf8589b526fdd65f7f301c605a6e04f0f1b4b3620,https://bscscan.com/token/0xf8589b526fdd65f7f301c605a6e04f0f1b4b3620,https://solscan.io/account/5u6KDiNJXxX4rGMfYT4BApZQC5CuDNrG6MHkwp1ondo,https://cdn.ondo.finance/tokens/logos/coinon_40x40.svg,https://cdn.ondo.finance/tokens/logos/coinon_160x160.png,Coinbase,COIN,Common Stock,Stock,US14040H1059,"COINon is the Ondo Tokenized version of Coinbase, giving tokenholders economic exposure similar to holding COIN and reinvesting any dividends. Ondo tokenized stocks enable non-US retail and institutional users around the world to instantly mint and redeem tokenized U.S. stocks and ETFs, 24 hours a day, five days a week with full access to traditional exchange liquidity. Additional restrictions apply. Learn more at ondo.finance/global-markets.","COINon is the Ondo Tokenized version of Coinbase, giving tokenholders economic exposure similar to holding COIN and reinvesting any dividends. Additional restrictions apply. Learn more at https://ondo.finance/gm."
Citigroup (Ondo Tokenized),Con,citigroup-ondo-tokenized-stock,39270,0xc46e7ef70d7cf8c17863a6b0b9be2af6a4c41abe,0x8ddb97556f6ae98b4d408c56b167139fe1cbe3e8,PjtfUiw6Hwd8PZ94EcUw8mBSYxp7SjjzSLeNTDKondo,https://etherscan.io/address/0xc46e7ef70d7cf8c17863a6b0b9be2af6a4c41abe,https://etherscan.io/token/0xc46e7ef70d7cf8c17863a6b0b9be2af6a4c41abe,https://bscscan.com/address/0x8ddb97556f6ae98b4d408c56b167139fe1cbe3e8,https://bscscan.com/token/0x8ddb97556f6ae98b4d408c56b167139fe1cbe3e8,https://solscan.io/account/PjtfUiw6Hwd8PZ94EcUw8mBSYxp7SjjzSLeNTDKondo,https://cdn.ondo.finance/tokens/logos/con_40x40.svg,https://cdn.ondo.finance/tokens/logos/con_160x160.png,Citigroup,C,Common Stock,Stock,US19260Q1076,"Con is the Ondo Tokenized version of Citigroup, giving tokenholders economic exposure similar to holding C and reinvesting any dividends. Ondo tokenized stocks enable non-US retail and institutional users around the world to instantly mint and redeem tokenized U.S. stocks and ETFs, 24 hours a day, five days a week with full access to traditional exchange liquidity. Additional restrictions apply. Learn more at ondo.finance/global-markets.","Con is the Ondo Tokenized version of Citigroup, giving tokenholders economic exposure similar to holding C and reinvesting any dividends. Additional restrictions apply. Learn more at https://ondo.finance/gm."
ConocoPhillips (Ondo Tokenized),COPon,conocophillips-ondo-tokenized-stocks,39265,0x8e6a5338eac4b6fe8d51a7653fad3b9da755eea6,0x0d586b51a90dc999f9bb6a0506da7f034a1d3a2e,X68p9qTpEMkR1TLpXUP2ZJo8PG4Qge2Y2ZLdjA2ondo,https://etherscan.io/address/0x8e6a5338eac4b6fe8d51a7653fad3b9da755eea6,https://etherscan.io/token/0x8e6a5338eac4b6fe8d51a7653fad3b9da755eea6,https://bscscan.com/address/0x0d586b51a90dc999f9bb6a0506da7f034a1d3a2e,https://bscscan.com/token/0x0d586b51a90dc999f9bb6a0506da7f034a1d3a2e,https://solscan.io/account/X68p9qTpEMkR1TLpXUP2ZJo8PG4Qge2Y2ZLdjA2ondo,https://cdn.ondo.finance/tokens/logos/copon_40x40.svg,https://cdn.ondo.finance/tokens/logos/copon_160x160.png,ConocoPhillips,COP,Common Stock,Stock,US20825C1045,"COPon is the Ondo Tokenized version of ConocoPhillips, giving tokenholders economic exposure similar to holding COP and reinvesting any dividends. Ondo tokenized stocks enable non-US retail and institutional users around the world to instantly mint and redeem tokenized U.S. stocks and ETFs, 24 hours a day, five days a week with full access to traditional exchange liquidity. Additional restrictions apply. Learn more at ondo.finance/global-markets.","COPon is the Ondo Tokenized version of ConocoPhillips, giving tokenholders economic exposure similar to holding COP and reinvesting any dividends. Additional restrictions apply. Learn more at https://ondo.finance/gm."
Global X Copper Miners ETF (Ondo Tokenized),COPXon,global-x-copper-miners-etf-ondo-tokenized-etf,39229,0x423a63dfe8d82cd9c6568c92210aa537d8ef6885,0xec93fe7ff4b09ca3ccafbc4cc9615e62be412780,X7j77hTmjZJbepkXXBcsEapM8qNgdfihkFj6CZ5ondo,https://etherscan.io/address/0x423a63dfe8d82cd9c6568c92210aa537d8ef6885,https://etherscan.io/token/0x423a63dfe8d82cd9c6568c92210aa537d8ef6885,https://bscscan.com/address/0xec93fe7ff4b09ca3ccafbc4cc9615e62be412780,https://bscscan.com/token/0xec93fe7ff4b09ca3ccafbc4cc9615e62be412780,https://solscan.io/account/X7j77hTmjZJbepkXXBcsEapM8qNgdfihkFj6CZ5ondo,https://cdn.ondo.finance/tokens/logos/copxon_40x40.svg,https://cdn.ondo.finance/tokens/logos/copxon_160x160.png,Global X Copper Miners ETF,COPX,Commodity ETF,ETF,US37954Y8306,"COPXon is the Ondo Tokenized version of the Global X Copper Miners ETF, giving tokenholders economic exposure similar to holding COPX and reinvesting any dividends. Ondo tokenized stocks enable non-US retail and institutional users around the world to instantly mint and redeem tokenized U.S. stocks and ETFs, 24 hours a day, five days a week with full access to traditional exchange liquidity. Additional restrictions apply. Learn more at ondo.finance/global-markets.","COPXon is the Ondo Tokenized version of the Global X Copper Miners ETF, giving tokenholders economic exposure similar to holding COPX and reinvesting any dividends. Additional restrictions apply. Learn more at https://ondo.finance/gm."
Costco (Ondo Tokenized),COSTon,costco-ondo-tokenized-stock,38019,0x0c8276E4FeC072cf7854Be69c70F7773D1610857,0x34375f826fd3dd4e15f883d4f4786bb45eb705ac,6btaz134wjHkR8sqhAYrtSM6tavftfxnRvnyMd8ondo,https://etherscan.io/address/0x0c8276E4FeC072cf7854Be69c70F7773D1610857,https://etherscan.io/token/0x0c8276E4FeC072cf7854Be69c70F7773D1610857,https://bscscan.com/address/0x34375f826fd3dd4e15f883d4f4786bb45eb705ac,https://bscscan.com/token/0x34375f826fd3dd4e15f883d4f4786bb45eb705ac,https://solscan.io/account/6btaz134wjHkR8sqhAYrtSM6tavftfxnRvnyMd8ondo,https://cdn.ondo.finance/tokens/logos/coston_40x40.svg,https://cdn.ondo.finance/tokens/logos/coston_160x160.png,Costco,COST,Common Stock,Stock,US22160K1051,"COSTon is the Ondo Tokenized version of Costco, giving tokenholders economic exposure similar to holding COST and reinvesting any dividends. Ondo tokenized stocks enable non-US retail and institutional users around the world to instantly mint and redeem tokenized U.S. stocks and ETFs, 24 hours a day, five days a week with full access to traditional exchange liquidity. Additional restrictions apply. Learn more at ondo.finance/global-markets.","COSTon is the Ondo Tokenized version of Costco, giving tokenholders economic exposure similar to holding COST and reinvesting any dividends. Additional restrictions apply. Learn more at https://ondo.finance/gm."
Coupang (Ondo Tokenized),CPNGon,coupang-ondo-tokenized-stocks,39237,0xfa9f0bf8baa9a3d5e0a8e5c0aeaf186acabef63d,0x19904bc04c09e5d29ed216ddd105bdf103a0ba2d,NKyzy31w2J7odLb2CW3Ft4fpKXkW3LBt1pvpkVLondo,https://etherscan.io/address/0xfa9f0bf8baa9a3d5e0a8e5c0aeaf186acabef63d,https://etherscan.io/token/0xfa9f0bf8baa9a3d5e0a8e5c0aeaf186acabef63d,https://bscscan.com/address/0x19904bc04c09e5d29ed216ddd105bdf103a0ba2d,https://bscscan.com/token/0x19904bc04c09e5d29ed216ddd105bdf103a0ba2d,https://solscan.io/account/NKyzy31w2J7odLb2CW3Ft4fpKXkW3LBt1pvpkVLondo,https://cdn.ondo.finance/tokens/logos/cpngon_40x40.svg,https://cdn.ondo.finance/tokens/logos/cpngon_160x160.png,Coupang,CPNG,Common Stock,Stock,US22266T1097,"CPNGon is the Ondo Tokenized version of Coupang, giving tokenholders economic exposure similar to holding CPNG and reinvesting any dividends. Ondo tokenized stocks enable non-US retail and institutional users around the world to instantly mint and redeem tokenized U.S. stocks and ETFs, 24 hours a day, five days a week with full access to traditional exchange liquidity. Additional restrictions apply. Learn more at ondo.finance/global-markets.","CPNGon is the Ondo Tokenized version of Coupang, giving tokenholders economic exposure similar to holding CPNG and reinvesting any dividends. Additional restrictions apply. Learn more at https://ondo.finance/gm."
Circle Internet Group (Ondo Tokenized),CRCLon,circle-internet-group-ondo-tokenized-stock,38056,0x3632DEa96A953C11dac2f00b4A05a32CD1063fAE,0x992879cd8ce0c312d98648875b5a8d6d042cbf34,6xHEyem9hmkGtVq6XGCiQUGpPsHBaoYuYdFNZa5ondo,https://etherscan.io/address/0x3632DEa96A953C11dac2f00b4A05a32CD1063fAE,https://etherscan.io/token/0x3632DEa96A953C11dac2f00b4A05a32CD1063fAE,https://bscscan.com/address/0x992879cd8ce0c312d98648875b5a8d6d042cbf34,https://bscscan.com/token/0x992879cd8ce0c312d98648875b5a8d6d042cbf34,https://solscan.io/account/6xHEyem9hmkGtVq6XGCiQUGpPsHBaoYuYdFNZa5ondo,https://cdn.ondo.finance/tokens/logos/crclon_40x40.svg,https://cdn.ondo.finance/tokens/logos/crclon_160x160.png,Circle Internet Group,CRCL,Common Stock,Stock,US1725731079,"CRCLon is the Ondo Tokenized version of Circle Internet Group, giving tokenholders economic exposure similar to holding CRCL and reinvesting any dividends. Ondo tokenized stocks enable non-US retail and institutional users around the world to instantly mint and redeem tokenized U.S. stocks and ETFs, 24 hours a day, five days a week with full access to traditional exchange liquidity. Additional restrictions apply. Learn more at ondo.finance/global-markets.","CRCLon is the Ondo Tokenized version of Circle Internet Group, giving tokenholders economic exposure similar to holding CRCL and reinvesting any dividends. Additional restrictions apply. Learn more at https://ondo.finance/gm."
Salesforce (Ondo Tokenized),CRMon,salesforce-ondo-tokenized-stock,38023,0x55720eF5b023Fd043AE5F8D2e526030207978950,0xd04a2bb053277721a8321d7441eed5b42fdf7250,7D7ukbcnUNYt7Et5vtsDZhAy28MKu9pkHka1Hp9ondo,https://etherscan.io/address/0x55720eF5b023Fd043AE5F8D2e526030207978950,https://etherscan.io/token/0x55720eF5b023Fd043AE5F8D2e526030207978950,https://bscscan.com/address/0xd04a2bb053277721a8321d7441eed5b42fdf7250,https://bscscan.com/token/0xd04a2bb053277721a8321d7441eed5b42fdf7250,https://solscan.io/account/7D7ukbcnUNYt7Et5vtsDZhAy28MKu9pkHka1Hp9ondo,https://cdn.ondo.finance/tokens/logos/crmon_40x40.svg,https://cdn.ondo.finance/tokens/logos/crmon_160x160.png,Salesforce,CRM,Common Stock,Stock,US79466L3024,"CRMon is the Ondo Tokenized version of Salesforce, giving tokenholders economic exposure similar to holding CRM and reinvesting any dividends. Ondo tokenized stocks enable non-US retail and institutional users around the world to instantly mint and redeem tokenized U.S. stocks and ETFs, 24 hours a day, five days a week with full access to traditional exchange liquidity. Additional restrictions apply. Learn more at ondo.finance/global-markets.","CRMon is the Ondo Tokenized version of Salesforce, giving tokenholders economic exposure similar to holding CRM and reinvesting any dividends. Additional restrictions apply. Learn more at https://ondo.finance/gm."
CrowdStrike (Ondo Tokenized),CRWDon,crowdstrike-ondo-tokenized-stocks,39286,0xcac9aafb2cf51645ae1ab4fb1f35f07d42437f80,0xe6837794fbc6dd024733a1a31f86061296fa2752,cdKfoNjbXgnSuxvoajhtH3uixfZhq1YXhQsS1Rwondo,https://etherscan.io/address/0xcac9aafb2cf51645ae1ab4fb1f35f07d42437f80,https://etherscan.io/token/0xcac9aafb2cf51645ae1ab4fb1f35f07d42437f80,https://bscscan.com/address/0xe6837794fbc6dd024733a1a31f86061296fa2752,https://bscscan.com/token/0xe6837794fbc6dd024733a1a31f86061296fa2752,https://solscan.io/account/cdKfoNjbXgnSuxvoajhtH3uixfZhq1YXhQsS1Rwondo,https://cdn.ondo.finance/tokens/logos/crwdon_40x40.svg,https://cdn.ondo.finance/tokens/logos/crwdon_160x160.png,CrowdStrike,CRWD,Common Stock,Stock,US22788C1053,"CRWDon is the Ondo Tokenized version of CrowdStrike, giving tokenholders economic exposure similar to holding CRWD and reinvesting any dividends. Ondo tokenized stocks enable non-US retail and institutional users around the world to instantly mint and redeem tokenized U.S. stocks and ETFs, 24 hours a day, five days a week with full access to traditional exchange liquidity. Additional restrictions apply. Learn more at ondo.finance/global-markets.","CRWDon is the Ondo Tokenized version of CrowdStrike, giving tokenholders economic exposure similar to holding CRWD and reinvesting any dividends. Additional restrictions apply. Learn more at https://ondo.finance/gm."
Cisco Systems (Ondo Tokenized),CSCOon,cisco-systems-ondo-tokenized-stock,38070,0x980a1001ee94e54142b231f44C7CA7c9DF71FBe1,0x34304f2f7cc487eb4186e6d69f5905a613474aa2,7DWcZE1uVc8m2mf9pV8KNov28ET7HsvHkhrhgr9ondo,https://etherscan.io/address/0x980a1001ee94e54142b231f44C7CA7c9DF71FBe1,https://etherscan.io/token/0x980a1001ee94e54142b231f44C7CA7c9DF71FBe1,https://bscscan.com/address/0x34304f2f7cc487eb4186e6d69f5905a613474aa2,https://bscscan.com/token/0x34304f2f7cc487eb4186e6d69f5905a613474aa2,https://solscan.io/account/7DWcZE1uVc8m2mf9pV8KNov28ET7HsvHkhrhgr9ondo,https://cdn.ondo.finance/tokens/logos/cscoon_40x40.svg,https://cdn.ondo.finance/tokens/logos/cscoon_160x160.png,Cisco Systems,CSCO,Common Stock,Stock,US17275R1023,"CSCOon is the Ondo Tokenized version of Cisco Systems, giving tokenholders economic exposure similar to holding CSCO and reinvesting any dividends. Ondo tokenized stocks enable non-US retail and institutional users around the world to instantly mint and redeem tokenized U.S. stocks and ETFs, 24 hours a day, five days a week with full access to traditional exchange liquidity. Additional restrictions apply. Learn more at ondo.finance/global-markets.","CSCOon is the Ondo Tokenized version of Cisco Systems, giving tokenholders economic exposure similar to holding CSCO and reinvesting any dividends. Additional restrictions apply. Learn more at https://ondo.finance/gm."
Carvana (Ondo Tokenized),CVNAon,carvana-ondo-tokenized-stocks,39238,0xfe4ec50e0413148021d2f50d114cc44de6ffbf23,0xc145dc2ebdbe8ead1fecdebf46c76eb1fdd0104d,FGmUDXqA3AbWfo5b3NUcsvwoUFCF4tr9ea6uercondo,https://etherscan.io/address/0xfe4ec50e0413148021d2f50d114cc44de6ffbf23,https://etherscan.io/token/0xfe4ec50e0413148021d2f50d114cc44de6ffbf23,https://bscscan.com/address/0xc145dc2ebdbe8ead1fecdebf46c76eb1fdd0104d,https://bscscan.com/token/0xc145dc2ebdbe8ead1fecdebf46c76eb1fdd0104d,https://solscan.io/account/FGmUDXqA3AbWfo5b3NUcsvwoUFCF4tr9ea6uercondo,https://cdn.ondo.finance/tokens/logos/cvnaon_40x40.svg,https://cdn.ondo.finance/tokens/logos/cvnaon_160x160.png,Carvana,CVNA,Common Stock,Stock,US1468691027,"CVNAon is the Ondo Tokenized version of Carvana, giving tokenholders economic exposure similar to holding CVNA and reinvesting any dividends. Ondo tokenized stocks enable non-US retail and institutional users around the world to instantly mint and redeem tokenized U.S. stocks and ETFs, 24 hours a day, five days a week with full access to traditional exchange liquidity. Additional restrictions apply. Learn more at ondo.finance/global-markets.","CVNAon is the Ondo Tokenized version of Carvana, giving tokenholders economic exposure similar to holding CVNA and reinvesting any dividends. Additional restrictions apply. Learn more at https://ondo.finance/gm."
Chevron (Ondo Tokenized),CVXon,chevron-ondo-tokenized-stock,38042,0x8F3E41b378ae010c46d255F36bFC1D303b52dceb,0xd3113a0ad20a46f6a662c63fe8e637f7713e59c7,7tgKziACteG26VjV5xKufojKxwTgCFyTwmWUmz5ondo,https://etherscan.io/address/0x8F3E41b378ae010c46d255F36bFC1D303b52dceb,https://etherscan.io/token/0x8F3E41b378ae010c46d255F36bFC1D303b52dceb,https://bscscan.com/address/0xd3113a0ad20a46f6a662c63fe8e637f7713e59c7,https://bscscan.com/token/0xd3113a0ad20a46f6a662c63fe8e637f7713e59c7,https://solscan.io/account/7tgKziACteG26VjV5xKufojKxwTgCFyTwmWUmz5ondo,https://cdn.ondo.finance/tokens/logos/cvxon_40x40.svg,https://cdn.ondo.finance/tokens/logos/cvxon_160x160.png,Chevron,CVX,Common Stock,Stock,US1667641005,"CVXon is the Ondo Tokenized version of Chevron, giving tokenholders economic exposure similar to holding CVX and reinvesting any dividends. Ondo tokenized stocks enable non-US retail and institutional users around the world to instantly mint and redeem tokenized U.S. stocks and ETFs, 24 hours a day, five days a week with full access to traditional exchange liquidity. Additional restrictions apply. Learn more at ondo.finance/global-markets.","CVXon is the Ondo Tokenized version of Chevron, giving tokenholders economic exposure similar to holding CVX and reinvesting any dividends. Additional restrictions apply. Learn more at https://ondo.finance/gm."
DoorDash (Ondo Tokenized),DASHon,doordash-ondo-tokenized-stock,38078,0x241958c86c7744d15d5f6314BA1Ea4c81DDA2896,0x7567c2a46bce46373b454682f3d95e6535bde144,83P1gCFBZfGRCwJuBt9juxJKEsZwejJoG66eTZ6ondo,https://etherscan.io/address/0x241958c86c7744d15d5f6314BA1Ea4c81DDA2896,https://etherscan.io/token/0x241958c86c7744d15d5f6314BA1Ea4c81DDA2896,https://bscscan.com/address/0x7567c2a46bce46373b454682f3d95e6535bde144,https://bscscan.com/token/0x7567c2a46bce46373b454682f3d95e6535bde144,https://solscan.io/account/83P1gCFBZfGRCwJuBt9juxJKEsZwejJoG66eTZ6ondo,https://cdn.ondo.finance/tokens/logos/dashon_40x40.svg,https://cdn.ondo.finance/tokens/logos/dashon_160x160.png,DoorDash,DASH,Common Stock,Stock,US25809K1051,"DASHon is the Ondo Tokenized version of DoorDash, giving tokenholders economic exposure similar to holding DASH and reinvesting any dividends. Ondo tokenized stocks enable non-US retail and institutional users around the world to instantly mint and redeem tokenized U.S. stocks and ETFs, 24 hours a day, five days a week with full access to traditional exchange liquidity. Additional restrictions apply. Learn more at ondo.finance/global-markets.","DASHon is the Ondo Tokenized version of DoorDash, giving tokenholders economic exposure similar to holding DASH and reinvesting any dividends. Additional restrictions apply. Learn more at https://ondo.finance/gm."
Invesco DB Commodity Index Tracking Fund (Ondo Tokenized),DBCon,invesco-db-commodity-index-tracking-fund-ondo-tokenized-etf,39292,0x20224080ad516769723c9a4a18325fc4e8c9ab5d,0xfc2067e3e6a289c205151d96ef67a032f339566d,td1aY5AvYQuwGD75qNq9aPipMexraN9mQXJwqifondo,https://etherscan.io/address/0x20224080ad516769723c9a4a18325fc4e8c9ab5d,https://etherscan.io/token/0x20224080ad516769723c9a4a18325fc4e8c9ab5d,https://bscscan.com/address/0xfc2067e3e6a289c205151d96ef67a032f339566d,https://bscscan.com/token/0xfc2067e3e6a289c205151d96ef67a032f339566d,https://solscan.io/account/td1aY5AvYQuwGD75qNq9aPipMexraN9mQXJwqifondo,https://cdn.ondo.finance/tokens/logos/dbcon_40x40.svg,https://cdn.ondo.finance/tokens/logos/dbcon_160x160.png,Invesco DB Commodity Index Tracking Fund,DBC,Commodity ETF,ETF,US46138B1035,"DBCon is the Ondo Tokenized version of the Invesco DB Commodity Index Tracking Fund, giving tokenholders economic exposure similar to holding DBC and reinvesting any dividends. Ondo tokenized stocks enable non-US retail and institutional users around the world to instantly mint and redeem tokenized U.S. stocks and ETFs, 24 hours a day, five days a week with full access to traditional exchange liquidity. Additional restrictions apply. Learn more at ondo.finance/global-markets.","DBCon is the Ondo Tokenized version of the Invesco DB Commodity Index Tracking Fund, giving tokenholders economic exposure similar to holding DBC and reinvesting any dividends. Additional restrictions apply. Learn more at https://ondo.finance/gm."
Deere (Ondo Tokenized),DEon,deere-ondo-tokenized-stocks,39302,0x32d7c413fd3477e86b8ec6b0bb8f3ac510eafaae,0x90ccbb75d61cb65cd73a3abb5df04a75961612b7,CqQyAZjB9LGFTG95eiadGTkfhd9QA12ProeKsQmondo,https://etherscan.io/address/0x32d7c413fd3477e86b8ec6b0bb8f3ac510eafaae,https://etherscan.io/token/0x32d7c413fd3477e86b8ec6b0bb8f3ac510eafaae,https://bscscan.com/address/0x90ccbb75d61cb65cd73a3abb5df04a75961612b7,https://bscscan.com/token/0x90ccbb75d61cb65cd73a3abb5df04a75961612b7,https://solscan.io/account/CqQyAZjB9LGFTG95eiadGTkfhd9QA12ProeKsQmondo,https://cdn.ondo.finance/tokens/logos/deon_40x40.svg,https://cdn.ondo.finance/tokens/logos/deon_160x160.png,Deere,DE,Common Stock,Stock,US2441991054,"DEon is the Ondo Tokenized version of Deere, giving tokenholders economic exposure similar to holding DE and reinvesting any dividends. Ondo tokenized stocks enable non-US retail and institutional users around the world to instantly mint and redeem tokenized U.S. stocks and ETFs, 24 hours a day, five days a week with full access to traditional exchange liquidity. Additional restrictions apply. Learn more at ondo.finance/global-markets.","DEon is the Ondo Tokenized version of Deere, giving tokenholders economic exposure similar to holding DE and reinvesting any dividends. Additional restrictions apply. Learn more at https://ondo.finance/gm."
WisdomTree US Quality Dividend Growth Fund (Ondo Tokenized),DGRWon,wisdomtree-us-quality-dividend-growth-fund-ondo-tokenized,39243,0x81eb954936a7062d1758fc0e6e3b88d42d9c361c,0x1cd89241b26fcdc421fd02907d6504c8abbfe1bc,gnoSQSNTNZHViqVfxCcPDVxcRA29mrJL7C6JqYLondo,https://etherscan.io/address/0x81eb954936a7062d1758fc0e6e3b88d42d9c361c,https://etherscan.io/token/0x81eb954936a7062d1758fc0e6e3b88d42d9c361c,https://bscscan.com/address/0x1cd89241b26fcdc421fd02907d6504c8abbfe1bc,https://bscscan.com/token/0x1cd89241b26fcdc421fd02907d6504c8abbfe1bc,https://solscan.io/account/gnoSQSNTNZHViqVfxCcPDVxcRA29mrJL7C6JqYLondo,https://cdn.ondo.finance/tokens/logos/dgrwon_40x40.svg,https://cdn.ondo.finance/tokens/logos/dgrwon_160x160.png,WisdomTree US Quality Dividend Growth Fund,DGRW,Equity ETF,ETF,US97717X6691,"DGRWon is the Ondo Tokenized version of the WisdomTree US Quality Dividend Growth Fund, giving tokenholders economic exposure similar to holding DGRW and reinvesting any dividends. Ondo tokenized stocks enable non-US retail and institutional users around the world to instantly mint and redeem tokenized U.S. stocks and ETFs, 24 hours a day, five days a week with full access to traditional exchange liquidity. Additional restrictions apply. Learn more at ondo.finance/global-markets.","DGRWon is the Ondo Tokenized version of the WisdomTree US Quality Dividend Growth Fund, giving tokenholders economic exposure similar to holding DGRW and reinvesting any dividends. Additional restrictions apply. Learn more at https://ondo.finance/gm."
Disney (Ondo Tokenized),DISon,disney-ondo-tokenized-stock,38080,0xc3D93B45249E8E06cfeB01d25A96337E8893265d,0xeee9eee593cb8f7946260b4066cba7907f40acfa,mJf1xT3suXtkXBCfZcE9oUUuyxkvSgqYBWiX7v1ondo,https://etherscan.io/address/0xc3D93B45249E8E06cfeB01d25A96337E8893265d,https://etherscan.io/token/0xc3D93B45249E8E06cfeB01d25A96337E8893265d,https://bscscan.com/address/0xeee9eee593cb8f7946260b4066cba7907f40acfa,https://bscscan.com/token/0xeee9eee593cb8f7946260b4066cba7907f40acfa,https://solscan.io/account/mJf1xT3suXtkXBCfZcE9oUUuyxkvSgqYBWiX7v1ondo,https://cdn.ondo.finance/tokens/logos/dison_40x40.svg,https://cdn.ondo.finance/tokens/logos/dison_160x160.png,Disney,DIS,Common Stock,Stock,US2546871060,"DISon is the Ondo Tokenized version of Disney, giving tokenholders economic exposure similar to holding DIS and reinvesting any dividends. Ondo tokenized stocks enable non-US retail and institutional users around the world to instantly mint and redeem tokenized U.S. stocks and ETFs, 24 hours a day, five days a week with full access to traditional exchange liquidity. Additional restrictions apply. Learn more at ondo.finance/global-markets.","DISon is the Ondo Tokenized version of Disney, giving tokenholders economic exposure similar to holding DIS and reinvesting any dividends. Additional restrictions apply. Learn more at https://ondo.finance/gm."
Denison Mines (Ondo Tokenized),DNNon,denison-mines-ondo-tokenized-stocks,39239,0x7aa59a63d1d0c435a08bc96e11bef2e95ab66c40,0x70bd780076e25d087ed9c35f4e4a540522abe8cf,12J2LD3tuLfdiVKnWZMHRMrbnXDY9rM4yqVLUa5yondo,https://etherscan.io/address/0x7aa59a63d1d0c435a08bc96e11bef2e95ab66c40,https://etherscan.io/token/0x7aa59a63d1d0c435a08bc96e11bef2e95ab66c40,https://bscscan.com/address/0x70bd780076e25d087ed9c35f4e4a540522abe8cf,https://bscscan.com/token/0x70bd780076e25d087ed9c35f4e4a540522abe8cf,https://solscan.io/account/12J2LD3tuLfdiVKnWZMHRMrbnXDY9rM4yqVLUa5yondo,https://cdn.ondo.finance/tokens/logos/dnnon_40x40.svg,https://cdn.ondo.finance/tokens/logos/dnnon_160x160.png,Denison Mines,DNN,Common Stock,Stock,CA2483561072,"DNNon is the Ondo Tokenized version of Denison Mines, giving tokenholders economic exposure similar to holding DNN and reinvesting any dividends. Ondo tokenized stocks enable non-US retail and institutional users around the world to instantly mint and redeem tokenized U.S. stocks and ETFs, 24 hours a day, five days a week with full access to traditional exchange liquidity. Additional restrictions apply. Learn more at ondo.finance/global-markets.","DNNon is the Ondo Tokenized version of Denison Mines, giving tokenholders economic exposure similar to holding DNN and reinvesting any dividends. Additional restrictions apply. Learn more at https://ondo.finance/gm."
iShares MSCI Emerging Markets ETF (Ondo Tokenized),EEMon,ishares-msci-emerging-markets-etf-ondo-tokenized-etf,38033,0x77A1a02e4a888ADA8620b93C30dE8a41E621126c,0x00c81d35eddf44c75d4db9e07bdcdc236eb0ebcf,916SDKz7y5ZcEZC9CtnQ5Djs1Y8Yv3UAPb6bak8ondo,https://etherscan.io/address/0x77A1a02e4a888ADA8620b93C30dE8a41E621126c,https://etherscan.io/token/0x77A1a02e4a888ADA8620b93C30dE8a41E621126c,https://bscscan.com/address/0x00c81d35eddf44c75d4db9e07bdcdc236eb0ebcf,https://bscscan.com/token/0x00c81d35eddf44c75d4db9e07bdcdc236eb0ebcf,https://solscan.io/account/916SDKz7y5ZcEZC9CtnQ5Djs1Y8Yv3UAPb6bak8ondo,https://cdn.ondo.finance/tokens/logos/eemon_40x40.svg,https://cdn.ondo.finance/tokens/logos/eemon_160x160.png,iShares MSCI Emerging Markets ETF,EEM,Equity ETF,ETF,US4642872349,"EEMon is the Ondo Tokenized version of the iShares MSCI Emerging Markets ETF, giving tokenholders economic exposure similar to holding EEM and reinvesting any dividends. Ondo tokenized stocks enable non-US retail and institutional users around the world to instantly mint and redeem tokenized U.S. stocks and ETFs, 24 hours a day, five days a week with full access to traditional exchange liquidity. Additional restrictions apply. Learn more at ondo.finance/global-markets.","EEMon is the Ondo Tokenized version of the iShares MSCI Emerging Markets ETF, giving tokenholders economic exposure similar to holding EEM and reinvesting any dividends. Additional restrictions apply. Learn more at https://ondo.finance/gm."
iShares MSCI EAFE ETF (Ondo Tokenized),EFAon,ishares-msci-eafe-etf-ondo-tokenized-etf,38007,0x4111b60bc87F2Bd1e81E783E271D7F0ec6EE088B,0x38b9a53bfdc5dba58a29bd6992341927c2fca637,AbvryMGnaba9oADMZk8Vp2Av6MtczsncGyfWaC4ondo,https://etherscan.io/address/0x4111b60bc87F2Bd1e81E783E271D7F0ec6EE088B,https://etherscan.io/token/0x4111b60bc87F2Bd1e81E783E271D7F0ec6EE088B,https://bscscan.com/address/0x38b9a53bfdc5dba58a29bd6992341927c2fca637,https://bscscan.com/token/0x38b9a53bfdc5dba58a29bd6992341927c2fca637,https://solscan.io/account/AbvryMGnaba9oADMZk8Vp2Av6MtczsncGyfWaC4ondo,https://cdn.ondo.finance/tokens/logos/efaon_40x40.svg,https://cdn.ondo.finance/tokens/logos/efaon_160x160.png,iShares MSCI EAFE ETF,EFA,Equity ETF,ETF,US4642874659,"EFAon is the Ondo Tokenized version of the iShares MSCI EAFE ETF, giving tokenholders economic exposure similar to holding EFA and reinvesting any dividends. Ondo tokenized stocks enable non-US retail and institutional users around the world to instantly mint and redeem tokenized U.S. stocks and ETFs, 24 hours a day, five days a week with full access to traditional exchange liquidity. Additional restrictions apply. Learn more at ondo.finance/global-markets.","EFAon is the Ondo Tokenized version of the iShares MSCI EAFE ETF, giving tokenholders economic exposure similar to holding EFA and reinvesting any dividends. Additional restrictions apply. Learn more at https://ondo.finance/gm."
Equinix (Ondo Tokenized),EQIXon,equinix-ondo-tokenized-stock,38047,0x73d2ccEE12C120E7DA265a2dE9d9f952a0101b4f,0xe4e12c9cec3e8cae405202a97f66afa695075fa0,aheEdmuryJU8ymy8LjYheZH5i2BW1UMsfuWQKD2ondo,https://etherscan.io/address/0x73d2ccEE12C120E7DA265a2dE9d9f952a0101b4f,https://etherscan.io/token/0x73d2ccEE12C120E7DA265a2dE9d9f952a0101b4f,https://bscscan.com/address/0xe4e12c9cec3e8cae405202a97f66afa695075fa0,https://bscscan.com/token/0xe4e12c9cec3e8cae405202a97f66afa695075fa0,https://solscan.io/account/aheEdmuryJU8ymy8LjYheZH5i2BW1UMsfuWQKD2ondo,https://cdn.ondo.finance/tokens/logos/eqixon_40x40.svg,https://cdn.ondo.finance/tokens/logos/eqixon_160x160.png,Equinix,EQIX,Common Stock,Stock,US29444U7000,"EQIXon is the Ondo Tokenized version of Equinix, giving tokenholders economic exposure similar to holding EQIX and reinvesting any dividends. Ondo tokenized stocks enable non-US retail and institutional users around the world to instantly mint and redeem tokenized U.S. stocks and ETFs, 24 hours a day, five days a week with full access to traditional exchange liquidity. Additional restrictions apply. Learn more at ondo.finance/global-markets.","EQIXon is the Ondo Tokenized version of Equinix, giving tokenholders economic exposure similar to holding EQIX and reinvesting any dividends. Additional restrictions apply. Learn more at https://ondo.finance/gm."
Figma (Ondo Tokenized),FIGon,figma-ord-shs-ondo-tokenized-stock,38098,0x073E7a0669833d356fa88ca65CC6D454EFaAa3c5,0x93fac02b22b6743423381d163aec418178019b7a,aLDdFsr3VTUQaHFK6yNvQxztvxQ8nxW4AMuSGC7ondo,https://etherscan.io/address/0x073E7a0669833d356fa88ca65CC6D454EFaAa3c5,https://etherscan.io/token/0x073E7a0669833d356fa88ca65CC6D454EFaAa3c5,https://bscscan.com/address/0x93fac02b22b6743423381d163aec418178019b7a,https://bscscan.com/token/0x93fac02b22b6743423381d163aec418178019b7a,https://solscan.io/account/aLDdFsr3VTUQaHFK6yNvQxztvxQ8nxW4AMuSGC7ondo,https://cdn.ondo.finance/tokens/logos/figon_40x40.svg,https://cdn.ondo.finance/tokens/logos/figon_160x160.png,Figma,FIG,Common Stock,Stock,US3453708600,"FIGon is the Ondo Tokenized version of Figma, giving tokenholders economic exposure similar to holding FIG and reinvesting any dividends. Ondo tokenized stocks enable non-US retail and institutional users around the world to instantly mint and redeem tokenized U.S. stocks and ETFs, 24 hours a day, five days a week with full access to traditional exchange liquidity. Additional restrictions apply. Learn more at ondo.finance/global-markets.","FIGon is the Ondo Tokenized version of Figma, giving tokenholders economic exposure similar to holding FIG and reinvesting any dividends. Additional restrictions apply. Learn more at https://ondo.finance/gm."
Figure Technology Solutions (Ondo Tokenized),FIGRon,figure-technology-solutions-ondo-tokenized-stock,39281,0xc2dbfe026f17e7bbc17a9e41f9b8d69531887d47,0x620477782cea4c4171165396f8014edef83a13da,ZmHxc6Gt27RJKxD2ay6UL4n9yQ7mKAq4XZQUeVhondo,https://etherscan.io/address/0xc2dbfe026f17e7bbc17a9e41f9b8d69531887d47,https://etherscan.io/token/0xc2dbfe026f17e7bbc17a9e41f9b8d69531887d47,https://bscscan.com/address/0x620477782cea4c4171165396f8014edef83a13da,https://bscscan.com/token/0x620477782cea4c4171165396f8014edef83a13da,https://solscan.io/account/ZmHxc6Gt27RJKxD2ay6UL4n9yQ7mKAq4XZQUeVhondo,https://cdn.ondo.finance/tokens/logos/figron_40x40.svg,https://cdn.ondo.finance/tokens/logos/figron_160x160.png,Figure Technology Solutions,FIGR,Common Stock,Stock,US3168411052,"FIGRon is the Ondo Tokenized version of Figure Technology Solutions, giving tokenholders economic exposure similar to holding FIGR and reinvesting any dividends. Ondo tokenized stocks enable non-US retail and institutional users around the world to instantly mint and redeem tokenized U.S. stocks and ETFs, 24 hours a day, five days a week with full access to traditional exchange liquidity. Additional restrictions apply. Learn more at ondo.finance/global-markets.","FIGRon is the Ondo Tokenized version of Figure Technology Solutions, giving tokenholders economic exposure similar to holding FIGR and reinvesting any dividends. Additional restrictions apply. Learn more at https://ondo.finance/gm."
Ford Motor (Ondo Tokenized),Fon,ford-motor-ondo-tokenized-stock,39287,0xf72936fa8afc808c99eb76e620a98ddc6a7a53d1,0xb1aba049c42b6fe811766eba61f51f11c57acc4b,5hT2o25X9tGXipwhLckaUdgnxrZ6Y8eiUwdhpLeondo,https://etherscan.io/address/0xf72936fa8afc808c99eb76e620a98ddc6a7a53d1,https://etherscan.io/token/0xf72936fa8afc808c99eb76e620a98ddc6a7a53d1,https://bscscan.com/address/0xb1aba049c42b6fe811766eba61f51f11c57acc4b,https://bscscan.com/token/0xb1aba049c42b6fe811766eba61f51f11c57acc4b,https://solscan.io/account/5hT2o25X9tGXipwhLckaUdgnxrZ6Y8eiUwdhpLeondo,https://cdn.ondo.finance/tokens/logos/fon_40x40.svg,https://cdn.ondo.finance/tokens/logos/fon_160x160.png,Ford Motor,F,Common Stock,Stock,US3493811034,"Fon is the Ondo Tokenized version of Ford Motor, giving tokenholders economic exposure similar to holding F and reinvesting any dividends. Ondo tokenized stocks enable non-US retail and institutional users around the world to instantly mint and redeem tokenized U.S. stocks and ETFs, 24 hours a day, five days a week with full access to traditional exchange liquidity. Additional restrictions apply. Learn more at ondo.finance/global-markets.","Fon is the Ondo Tokenized version of Ford Motor, giving tokenholders economic exposure similar to holding F and reinvesting any dividends. Additional restrictions apply. Learn more at https://ondo.finance/gm."
First Trust Global Tactical Commodity Strategy Fund (Ondo Tokenized),FTGCon,first-trust-global-tactical-commodity-strategy-fund-ondo-tokenized-stock,39226,0xacf3fecaa787f268351a86409c3bd3b96ef924fb,0xe96f94e10f1265dcc15f83d251f1f6758d2cd67d,ivBnfPTyuHDNWmMSnbavckhJK6SHZW8h77nZKsEondo,https://etherscan.io/address/0xacf3fecaa787f268351a86409c3bd3b96ef924fb,https://etherscan.io/token/0xacf3fecaa787f268351a86409c3bd3b96ef924fb,https://bscscan.com/address/0xe96f94e10f1265dcc15f83d251f1f6758d2cd67d,https://bscscan.com/token/0xe96f94e10f1265dcc15f83d251f1f6758d2cd67d,https://solscan.io/account/ivBnfPTyuHDNWmMSnbavckhJK6SHZW8h77nZKsEondo,https://cdn.ondo.finance/tokens/logos/ftgcon_40x40.svg,https://cdn.ondo.finance/tokens/logos/ftgcon_160x160.png,First Trust Global Tactical Commodity Strategy Fund,FTGC,Commodity ETF,ETF,US33739H1014,"FTGCon is the Ondo Tokenized version of the First Trust Global Tactical Commodity Strategy Fund, giving tokenholders economic exposure similar to holding FTGC and reinvesting any dividends. Ondo tokenized stocks enable non-US retail and institutional users around the world to instantly mint and redeem tokenized U.S. stocks and ETFs, 24 hours a day, five days a week with full access to traditional exchange liquidity. Additional restrictions apply. Learn more at ondo.finance/global-markets.","FTGCon is the Ondo Tokenized version of the First Trust Global Tactical Commodity Strategy Fund, giving tokenholders economic exposure similar to holding FTGC and reinvesting any dividends. Additional restrictions apply. Learn more at https://ondo.finance/gm."
Futu Holdings (Ondo Tokenized),FUTUon,futu-holdings-ondo-tokenized-stock,38090,0x5Ce215d9c37a195DF88e294a06B8396C296B4e15,0x5acf40056ed51c8bbcd1b125ef803581ac89a627,Ao5rKFRQ54W3DKSAtqfhBRPNHewwWRLNLao2JL9ondo,https://etherscan.io/address/0x5Ce215d9c37a195DF88e294a06B8396C296B4e15,https://etherscan.io/token/0x5Ce215d9c37a195DF88e294a06B8396C296B4e15,https://bscscan.com/address/0x5acf40056ed51c8bbcd1b125ef803581ac89a627,https://bscscan.com/token/0x5acf40056ed51c8bbcd1b125ef803581ac89a627,https://solscan.io/account/Ao5rKFRQ54W3DKSAtqfhBRPNHewwWRLNLao2JL9ondo,https://cdn.ondo.finance/tokens/logos/futuon_40x40.svg,https://cdn.ondo.finance/tokens/logos/futuon_160x160.png,Futu Holdings,FUTU,ADR,Stock,US36118L1061,"FUTUon is the Ondo Tokenized version of Futu Holdings, giving tokenholders economic exposure similar to holding FUTU and reinvesting any dividends. Ondo tokenized stocks enable non-US retail and institutional users around the world to instantly mint and redeem tokenized U.S. stocks and ETFs, 24 hours a day, five days a week with full access to traditional exchange liquidity. Additional restrictions apply. Learn more at ondo.finance/global-markets.","FUTUon is the Ondo Tokenized version of Futu Holdings, giving tokenholders economic exposure similar to holding FUTU and reinvesting any dividends. Additional restrictions apply. Learn more at https://ondo.finance/gm."
Gemini Space Station (Ondo Tokenized),GEMIon,gemini-space-station-ondo-tokenized-stock,39275,0xb51db25c920c16f2865c37011c3eec91db946b07,0x817942d5de16092656568e9f67f54ccb462f8989,NrTdGMA3ujUvWXkwXyZKnhoByb32KTjRh5Vo47yondo,https://etherscan.io/address/0xb51db25c920c16f2865c37011c3eec91db946b07,https://etherscan.io/token/0xb51db25c920c16f2865c37011c3eec91db946b07,https://bscscan.com/address/0x817942d5de16092656568e9f67f54ccb462f8989,https://bscscan.com/token/0x817942d5de16092656568e9f67f54ccb462f8989,https://solscan.io/account/NrTdGMA3ujUvWXkwXyZKnhoByb32KTjRh5Vo47yondo,https://cdn.ondo.finance/tokens/logos/gemion_40x40.svg,https://cdn.ondo.finance/tokens/logos/gemion_160x160.png,Gemini Space Station,GEMI,Common Stock,Stock,US3696043013,"GEMIon is the Ondo Tokenized version of Gemini Space Station, giving tokenholders economic exposure similar to holding GEMI and reinvesting any dividends. Ondo tokenized stocks enable non-US retail and institutional users around the world to instantly mint and redeem tokenized U.S. stocks and ETFs, 24 hours a day, five days a week with full access to traditional exchange liquidity. Additional restrictions apply. Learn more at ondo.finance/global-markets.","GEMIon is the Ondo Tokenized version of Gemini Space Station, giving tokenholders economic exposure similar to holding GEMI and reinvesting any dividends. Additional restrictions apply. Learn more at https://ondo.finance/gm."
General Electric (Ondo Tokenized),GEon,general-electric-ondo-tokenized-stock,38085,0xD904bCf89B7CedF5c89f9Df7e829191D695F847E,0x5151a22421ed4277f1e4ca4785a07b035d548a36,aTBfDuLRqYHBiG82bHA7DzwjSDTFre2dRtGH3S5ondo,https://etherscan.io/address/0xD904bCf89B7CedF5c89f9Df7e829191D695F847E,https://etherscan.io/token/0xD904bCf89B7CedF5c89f9Df7e829191D695F847E,https://bscscan.com/address/0x5151a22421ed4277f1e4ca4785a07b035d548a36,https://bscscan.com/token/0x5151a22421ed4277f1e4ca4785a07b035d548a36,https://solscan.io/account/aTBfDuLRqYHBiG82bHA7DzwjSDTFre2dRtGH3S5ondo,https://cdn.ondo.finance/tokens/logos/geon_40x40.svg,https://cdn.ondo.finance/tokens/logos/geon_160x160.png,General Electric,GE,Common Stock,Stock,US36866J1051,"GEon is the Ondo Tokenized version of General Electric, giving tokenholders economic exposure similar to holding GE and reinvesting any dividends. Ondo tokenized stocks enable non-US retail and institutional users around the world to instantly mint and redeem tokenized U.S. stocks and ETFs, 24 hours a day, five days a week with full access to traditional exchange liquidity. Additional restrictions apply. Learn more at ondo.finance/global-markets.","GEon is the Ondo Tokenized version of General Electric, giving tokenholders economic exposure similar to holding GE and reinvesting any dividends. Additional restrictions apply. Learn more at https://ondo.finance/gm."
SPDR Gold Shares (Ondo Tokenized),GLDon,spdr-gold-shares-ondo-tokenized,39276,0x423d42e505e64f99b6e277eb7ed324cc5606f139,0xfa9a1e901085e269f6d428f79cd5252d8b919344,hWfiw4mcxT8rnNFkk6fsCQSxoxgZ9yVhB6tyeVcondo,https://etherscan.io/address/0x423d42e505e64f99b6e277eb7ed324cc5606f139,https://etherscan.io/token/0x423d42e505e64f99b6e277eb7ed324cc5606f139,https://bscscan.com/address/0xfa9a1e901085e269f6d428f79cd5252d8b919344,https://bscscan.com/token/0xfa9a1e901085e269f6d428f79cd5252d8b919344,https://solscan.io/account/hWfiw4mcxT8rnNFkk6fsCQSxoxgZ9yVhB6tyeVcondo,https://cdn.ondo.finance/tokens/logos/gldon_40x40.svg,https://cdn.ondo.finance/tokens/logos/gldon_160x160.png,SPDR Gold Shares,GLD,Commodity ETF,ETF,US78463V1070,"GLDon is the Ondo Tokenized version of the SPDR Gold Shares, giving tokenholders economic exposure similar to holding GLD and reinvesting any dividends. Ondo tokenized stocks enable non-US retail and institutional users around the world to instantly mint and redeem tokenized U.S. stocks and ETFs, 24 hours a day, five days a week with full access to traditional exchange liquidity. Additional restrictions apply. Learn more at ondo.finance/global-markets.","GLDon is the Ondo Tokenized version of the SPDR Gold Shares, giving tokenholders economic exposure similar to holding GLD and reinvesting any dividends. Additional restrictions apply. Learn more at https://ondo.finance/gm."
GameStop (Ondo Tokenized),GMEon,gamestop-ondo-tokenized-stock,37997,0x71d24Baeb0A033ec5F90FF65C4210545AF378D97,0xdabb9aff4cf02f26d2014e4ca9f94ac6fe6572a3,aznKt8v32CwYMEcTcB4bGTv8DXWStCpHrcCtyy7ondo,https://etherscan.io/address/0x71d24Baeb0A033ec5F90FF65C4210545AF378D97,https://etherscan.io/token/0x71d24Baeb0A033ec5F90FF65C4210545AF378D97,https://bscscan.com/address/0xdabb9aff4cf02f26d2014e4ca9f94ac6fe6572a3,https://bscscan.com/token/0xdabb9aff4cf02f26d2014e4ca9f94ac6fe6572a3,https://solscan.io/account/aznKt8v32CwYMEcTcB4bGTv8DXWStCpHrcCtyy7ondo,https://cdn.ondo.finance/tokens/logos/gmeon_40x40.svg,https://cdn.ondo.finance/tokens/logos/gmeon_160x160.png,GameStop,GME,Common Stock,Stock,US36467W1099,"GMEon is the Ondo Tokenized version of GameStop, giving tokenholders economic exposure similar to holding GME and reinvesting any dividends. Ondo tokenized stocks enable non-US retail and institutional users around the world to instantly mint and redeem tokenized U.S. stocks and ETFs, 24 hours a day, five days a week with full access to traditional exchange liquidity. Additional restrictions apply. Learn more at ondo.finance/global-markets.","GMEon is the Ondo Tokenized version of GameStop, giving tokenholders economic exposure similar to holding GME and reinvesting any dividends. Additional restrictions apply. Learn more at https://ondo.finance/gm."
Alphabet Class A (Ondo Tokenized),GOOGLon,alphabet-class-a-ondo-tokenized-stock,38001,0xbA47214eDd2bb43099611b208f75E4b42FDcfEDc,0x091fc7778e6932d4009b087b191d1ee3bac5729a,bbahNA5vT9WJeYft8tALrH1LXWffjwqVoUbqYa1ondo,https://etherscan.io/address/0xbA47214eDd2bb43099611b208f75E4b42FDcfEDc,https://etherscan.io/token/0xbA47214eDd2bb43099611b208f75E4b42FDcfEDc,https://bscscan.com/address/0x091fc7778e6932d4009b087b191d1ee3bac5729a,https://bscscan.com/token/0x091fc7778e6932d4009b087b191d1ee3bac5729a,https://solscan.io/account/bbahNA5vT9WJeYft8tALrH1LXWffjwqVoUbqYa1ondo,https://cdn.ondo.finance/tokens/logos/googlon_40x40.svg,https://cdn.ondo.finance/tokens/logos/googlon_160x160.png,Alphabet Class A,GOOGL,Common Stock,Stock,US02079K3059,"GOOGLon is the Ondo Tokenized version of Alphabet Class A, giving tokenholders economic exposure similar to holding GOOGL and reinvesting any dividends. Ondo tokenized stocks enable non-US retail and institutional users around the world to instantly mint and redeem tokenized U.S. stocks and ETFs, 24 hours a day, five days a week with full access to traditional exchange liquidity. Additional restrictions apply. Learn more at ondo.finance/global-markets.","GOOGLon is the Ondo Tokenized version of Alphabet Class A, giving tokenholders economic exposure similar to holding GOOGL and reinvesting any dividends. Additional restrictions apply. Learn more at https://ondo.finance/gm."
Grab Holdings (Ondo Tokenized),GRABon,grab-holdings-ondo-tokenized-stock,39293,0x1c174711f3fd63c4165d6f296b3eb19d17fde94a,0xab2f74804c022c5249d52e743af4340e42f5f3b6,m9GcsVgdjaL3KsdtSFHimnhtsUMpTHkjtwEG4Tzondo,https://etherscan.io/address/0x1c174711f3fd63c4165d6f296b3eb19d17fde94a,https://etherscan.io/token/0x1c174711f3fd63c4165d6f296b3eb19d17fde94a,https://bscscan.com/address/0xab2f74804c022c5249d52e743af4340e42f5f3b6,https://bscscan.com/token/0xab2f74804c022c5249d52e743af4340e42f5f3b6,https://solscan.io/account/m9GcsVgdjaL3KsdtSFHimnhtsUMpTHkjtwEG4Tzondo,https://cdn.ondo.finance/tokens/logos/grabon_40x40.svg,https://cdn.ondo.finance/tokens/logos/grabon_160x160.png,Grab Holdings,GRAB,Common Stock,Stock,KYG4124C1096,"GRABon is the Ondo Tokenized version of Grab Holdings, giving tokenholders economic exposure similar to holding GRAB and reinvesting any dividends. Ondo tokenized stocks enable non-US retail and institutional users around the world to instantly mint and redeem tokenized U.S. stocks and ETFs, 24 hours a day, five days a week with full access to traditional exchange liquidity. Additional restrictions apply. Learn more at ondo.finance/global-markets.","GRABon is the Ondo Tokenized version of Grab Holdings, giving tokenholders economic exposure similar to holding GRAB and reinvesting any dividends. Additional restrictions apply. Learn more at https://ondo.finance/gm."
Grindr (Ondo Tokenized),GRNDon,grindr-ondo-tokenized-stock,38020,0xe5b26ba77e6a4d79a7c54a5296d81254269d9700,0x20cce48d767ed68cbba7727c4c504efe5bcb626c,Gc1aT3ay7FXL3qdAW7cNSXYPDsGavy7qiACuxwxondo,https://etherscan.io/address/0xe5b26ba77e6a4d79a7c54a5296d81254269d9700,https://etherscan.io/token/0xe5b26ba77e6a4d79a7c54a5296d81254269d9700,https://bscscan.com/address/0x20cce48d767ed68cbba7727c4c504efe5bcb626c,https://bscscan.com/token/0x20cce48d767ed68cbba7727c4c504efe5bcb626c,https://solscan.io/account/Gc1aT3ay7FXL3qdAW7cNSXYPDsGavy7qiACuxwxondo,https://cdn.ondo.finance/tokens/logos/grndon_40x40.svg,https://cdn.ondo.finance/tokens/logos/grndon_160x160.png,Grindr,GRND,Common Stock,Stock,US39854F1012,"GRNDon is the Ondo Tokenized version of Grindr, giving tokenholders economic exposure similar to holding GRND and reinvesting any dividends. Ondo tokenized stocks enable non-US retail and institutional users around the world to instantly mint and redeem tokenized U.S. stocks and ETFs, 24 hours a day, five days a week with full access to traditional exchange liquidity. Additional restrictions apply. Learn more at ondo.finance/global-markets.","GRNDon is the Ondo Tokenized version of Grindr, giving tokenholders economic exposure similar to holding GRND and reinvesting any dividends. Additional restrictions apply. Learn more at https://ondo.finance/gm."
Goldman Sachs (Ondo Tokenized),GSon,goldman-sachs-ondo-tokenized-stock,38038,0xdB57d9C14e357Fc01E49035a808779Df41E9B4e2,0x0d4f9b25f81163fb4840ba4f434672543823000c,BchJRy2snmhJZf3rQ9LJ3ePs2BGfYgfvQNo31d2ondo,https://etherscan.io/address/0xdB57d9C14e357Fc01E49035a808779Df41E9B4e2,https://etherscan.io/token/0xdB57d9C14e357Fc01E49035a808779Df41E9B4e2,https://bscscan.com/address/0x0d4f9b25f81163fb4840ba4f434672543823000c,https://bscscan.com/token/0x0d4f9b25f81163fb4840ba4f434672543823000c,https://solscan.io/account/BchJRy2snmhJZf3rQ9LJ3ePs2BGfYgfvQNo31d2ondo,https://cdn.ondo.finance/tokens/logos/gson_40x40.svg,https://cdn.ondo.finance/tokens/logos/gson_160x160.png,Goldman Sachs,GS,Common Stock,Stock,US38141G1040,"GSon is the Ondo Tokenized version of Goldman Sachs, giving tokenholders economic exposure similar to holding GS and reinvesting any dividends. Ondo tokenized stocks enable non-US retail and institutional users around the world to instantly mint and redeem tokenized U.S. stocks and ETFs, 24 hours a day, five days a week with full access to traditional exchange liquidity. Additional restrictions apply. Learn more at ondo.finance/global-markets.","GSon is the Ondo Tokenized version of Goldman Sachs, giving tokenholders economic exposure similar to holding GS and reinvesting any dividends. Additional restrictions apply. Learn more at https://ondo.finance/gm."
Home Depot (Ondo Tokenized),HDon,home-depot-ondo-tokenized-stock,39303,0x7dbd435aa4ecab5471cfcef4527a022fef0b7e1c,0x31dabf49e4bc1af1456c1819cb6a2562154e92f3,MtEXKVN3Pcggy8MPA3eJr15H6SK3RXheScqj9qtondo,https://etherscan.io/address/0x7dbd435aa4ecab5471cfcef4527a022fef0b7e1c,https://etherscan.io/token/0x7dbd435aa4ecab5471cfcef4527a022fef0b7e1c,https://bscscan.com/address/0x31dabf49e4bc1af1456c1819cb6a2562154e92f3,https://bscscan.com/token/0x31dabf49e4bc1af1456c1819cb6a2562154e92f3,https://solscan.io/account/MtEXKVN3Pcggy8MPA3eJr15H6SK3RXheScqj9qtondo,https://cdn.ondo.finance/tokens/logos/hdon_40x40.svg,https://cdn.ondo.finance/tokens/logos/hdon_160x160.png,Home Depot,HD,Common Stock,Stock,US4370761029,"HDon is the Ondo Tokenized version of Home Depot, giving tokenholders economic exposure similar to holding HD and reinvesting any dividends. Ondo tokenized stocks enable non-US retail and institutional users around the world to instantly mint and redeem tokenized U.S. stocks and ETFs, 24 hours a day, five days a week with full access to traditional exchange liquidity. Additional restrictions apply. Learn more at ondo.finance/global-markets.","HDon is the Ondo Tokenized version of Home Depot, giving tokenholders economic exposure similar to holding HD and reinvesting any dividends. Additional restrictions apply. Learn more at https://ondo.finance/gm."
Hims & Hers Health (Ondo Tokenized),HIMSon,hims-hers-health-ondo-tokenized-stock,38034,0xCa468554e5C0423Ee858fe3942c9568C51FcAa79,0x4693f6f5ef257381a28afd0673e64d8b32d5c6ad,bdh3njeo19d2TBLAKTGvCWdSoArfVw8uZBAJHY4ondo,https://etherscan.io/address/0xCa468554e5C0423Ee858fe3942c9568C51FcAa79,https://etherscan.io/token/0xCa468554e5C0423Ee858fe3942c9568C51FcAa79,https://bscscan.com/address/0x4693f6f5ef257381a28afd0673e64d8b32d5c6ad,https://bscscan.com/token/0x4693f6f5ef257381a28afd0673e64d8b32d5c6ad,https://solscan.io/account/bdh3njeo19d2TBLAKTGvCWdSoArfVw8uZBAJHY4ondo,https://cdn.ondo.finance/tokens/logos/himson_40x40.svg,https://cdn.ondo.finance/tokens/logos/himson_160x160.png,Hims & Hers Health,HIMS,Common Stock,Stock,US4330001060,"HIMSon is the Ondo Tokenized version of Hims & Hers Health, giving tokenholders economic exposure similar to holding HIMS and reinvesting any dividends. Ondo tokenized stocks enable non-US retail and institutional users around the world to instantly mint and redeem tokenized U.S. stocks and ETFs, 24 hours a day, five days a week with full access to traditional exchange liquidity. Additional restrictions apply. Learn more at ondo.finance/global-markets.","HIMSon is the Ondo Tokenized version of Hims & Hers Health, giving tokenholders economic exposure similar to holding HIMS and reinvesting any dividends. Additional restrictions apply. Learn more at https://ondo.finance/gm."
Robinhood Markets (Ondo Tokenized),HOODon,robinhood-markets-ondo-tokenized-stock,38004,0x998f02A9E343EF6E3E6f28700d5A20F839fD74E6,0x19601179a60f55ff6636f5d1a8b6671053bd60a8,BVdXGvmgi6A9oAiwWvBvP76fyTqcCNRJMM7zMN6ondo,https://etherscan.io/address/0x998f02A9E343EF6E3E6f28700d5A20F839fD74E6,https://etherscan.io/token/0x998f02A9E343EF6E3E6f28700d5A20F839fD74E6,https://bscscan.com/address/0x19601179a60f55ff6636f5d1a8b6671053bd60a8,https://bscscan.com/token/0x19601179a60f55ff6636f5d1a8b6671053bd60a8,https://solscan.io/account/BVdXGvmgi6A9oAiwWvBvP76fyTqcCNRJMM7zMN6ondo,https://cdn.ondo.finance/tokens/logos/hoodon_40x40.svg,https://cdn.ondo.finance/tokens/logos/hoodon_160x160.png,Robinhood Markets,HOOD,Common Stock,Stock,US7707001027,"HOODon is the Ondo Tokenized version of Robinhood Markets, giving tokenholders economic exposure similar to holding HOOD and reinvesting any dividends. Ondo tokenized stocks enable non-US retail and institutional users around the world to instantly mint and redeem tokenized U.S. stocks and ETFs, 24 hours a day, five days a week with full access to traditional exchange liquidity. Additional restrictions apply. Learn more at ondo.finance/global-markets.","HOODon is the Ondo Tokenized version of Robinhood Markets, giving tokenholders economic exposure similar to holding HOOD and reinvesting any dividends. Additional restrictions apply. Learn more at https://ondo.finance/gm."
iBoxx $ High Yield Corporate Bond ETF (Ondo Tokenized),HYGon,iboxx-high-yield-corporate-bond-etf-ondo-tokenized-etf,38088,0xeD3618Bb8778F8eBBe2f241Da532227591771D04,0x0dae81a905b645a3d1e67129b89cd0acda224e9a,c5ug15fwZRfQhhVa6LHscFY33ebVDHcVCezYpj7ondo,https://etherscan.io/address/0xeD3618Bb8778F8eBBe2f241Da532227591771D04,https://etherscan.io/token/0xeD3618Bb8778F8eBBe2f241Da532227591771D04,https://bscscan.com/address/0x0dae81a905b645a3d1e67129b89cd0acda224e9a,https://bscscan.com/token/0x0dae81a905b645a3d1e67129b89cd0acda224e9a,https://solscan.io/account/c5ug15fwZRfQhhVa6LHscFY33ebVDHcVCezYpj7ondo,https://cdn.ondo.finance/tokens/logos/hygon_40x40.svg,https://cdn.ondo.finance/tokens/logos/hygon_160x160.png,iBoxx $ High Yield Corporate Bond ETF,HYG,Bond ETF,ETF,US4642885135,"HYGon is the Ondo Tokenized version of the iBoxx $ High Yield Corporate Bond ETF, giving tokenholders economic exposure similar to holding HYG and reinvesting any dividends. Ondo tokenized stocks enable non-US retail and institutional users around the world to instantly mint and redeem tokenized U.S. stocks and ETFs, 24 hours a day, five days a week with full access to traditional exchange liquidity. Additional restrictions apply. Learn more at ondo.finance/global-markets.","HYGon is the Ondo Tokenized version of the iBoxx $ High Yield Corporate Bond ETF, giving tokenholders economic exposure similar to holding HYG and reinvesting any dividends. Additional restrictions apply. Learn more at https://ondo.finance/gm."
iShares Gold Trust (Ondo Tokenized),IAUon,ishares-gold-trust-ondo-tokenized-stock,38041,0x4f0CA3df1c2e6b943cf82E649d576ffe7B2fABCF,0xcb2a0f46f67dc4c58a316f1c008edef5c2311795,M77ZvkZ8zW5udRbuJCbuwSwavRa7bGAZYMTwru8ondo,https://etherscan.io/address/0x4f0CA3df1c2e6b943cf82E649d576ffe7B2fABCF,https://etherscan.io/token/0x4f0CA3df1c2e6b943cf82E649d576ffe7B2fABCF,https://bscscan.com/address/0xcb2a0f46f67dc4c58a316f1c008edef5c2311795,https://bscscan.com/token/0xcb2a0f46f67dc4c58a316f1c008edef5c2311795,https://solscan.io/account/M77ZvkZ8zW5udRbuJCbuwSwavRa7bGAZYMTwru8ondo,https://cdn.ondo.finance/tokens/logos/iauon_40x40.svg,https://cdn.ondo.finance/tokens/logos/iauon_160x160.png,iShares Gold Trust,IAU,Commodity ETF,ETF,US4642852044,"IAUon is the Ondo Tokenized version of the iShares Gold Trust, giving tokenholders economic exposure similar to holding IAU and reinvesting any dividends. Ondo tokenized stocks enable non-US retail and institutional users around the world to instantly mint and redeem tokenized U.S. stocks and ETFs, 24 hours a day, five days a week with full access to traditional exchange liquidity. Additional restrictions apply. Learn more at ondo.finance/global-markets.","IAUon is the Ondo Tokenized version of the iShares Gold Trust, giving tokenholders economic exposure similar to holding IAU and reinvesting any dividends. Additional restrictions apply. Learn more at https://ondo.finance/gm."
IBM (Ondo Tokenized),IBMon,ibm-ondo-tokenized-stock,38018,0x25d3f236B2d61656eebdeA86Ac6D42168e340011,0xe8ff70859ce4cbd72e4352b4fb45f5bf39d07464,C8bZkgSxXkyT1RgxByp2teJ24hgimPLoyEYoNa9ondo,https://etherscan.io/address/0x25d3f236B2d61656eebdeA86Ac6D42168e340011,https://etherscan.io/token/0x25d3f236B2d61656eebdeA86Ac6D42168e340011,https://bscscan.com/address/0xe8ff70859ce4cbd72e4352b4fb45f5bf39d07464,https://bscscan.com/token/0xe8ff70859ce4cbd72e4352b4fb45f5bf39d07464,https://solscan.io/account/C8bZkgSxXkyT1RgxByp2teJ24hgimPLoyEYoNa9ondo,https://cdn.ondo.finance/tokens/logos/ibmon_40x40.svg,https://cdn.ondo.finance/tokens/logos/ibmon_160x160.png,IBM,IBM,Common Stock,Stock,US4592001014,"IBMon is the Ondo Tokenized version of IBM, giving tokenholders economic exposure similar to holding IBM and reinvesting any dividends. Ondo tokenized stocks enable non-US retail and institutional users around the world to instantly mint and redeem tokenized U.S. stocks and ETFs, 24 hours a day, five days a week with full access to traditional exchange liquidity. Additional restrictions apply. Learn more at ondo.finance/global-markets.","IBMon is the Ondo Tokenized version of IBM, giving tokenholders economic exposure similar to holding IBM and reinvesting any dividends. Additional restrictions apply. Learn more at https://ondo.finance/gm."
iShares Core MSCI EAFE ETF (Ondo Tokenized),IEFAon,ishares-core-msci-eafe-etf-ondo-tokenized-etf,38021,0xFEFf7a377A86462F5a2A872009722C154707F09e,0x918008c3d29496c37b478b611967beaca365af36,C9J9vZ8N79GzzxFoRkPWCkGtMKU8akg4FhUk4r9ondo,https://etherscan.io/address/0xFEFf7a377A86462F5a2A872009722C154707F09e,https://etherscan.io/token/0xFEFf7a377A86462F5a2A872009722C154707F09e,https://bscscan.com/address/0x918008c3d29496c37b478b611967beaca365af36,https://bscscan.com/token/0x918008c3d29496c37b478b611967beaca365af36,https://solscan.io/account/C9J9vZ8N79GzzxFoRkPWCkGtMKU8akg4FhUk4r9ondo,https://cdn.ondo.finance/tokens/logos/iefaon_40x40.svg,https://cdn.ondo.finance/tokens/logos/iefaon_160x160.png,iShares Core MSCI EAFE ETF,IEFA,Equity ETF,ETF,US46432F8421,"IEFAon is the Ondo Tokenized version of the iShares Core MSCI EAFE ETF, giving tokenholders economic exposure similar to holding IEFA and reinvesting any dividends. Ondo tokenized stocks enable non-US retail and institutional users around the world to instantly mint and redeem tokenized U.S. stocks and ETFs, 24 hours a day, five days a week with full access to traditional exchange liquidity. Additional restrictions apply. Learn more at ondo.finance/global-markets.","IEFAon is the Ondo Tokenized version of the iShares Core MSCI EAFE ETF, giving tokenholders economic exposure similar to holding IEFA and reinvesting any dividends. Additional restrictions apply. Learn more at https://ondo.finance/gm."
iShares Core MSCI Emerging Markets ETF (Ondo Tokenized),IEMGon,ishares-core-msci-emerging-markets-etf-ondo-tokenized-etf,38099,0xcDD60D15125bf3362b6838D2506b0Fa33bc1a515,0x22092c94a91d019ad15536725598b0a6be0a73c0,cdVNL7wK8mf1UCDqM6zdrziRv4hmvqWhXeTcck2ondo,https://etherscan.io/address/0xcDD60D15125bf3362b6838D2506b0Fa33bc1a515,https://etherscan.io/token/0xcDD60D15125bf3362b6838D2506b0Fa33bc1a515,https://bscscan.com/address/0x22092c94a91d019ad15536725598b0a6be0a73c0,https://bscscan.com/token/0x22092c94a91d019ad15536725598b0a6be0a73c0,https://solscan.io/account/cdVNL7wK8mf1UCDqM6zdrziRv4hmvqWhXeTcck2ondo,https://cdn.ondo.finance/tokens/logos/iemgon_40x40.svg,https://cdn.ondo.finance/tokens/logos/iemgon_160x160.png,iShares Core MSCI Emerging Markets ETF,IEMG,Equity ETF,ETF,US46434G1031,"IEMGon is the Ondo Tokenized version of the iShares Core MSCI Emerging Markets ETF, giving tokenholders economic exposure similar to holding IEMG and reinvesting any dividends. Ondo tokenized stocks enable non-US retail and institutional users around the world to instantly mint and redeem tokenized U.S. stocks and ETFs, 24 hours a day, five days a week with full access to traditional exchange liquidity. Additional restrictions apply. Learn more at ondo.finance/global-markets.","IEMGon is the Ondo Tokenized version of the iShares Core MSCI Emerging Markets ETF, giving tokenholders economic exposure similar to holding IEMG and reinvesting any dividends. Additional restrictions apply. Learn more at https://ondo.finance/gm."
iShares Core S&P MidCap ETF (Ondo Tokenized),IJHon,ishares-core-s-p-midcap-etf-ondo-tokenized-etf,38084,0xFd50Fc4E3686a8DA814c5C3D6121d8aB98a537F0,0x167e93a849a0cc479769132552b99aa1cfa0948c,cfPLN9WXD2BTkbZhRZMVXPmVSiRo44hJWRtnaC8ondo,https://etherscan.io/address/0xFd50Fc4E3686a8DA814c5C3D6121d8aB98a537F0,https://etherscan.io/token/0xFd50Fc4E3686a8DA814c5C3D6121d8aB98a537F0,https://bscscan.com/address/0x167e93a849a0cc479769132552b99aa1cfa0948c,https://bscscan.com/token/0x167e93a849a0cc479769132552b99aa1cfa0948c,https://solscan.io/account/cfPLN9WXD2BTkbZhRZMVXPmVSiRo44hJWRtnaC8ondo,https://cdn.ondo.finance/tokens/logos/ijhon_40x40.svg,https://cdn.ondo.finance/tokens/logos/ijhon_160x160.png,iShares Core S&P MidCap ETF,IJH,Equity ETF,ETF,US4642875078,"IJHon is the Ondo Tokenized version of the iShares Core S&P MidCap ETF, giving tokenholders economic exposure similar to holding IJH and reinvesting any dividends. Ondo tokenized stocks enable non-US retail and institutional users around the world to instantly mint and redeem tokenized U.S. stocks and ETFs, 24 hours a day, five days a week with full access to traditional exchange liquidity. Additional restrictions apply. Learn more at ondo.finance/global-markets.","IJHon is the Ondo Tokenized version of the iShares Core S&P MidCap ETF, giving tokenholders economic exposure similar to holding IJH and reinvesting any dividends. Additional restrictions apply. Learn more at https://ondo.finance/gm."
Intel (Ondo Tokenized),INTCon,intel-ondo-tokenized-stock,38035,0xFdA09936DbD717368De0835bA441d9E62069d36f,0xa528caaa2f96090e379d43f90834c75df54d6e74,cJpUMp5R7rZ6fGeLHbHhrRuJzK9mkyKDjZqNpT3ondo,https://etherscan.io/address/0xFdA09936DbD717368De0835bA441d9E62069d36f,https://etherscan.io/token/0xFdA09936DbD717368De0835bA441d9E62069d36f,https://bscscan.com/address/0xa528caaa2f96090e379d43f90834c75df54d6e74,https://bscscan.com/token/0xa528caaa2f96090e379d43f90834c75df54d6e74,https://solscan.io/account/cJpUMp5R7rZ6fGeLHbHhrRuJzK9mkyKDjZqNpT3ondo,https://cdn.ondo.finance/tokens/logos/intcon_40x40.svg,https://cdn.ondo.finance/tokens/logos/intcon_160x160.png,Intel,INTC,Common Stock,Stock,US4581401001,"INTCon is the Ondo Tokenized version of Intel, giving tokenholders economic exposure similar to holding INTC and reinvesting any dividends. Ondo tokenized stocks enable non-US retail and institutional users around the world to instantly mint and redeem tokenized U.S. stocks and ETFs, 24 hours a day, five days a week with full access to traditional exchange liquidity. Additional restrictions apply. Learn more at ondo.finance/global-markets.","INTCon is the Ondo Tokenized version of Intel, giving tokenholders economic exposure similar to holding INTC and reinvesting any dividends. Additional restrictions apply. Learn more at https://ondo.finance/gm."
Intuit (Ondo Tokenized),INTUon,intuit-ondo-tokenized-stock,38079,0x6cc0afD51CE4Cb6920B775F3D6376Ab82b9A93Bb,0x6e3e077a6c0e3c27fd6d00b97387d9b7bd451bab,CozoH5HBTyyeYSQxHcWpGzd4Sq5XBaKzBzvTtN3ondo,https://etherscan.io/address/0x6cc0afD51CE4Cb6920B775F3D6376Ab82b9A93Bb,https://etherscan.io/token/0x6cc0afD51CE4Cb6920B775F3D6376Ab82b9A93Bb,https://bscscan.com/address/0x6e3e077a6c0e3c27fd6d00b97387d9b7bd451bab,https://bscscan.com/token/0x6e3e077a6c0e3c27fd6d00b97387d9b7bd451bab,https://solscan.io/account/CozoH5HBTyyeYSQxHcWpGzd4Sq5XBaKzBzvTtN3ondo,https://cdn.ondo.finance/tokens/logos/intuon_40x40.svg,https://cdn.ondo.finance/tokens/logos/intuon_160x160.png,Intuit,INTU,Common Stock,Stock,US4612021034,"INTUon is the Ondo Tokenized version of Intuit, giving tokenholders economic exposure similar to holding INTU and reinvesting any dividends. Ondo tokenized stocks enable non-US retail and institutional users around the world to instantly mint and redeem tokenized U.S. stocks and ETFs, 24 hours a day, five days a week with full access to traditional exchange liquidity. Additional restrictions apply. Learn more at ondo.finance/global-markets.","INTUon is the Ondo Tokenized version of Intuit, giving tokenholders economic exposure similar to holding INTU and reinvesting any dividends. Additional restrictions apply. Learn more at https://ondo.finance/gm."
Iren (Ondo Tokenized),IRENon,iren-ondo-tokenized-stock,39254,0x0b59fdb1a233a7477ea14061004b9dd776e73cb3,0x8fd70ee385f470c8d6fda2d93a4e49c849bac6a6,13QHuepdhtJ3urNsV9i1hdL8nQoca2G7ZaLzb5FYondo,https://etherscan.io/address/0x0b59fdb1a233a7477ea14061004b9dd776e73cb3,https://etherscan.io/token/0x0b59fdb1a233a7477ea14061004b9dd776e73cb3,https://bscscan.com/address/0x8fd70ee385f470c8d6fda2d93a4e49c849bac6a6,https://bscscan.com/token/0x8fd70ee385f470c8d6fda2d93a4e49c849bac6a6,https://solscan.io/account/13QHuepdhtJ3urNsV9i1hdL8nQoca2G7ZaLzb5FYondo,https://cdn.ondo.finance/tokens/logos/irenon_40x40.svg,https://cdn.ondo.finance/tokens/logos/irenon_160x160.png,Iren,IREN,Common Stock,Stock,AU0000185993,"IRENon is the Ondo Tokenized version of Iren, giving tokenholders economic exposure similar to holding IREN and reinvesting any dividends. Ondo tokenized stocks enable non-US retail and institutional users around the world to instantly mint and redeem tokenized U.S. stocks and ETFs, 24 hours a day, five days a week with full access to traditional exchange liquidity. Additional restrictions apply. Learn more at ondo.finance/global-markets.","IRENon is the Ondo Tokenized version of Iren, giving tokenholders economic exposure similar to holding IREN and reinvesting any dividends. Additional restrictions apply. Learn more at https://ondo.finance/gm."
Intuitive Surgical (Ondo Tokenized),ISRGon,intuitive-surgical-ondo-tokenized-stock,39221,0x2691b13fca1e02322685b9554b5ae0f5f3f05c55,0x784584933c2192caa062e90d8140d94768ce62d8,1MGRpPrkhEsCm2GCWD3rsvEU77xTTLAzfKXeFgFondo,https://etherscan.io/address/0x2691b13fca1e02322685b9554b5ae0f5f3f05c55,https://etherscan.io/token/0x2691b13fca1e02322685b9554b5ae0f5f3f05c55,https://bscscan.com/address/0x784584933c2192caa062e90d8140d94768ce62d8,https://bscscan.com/token/0x784584933c2192caa062e90d8140d94768ce62d8,https://solscan.io/account/1MGRpPrkhEsCm2GCWD3rsvEU77xTTLAzfKXeFgFondo,https://cdn.ondo.finance/tokens/logos/isrgon_40x40.svg,https://cdn.ondo.finance/tokens/logos/isrgon_160x160.png,Intuitive Surgical,ISRG,Common Stock,Stock,US46120E6023,"ISRGon is the Ondo Tokenized version of Intuitive Surgical, giving tokenholders economic exposure similar to holding ISRG and reinvesting any dividends. Ondo tokenized stocks enable non-US retail and institutional users around the world to instantly mint and redeem tokenized U.S. stocks and ETFs, 24 hours a day, five days a week with full access to traditional exchange liquidity. Additional restrictions apply. Learn more at ondo.finance/global-markets.","ISRGon is the Ondo Tokenized version of Intuitive Surgical, giving tokenholders economic exposure similar to holding ISRG and reinvesting any dividends. Additional restrictions apply. Learn more at https://ondo.finance/gm."
iShares Core S&P Total US Stock Market ETF (Ondo Tokenized),ITOTon,ishares-core-s-p-total-us-stock-market-etf-ondo-tokenized-etf,38003,0x0692481C369E2BDc728A69ae31b848343a4567Be,0xcf9caf83053213c44dd7027db3e1e4ac98e55f8f,CPWkMURVvcnX8hGjqCTb8i5LkzV3VSvyk7SeJi8ondo,https://etherscan.io/address/0x0692481C369E2BDc728A69ae31b848343a4567Be,https://etherscan.io/token/0x0692481C369E2BDc728A69ae31b848343a4567Be,https://bscscan.com/address/0xcf9caf83053213c44dd7027db3e1e4ac98e55f8f,https://bscscan.com/token/0xcf9caf83053213c44dd7027db3e1e4ac98e55f8f,https://solscan.io/account/CPWkMURVvcnX8hGjqCTb8i5LkzV3VSvyk7SeJi8ondo,https://cdn.ondo.finance/tokens/logos/itoton_40x40.svg,https://cdn.ondo.finance/tokens/logos/itoton_160x160.png,iShares Core S&P Total US Stock Market ETF,ITOT,Equity ETF,ETF,US4642871507,"ITOTon is the Ondo Tokenized version of the iShares Core S&P Total US Stock Market ETF, giving tokenholders economic exposure similar to holding ITOT and reinvesting any dividends. Ondo tokenized stocks enable non-US retail and institutional users around the world to instantly mint and redeem tokenized U.S. stocks and ETFs, 24 hours a day, five days a week with full access to traditional exchange liquidity. Additional restrictions apply. Learn more at ondo.finance/global-markets.","ITOTon is the Ondo Tokenized version of the iShares Core S&P Total US Stock Market ETF, giving tokenholders economic exposure similar to holding ITOT and reinvesting any dividends. Additional restrictions apply. Learn more at https://ondo.finance/gm."
iShares Core S&P 500 ETF (Ondo Tokenized),IVVon,ishares-core-s-p-500-etf-ondo-tokenized-etf,38051,0x62cA254a363dc3c748e7E955c20447aB5bF06fF7,0x1104eb7e85e25eb45f88e638b0c27a06c1a91cb2,CqW2pd6dCPG9xKZfAsTovzDsMmAGKJSDBNcwM96ondo,https://etherscan.io/address/0x62cA254a363dc3c748e7E955c20447aB5bF06fF7,https://etherscan.io/token/0x62cA254a363dc3c748e7E955c20447aB5bF06fF7,https://bscscan.com/address/0x1104eb7e85e25eb45f88e638b0c27a06c1a91cb2,https://bscscan.com/token/0x1104eb7e85e25eb45f88e638b0c27a06c1a91cb2,https://solscan.io/account/CqW2pd6dCPG9xKZfAsTovzDsMmAGKJSDBNcwM96ondo,https://cdn.ondo.finance/tokens/logos/ivvon_40x40.svg,https://cdn.ondo.finance/tokens/logos/ivvon_160x160.png,iShares Core S&P 500 ETF,IVV,Equity ETF,ETF,US4642872000,"IVVon is the Ondo Tokenized version of the iShares Core S&P 500 ETF, giving tokenholders economic exposure similar to holding IVV and reinvesting any dividends. Ondo tokenized stocks enable non-US retail and institutional users around the world to instantly mint and redeem tokenized U.S. stocks and ETFs, 24 hours a day, five days a week with full access to traditional exchange liquidity. Additional restrictions apply. Learn more at ondo.finance/global-markets.","IVVon is the Ondo Tokenized version of the iShares Core S&P 500 ETF, giving tokenholders economic exposure similar to holding IVV and reinvesting any dividends. Additional restrictions apply. Learn more at https://ondo.finance/gm."
iShares Russell 1000 Growth ETF (Ondo Tokenized),IWFon,ishares-russell-1000-growth-etf-ondo-tokenized-etf,38022,0x8d05432C2786e3F93f1a9A62b9572DBf54f3ea06,0x40755f06ab7f8de1ab3a9413b1ef562d63de19b1,dSHPFuMMjZqt7xDYGWrexXTSkdEZAiZngqymQF2ondo,https://etherscan.io/address/0x8d05432C2786e3F93f1a9A62b9572DBf54f3ea06,https://etherscan.io/token/0x8d05432C2786e3F93f1a9A62b9572DBf54f3ea06,https://bscscan.com/address/0x40755f06ab7f8de1ab3a9413b1ef562d63de19b1,https://bscscan.com/token/0x40755f06ab7f8de1ab3a9413b1ef562d63de19b1,https://solscan.io/account/dSHPFuMMjZqt7xDYGWrexXTSkdEZAiZngqymQF2ondo,https://cdn.ondo.finance/tokens/logos/iwfon_40x40.svg,https://cdn.ondo.finance/tokens/logos/iwfon_160x160.png,iShares Russell 1000 Growth ETF,IWF,Equity ETF,ETF,US4642876142,"IWFon is the Ondo Tokenized version of the iShares Russell 1000 Growth ETF, giving tokenholders economic exposure similar to holding IWF and reinvesting any dividends. Ondo tokenized stocks enable non-US retail and institutional users around the world to instantly mint and redeem tokenized U.S. stocks and ETFs, 24 hours a day, five days a week with full access to traditional exchange liquidity. Additional restrictions apply. Learn more at ondo.finance/global-markets.","IWFon is the Ondo Tokenized version of the iShares Russell 1000 Growth ETF, giving tokenholders economic exposure similar to holding IWF and reinvesting any dividends. Additional restrictions apply. Learn more at https://ondo.finance/gm."
iShares Russell 2000 ETF (Ondo Tokenized),IWMon,ishares-russell-2000-etf-ondo-tokenized-etf,38066,0x070D79021dD7e841123cB0CF554993bF683c511D,0x500eafc69b68acd6f27064f9b75f1c7d91cc4d9f,dvj2kKFSyjpnyYSYppgFdAEVfgjMEoQGi9VaV23ondo,https://etherscan.io/address/0x070D79021dD7e841123cB0CF554993bF683c511D,https://etherscan.io/token/0x070D79021dD7e841123cB0CF554993bF683c511D,https://bscscan.com/address/0x500eafc69b68acd6f27064f9b75f1c7d91cc4d9f,https://bscscan.com/token/0x500eafc69b68acd6f27064f9b75f1c7d91cc4d9f,https://solscan.io/account/dvj2kKFSyjpnyYSYppgFdAEVfgjMEoQGi9VaV23ondo,https://cdn.ondo.finance/tokens/logos/iwmon_40x40.svg,https://cdn.ondo.finance/tokens/logos/iwmon_160x160.png,iShares Russell 2000 ETF,IWM,Equity ETF,ETF,US4642876555,"IWMon is the Ondo Tokenized version of the iShares Russell 2000 ETF, giving tokenholders economic exposure similar to holding IWM and reinvesting any dividends. Ondo tokenized stocks enable non-US retail and institutional users around the world to instantly mint and redeem tokenized U.S. stocks and ETFs, 24 hours a day, five days a week with full access to traditional exchange liquidity. Additional restrictions apply. Learn more at ondo.finance/global-markets.","IWMon is the Ondo Tokenized version of the iShares Russell 2000 ETF, giving tokenholders economic exposure similar to holding IWM and reinvesting any dividends. Additional restrictions apply. Learn more at https://ondo.finance/gm."
iShares Russell 2000 Value ETF (Ondo Tokenized),IWNon,ishares-russell-2000-value-etf-ondo-tokenized-etf,37998,0x9DCf7f739B8C0270E2FC0Cc8D0DaBe355a150dBa,0xf54b94ea21e1da5d51ef00fd4502225e5394f874,DX7g7WNjDpVzNK9CG81v7wb6ZbiNzYfkdzH2Xs5ondo,https://etherscan.io/address/0x9DCf7f739B8C0270E2FC0Cc8D0DaBe355a150dBa,https://etherscan.io/token/0x9DCf7f739B8C0270E2FC0Cc8D0DaBe355a150dBa,https://bscscan.com/address/0xf54b94ea21e1da5d51ef00fd4502225e5394f874,https://bscscan.com/token/0xf54b94ea21e1da5d51ef00fd4502225e5394f874,https://solscan.io/account/DX7g7WNjDpVzNK9CG81v7wb6ZbiNzYfkdzH2Xs5ondo,https://cdn.ondo.finance/tokens/logos/iwnon_40x40.svg,https://cdn.ondo.finance/tokens/logos/iwnon_160x160.png,iShares Russell 2000 Value ETF,IWN,Equity ETF,ETF,US4642876308,"IWNon is the Ondo Tokenized version of the iShares Russell 2000 Value ETF, giving tokenholders economic exposure similar to holding IWN and reinvesting any dividends. Ondo tokenized stocks enable non-US retail and institutional users around the world to instantly mint and redeem tokenized U.S. stocks and ETFs, 24 hours a day, five days a week with full access to traditional exchange liquidity. Additional restrictions apply. Learn more at ondo.finance/global-markets.","IWNon is the Ondo Tokenized version of the iShares Russell 2000 Value ETF, giving tokenholders economic exposure similar to holding IWN and reinvesting any dividends. Additional restrictions apply. Learn more at https://ondo.finance/gm."
Janus Henderson AAA CLO ETF (Ondo Tokenized),JAAAon,janus-henderson-aaa-clo-etf-ondo-tokenized-etf,39288,0x219a1b27baa08d72fac836665a3b752f3c9acbbc,0x84719a1082ed487c7eeac7d69885e3cc2009ea78,KZtqx9BJbpcGY7vdzhqPXM3ECKChxE5YhXaDiwRondo,https://etherscan.io/address/0x219a1b27baa08d72fac836665a3b752f3c9acbbc,https://etherscan.io/token/0x219a1b27baa08d72fac836665a3b752f3c9acbbc,https://bscscan.com/address/0x84719a1082ed487c7eeac7d69885e3cc2009ea78,https://bscscan.com/token/0x84719a1082ed487c7eeac7d69885e3cc2009ea78,https://solscan.io/account/KZtqx9BJbpcGY7vdzhqPXM3ECKChxE5YhXaDiwRondo,https://cdn.ondo.finance/tokens/logos/jaaaon_40x40.svg,https://cdn.ondo.finance/tokens/logos/jaaaon_160x160.png,Janus Henderson AAA CLO ETF,JAAA,Bond ETF,ETF,US47103U8457,"JAAAon is the Ondo Tokenized version of the Janus Henderson AAA CLO ETF, giving tokenholders economic exposure similar to holding JAAA and reinvesting any dividends. Ondo tokenized stocks enable non-US retail and institutional users around the world to instantly mint and redeem tokenized U.S. stocks and ETFs, 24 hours a day, five days a week with full access to traditional exchange liquidity. Additional restrictions apply. Learn more at ondo.finance/global-markets.","JAAAon is the Ondo Tokenized version of the Janus Henderson AAA CLO ETF, giving tokenholders economic exposure similar to holding JAAA and reinvesting any dividends. Additional restrictions apply. Learn more at https://ondo.finance/gm."
JD.com (Ondo Tokenized),JDon,jd-com-ondo-tokenized-stock,38052,0xdeB6B89088cA9B7d7756087c8a0F7C6DF46f319C,0xe92be960ae64f6a914ca77014cac9e56de7f36c1,E1aUS5nyv7kaBzdQzPVJW5zfaMgoUJpKYzdnFS2ondo,https://etherscan.io/address/0xdeB6B89088cA9B7d7756087c8a0F7C6DF46f319C,https://etherscan.io/token/0xdeB6B89088cA9B7d7756087c8a0F7C6DF46f319C,https://bscscan.com/address/0xe92be960ae64f6a914ca77014cac9e56de7f36c1,https://bscscan.com/token/0xe92be960ae64f6a914ca77014cac9e56de7f36c1,https://solscan.io/account/E1aUS5nyv7kaBzdQzPVJW5zfaMgoUJpKYzdnFS2ondo,https://cdn.ondo.finance/tokens/logos/jdon_40x40.svg,https://cdn.ondo.finance/tokens/logos/jdon_160x160.png,JD.com,JD,ADR,Stock,US47215P1066,"JDon is the Ondo Tokenized version of JD.com, giving tokenholders economic exposure similar to holding JD and reinvesting any dividends. Ondo tokenized stocks enable non-US retail and institutional users around the world to instantly mint and redeem tokenized U.S. stocks and ETFs, 24 hours a day, five days a week with full access to traditional exchange liquidity. Additional restrictions apply. Learn more at ondo.finance/global-markets.","JDon is the Ondo Tokenized version of JD.com, giving tokenholders economic exposure similar to holding JD and reinvesting any dividends. Additional restrictions apply. Learn more at https://ondo.finance/gm."
Johnson & Johnson (Ondo Tokenized),JNJon,johnson-johnson-ondo-tokenized-stock,39231,0xdd0e1e6162666a210905ffe8d368661b313c00e9,0xd1f799cb9f5d0a02951b0755beced6c43882712f,KUXt7LzHWSQXp5eyqMZRxWjAP6yM8BUh4LRHwiwondo,https://etherscan.io/address/0xdd0e1e6162666a210905ffe8d368661b313c00e9,https://etherscan.io/token/0xdd0e1e6162666a210905ffe8d368661b313c00e9,https://bscscan.com/address/0xd1f799cb9f5d0a02951b0755beced6c43882712f,https://bscscan.com/token/0xd1f799cb9f5d0a02951b0755beced6c43882712f,https://solscan.io/account/KUXt7LzHWSQXp5eyqMZRxWjAP6yM8BUh4LRHwiwondo,https://cdn.ondo.finance/tokens/logos/jnjon_40x40.svg,https://cdn.ondo.finance/tokens/logos/jnjon_160x160.png,Johnson & Johnson,JNJ,Common Stock,Stock,US4781601046,"JNJon is the Ondo Tokenized version of Johnson & Johnson, giving tokenholders economic exposure similar to holding JNJ and reinvesting any dividends. Ondo tokenized stocks enable non-US retail and institutional users around the world to instantly mint and redeem tokenized U.S. stocks and ETFs, 24 hours a day, five days a week with full access to traditional exchange liquidity. Additional restrictions apply. Learn more at ondo.finance/global-markets.","JNJon is the Ondo Tokenized version of Johnson & Johnson, giving tokenholders economic exposure similar to holding JNJ and reinvesting any dividends. Additional restrictions apply. Learn more at https://ondo.finance/gm."
JPMorgan Chase (Ondo Tokenized),JPMon,jpmorgan-chase-ondo-tokenized-stock,38082,0x03C1EC4CA9DBb168E6Db0DeF827c085999CBffaF,0x317bf42b43a394860718266dec445dcc9fd9da49,E5Gczsavxcomqf6Cw1sGCKLabL1xYD2FzKxVoB4ondo,https://etherscan.io/address/0x03C1EC4CA9DBb168E6Db0DeF827c085999CBffaF,https://etherscan.io/token/0x03C1EC4CA9DBb168E6Db0DeF827c085999CBffaF,https://bscscan.com/address/0x317bf42b43a394860718266dec445dcc9fd9da49,https://bscscan.com/token/0x317bf42b43a394860718266dec445dcc9fd9da49,https://solscan.io/account/E5Gczsavxcomqf6Cw1sGCKLabL1xYD2FzKxVoB4ondo,https://cdn.ondo.finance/tokens/logos/jpmon_40x40.svg,https://cdn.ondo.finance/tokens/logos/jpmon_160x160.png,JPMorgan Chase,JPM,Common Stock,Stock,US46625H1005,"JPMon is the Ondo Tokenized version of JPMorgan Chase, giving tokenholders economic exposure similar to holding JPM and reinvesting any dividends. Ondo tokenized stocks enable non-US retail and institutional users around the world to instantly mint and redeem tokenized U.S. stocks and ETFs, 24 hours a day, five days a week with full access to traditional exchange liquidity. Additional restrictions apply. Learn more at ondo.finance/global-markets.","JPMon is the Ondo Tokenized version of JPMorgan Chase, giving tokenholders economic exposure similar to holding JPM and reinvesting any dividends. Additional restrictions apply. Learn more at https://ondo.finance/gm."
KLA (Ondo Tokenized),KLACon,kla-ondo-tokenized,39240,0xa637ae510cb50e61236a89ac480b93b8c3bccc46,0xfc263946439b0d802bf4c5a6fcd34e2885259f91,149o8ppQf9SzKCKXZ4v3dzHkwumvtQSRzSEkr29uondo,https://etherscan.io/address/0xa637ae510cb50e61236a89ac480b93b8c3bccc46,https://etherscan.io/token/0xa637ae510cb50e61236a89ac480b93b8c3bccc46,https://bscscan.com/address/0xfc263946439b0d802bf4c5a6fcd34e2885259f91,https://bscscan.com/token/0xfc263946439b0d802bf4c5a6fcd34e2885259f91,https://solscan.io/account/149o8ppQf9SzKCKXZ4v3dzHkwumvtQSRzSEkr29uondo,https://cdn.ondo.finance/tokens/logos/klacon_40x40.svg,https://cdn.ondo.finance/tokens/logos/klacon_160x160.png,KLA,KLAC,Common Stock,Stock,US4824801009,"KLACon is the Ondo Tokenized version of KLA, giving tokenholders economic exposure similar to holding KLAC and reinvesting any dividends. Ondo tokenized stocks enable non-US retail and institutional users around the world to instantly mint and redeem tokenized U.S. stocks and ETFs, 24 hours a day, five days a week with full access to traditional exchange liquidity. Additional restrictions apply. Learn more at ondo.finance/global-markets.","KLACon is the Ondo Tokenized version of KLA, giving tokenholders economic exposure similar to holding KLAC and reinvesting any dividends. Additional restrictions apply. Learn more at https://ondo.finance/gm."
Coca-Cola (Ondo Tokenized),KOon,coca-cola-ondo-tokenized-stock,38036,0x74a03d741226f738098C35da8188E57acA50d146,0x405f38b90bebf1259062cf29da299f3398662bcb,e6G4pfFcrdKxJuZ4YXixRFfMbpMvgXG2Mjcus71ondo,https://etherscan.io/address/0x74a03d741226f738098C35da8188E57acA50d146,https://etherscan.io/token/0x74a03d741226f738098C35da8188E57acA50d146,https://bscscan.com/address/0x405f38b90bebf1259062cf29da299f3398662bcb,https://bscscan.com/token/0x405f38b90bebf1259062cf29da299f3398662bcb,https://solscan.io/account/e6G4pfFcrdKxJuZ4YXixRFfMbpMvgXG2Mjcus71ondo,https://cdn.ondo.finance/tokens/logos/koon_40x40.svg,https://cdn.ondo.finance/tokens/logos/koon_160x160.png,Coca-Cola,KO,Common Stock,Stock,US1912161007,"KOon is the Ondo Tokenized version of Coca-Cola, giving tokenholders economic exposure similar to holding KO and reinvesting any dividends. Ondo tokenized stocks enable non-US retail and institutional users around the world to instantly mint and redeem tokenized U.S. stocks and ETFs, 24 hours a day, five days a week with full access to traditional exchange liquidity. Additional restrictions apply. Learn more at ondo.finance/global-markets.","KOon is the Ondo Tokenized version of Coca-Cola, giving tokenholders economic exposure similar to holding KO and reinvesting any dividends. Additional restrictions apply. Learn more at https://ondo.finance/gm."
Linde plc (Ondo Tokenized),LINon,linde-plc-ondo-tokenized-stock,38005,0x01B19c68f8A9eE3a480dA788ba401cFAbdf19B93,0xe1743616f705954620aa351465c8885fbde5a8a9,Edik9MoFp8LAXS9HNu2gRFyihwYqDqv4ZmNmVT9ondo,https://etherscan.io/address/0x01B19c68f8A9eE3a480dA788ba401cFAbdf19B93,https://etherscan.io/token/0x01B19c68f8A9eE3a480dA788ba401cFAbdf19B93,https://bscscan.com/address/0xe1743616f705954620aa351465c8885fbde5a8a9,https://bscscan.com/token/0xe1743616f705954620aa351465c8885fbde5a8a9,https://solscan.io/account/Edik9MoFp8LAXS9HNu2gRFyihwYqDqv4ZmNmVT9ondo,https://cdn.ondo.finance/tokens/logos/linon_40x40.svg,https://cdn.ondo.finance/tokens/logos/linon_160x160.png,Linde plc,LIN,ADR,Stock,US50202M1027,"LINon is the Ondo Tokenized version of Linde plc, giving tokenholders economic exposure similar to holding LIN and reinvesting any dividends. Ondo tokenized stocks enable non-US retail and institutional users around the world to instantly mint and redeem tokenized U.S. stocks and ETFs, 24 hours a day, five days a week with full access to traditional exchange liquidity. Additional restrictions apply. Learn more at ondo.finance/global-markets.","LINon is the Ondo Tokenized version of Linde plc, giving tokenholders economic exposure similar to holding LIN and reinvesting any dividends. Additional restrictions apply. Learn more at https://ondo.finance/gm."
Li Auto (Ondo Tokenized),LIon,li-auto-ondo-tokenized,39241,0xb6e362a39db703f0f7cf582c9fc043a51624e53d,0x9810beac9af3c30d14cfb61cdd557e160f60fd50,v12TwfofSbvVqQ5N5KGG4d3J8rtEi4BjGfn2apyondo,https://etherscan.io/address/0xb6e362a39db703f0f7cf582c9fc043a51624e53d,https://etherscan.io/token/0xb6e362a39db703f0f7cf582c9fc043a51624e53d,https://bscscan.com/address/0x9810beac9af3c30d14cfb61cdd557e160f60fd50,https://bscscan.com/token/0x9810beac9af3c30d14cfb61cdd557e160f60fd50,https://solscan.io/account/v12TwfofSbvVqQ5N5KGG4d3J8rtEi4BjGfn2apyondo,https://cdn.ondo.finance/tokens/logos/lion_40x40.svg,https://cdn.ondo.finance/tokens/logos/lion_160x160.png,Li Auto,LI,Common Stock,Stock,IE00BZ12WP82,"LIon is the Ondo Tokenized version of Li Auto, giving tokenholders economic exposure similar to holding LI and reinvesting any dividends. Ondo tokenized stocks enable non-US retail and institutional users around the world to instantly mint and redeem tokenized U.S. stocks and ETFs, 24 hours a day, five days a week with full access to traditional exchange liquidity. Additional restrictions apply. Learn more at ondo.finance/global-markets.","LIon is the Ondo Tokenized version of Li Auto, giving tokenholders economic exposure similar to holding LI and reinvesting any dividends. Additional restrictions apply. Learn more at https://ondo.finance/gm."
Eli Lilly (Ondo Tokenized),LLYon,eli-lilly-ondo-tokenized-stock,38043,0xf192957AE52dB3eb088654403CC2eDeD014ae556,0x341d31b2be1fee9c00e395a62ba41837f4322eed,eGGxZwNSfuNKRqQLKaz2hc4QkA2mau7skyxPdj7ondo,https://etherscan.io/address/0xf192957AE52dB3eb088654403CC2eDeD014ae556,https://etherscan.io/token/0xf192957AE52dB3eb088654403CC2eDeD014ae556,https://bscscan.com/address/0x341d31b2be1fee9c00e395a62ba41837f4322eed,https://bscscan.com/token/0x341d31b2be1fee9c00e395a62ba41837f4322eed,https://solscan.io/account/eGGxZwNSfuNKRqQLKaz2hc4QkA2mau7skyxPdj7ondo,https://cdn.ondo.finance/tokens/logos/llyon_40x40.svg,https://cdn.ondo.finance/tokens/logos/llyon_160x160.png,Eli Lilly,LLY,Common Stock,Stock,US5324571083,"LLYon is the Ondo Tokenized version of Eli Lilly, giving tokenholders economic exposure similar to holding LLY and reinvesting any dividends. Ondo tokenized stocks enable non-US retail and institutional users around the world to instantly mint and redeem tokenized U.S. stocks and ETFs, 24 hours a day, five days a week with full access to traditional exchange liquidity. Additional restrictions apply. Learn more at ondo.finance/global-markets.","LLYon is the Ondo Tokenized version of Eli Lilly, giving tokenholders economic exposure similar to holding LLY and reinvesting any dividends. Additional restrictions apply. Learn more at https://ondo.finance/gm."
Lockheed (Ondo Tokenized),LMTon,lockheed-ondo-tokenized-stock,38017,0x691b126cF619707Ed5d16CaB1B27C000aa8De300,0xd09f7b75b9659b864c6f82bb00ff096f9d277998,EoReHwUnGGekbXFHLj5rbCVKiwWqu32GrETMfw4ondo,https://etherscan.io/address/0x691b126cF619707Ed5d16CaB1B27C000aa8De300,https://etherscan.io/token/0x691b126cF619707Ed5d16CaB1B27C000aa8De300,https://bscscan.com/address/0xd09f7b75b9659b864c6f82bb00ff096f9d277998,https://bscscan.com/token/0xd09f7b75b9659b864c6f82bb00ff096f9d277998,https://solscan.io/account/EoReHwUnGGekbXFHLj5rbCVKiwWqu32GrETMfw4ondo,https://cdn.ondo.finance/tokens/logos/lmton_40x40.svg,https://cdn.ondo.finance/tokens/logos/lmton_160x160.png,Lockheed,LMT,Common Stock,Stock,US5398301094,"LMTon is the Ondo Tokenized version of Lockheed, giving tokenholders economic exposure similar to holding LMT and reinvesting any dividends. Ondo tokenized stocks enable non-US retail and institutional users around the world to instantly mint and redeem tokenized U.S. stocks and ETFs, 24 hours a day, five days a week with full access to traditional exchange liquidity. Additional restrictions apply. Learn more at ondo.finance/global-markets.","LMTon is the Ondo Tokenized version of Lockheed, giving tokenholders economic exposure similar to holding LMT and reinvesting any dividends. Additional restrictions apply. Learn more at https://ondo.finance/gm."
Lowe's (Ondo Tokenized),LOWon,lowe-s-ondo-tokenized,39311,0x84328d8b85019fdcecf4c82fbe076bf350fc0cab,0x2ec46eed30c94caa5979e6a0395abe824138335f,edLdFJVVR532qhcrNTJjLAmhmyV7NsctbWVokMBondo,https://etherscan.io/address/0x84328d8b85019fdcecf4c82fbe076bf350fc0cab,https://etherscan.io/token/0x84328d8b85019fdcecf4c82fbe076bf350fc0cab,https://bscscan.com/address/0x2ec46eed30c94caa5979e6a0395abe824138335f,https://bscscan.com/token/0x2ec46eed30c94caa5979e6a0395abe824138335f,https://solscan.io/account/edLdFJVVR532qhcrNTJjLAmhmyV7NsctbWVokMBondo,https://cdn.ondo.finance/tokens/logos/lowon_40x40.svg,https://cdn.ondo.finance/tokens/logos/lowon_160x160.png,Lowe's,LOW,Common Stock,Stock,US5486611073,"LOWon is the Ondo Tokenized version of Lowe's, giving tokenholders economic exposure similar to holding LOW and reinvesting any dividends. Ondo tokenized stocks enable non-US retail and institutional users around the world to instantly mint and redeem tokenized U.S. stocks and ETFs, 24 hours a day, five days a week with full access to traditional exchange liquidity. Additional restrictions apply. Learn more at ondo.finance/global-markets.","LOWon is the Ondo Tokenized version of Lowe's, giving tokenholders economic exposure similar to holding LOW and reinvesting any dividends. Additional restrictions apply. Learn more at https://ondo.finance/gm."
Lam Research (Ondo Tokenized),LRCXon,lam-research-ondo-tokenized,39304,0x21be23f5bf87a749670c088f6dee26760f1ab80f,0x35895a1fa1aff7fb3204fb01257409fd75acb24c,wFJoeEYpKg9oRhyJy6BWTT3J95gmXBLvoeikDQNondo,https://etherscan.io/address/0x21be23f5bf87a749670c088f6dee26760f1ab80f,https://etherscan.io/token/0x21be23f5bf87a749670c088f6dee26760f1ab80f,https://bscscan.com/address/0x35895a1fa1aff7fb3204fb01257409fd75acb24c,https://bscscan.com/token/0x35895a1fa1aff7fb3204fb01257409fd75acb24c,https://solscan.io/account/wFJoeEYpKg9oRhyJy6BWTT3J95gmXBLvoeikDQNondo,https://cdn.ondo.finance/tokens/logos/lrcxon_40x40.svg,https://cdn.ondo.finance/tokens/logos/lrcxon_160x160.png,Lam Research,LRCX,Common Stock,Stock,US5128073062,"LRCXon is the Ondo Tokenized version of Lam Research, giving tokenholders economic exposure similar to holding LRCX and reinvesting any dividends. Ondo tokenized stocks enable non-US retail and institutional users around the world to instantly mint and redeem tokenized U.S. stocks and ETFs, 24 hours a day, five days a week with full access to traditional exchange liquidity. Additional restrictions apply. Learn more at ondo.finance/global-markets.","LRCXon is the Ondo Tokenized version of Lam Research, giving tokenholders economic exposure similar to holding LRCX and reinvesting any dividends. Additional restrictions apply. Learn more at https://ondo.finance/gm."
Mastercard (Ondo Tokenized),MAon,mastercard-ondo-tokenized-stock,38054,0xA29dC2102dfc2a0A4A5dCb84Af984315567c9858,0x25ffda07f585c39848db6573e533d7585679c52d,EsVHcyRxXFJCLMiuYLWhoDygrNe1BJGpYeZ17X7ondo,https://etherscan.io/address/0xA29dC2102dfc2a0A4A5dCb84Af984315567c9858,https://etherscan.io/token/0xA29dC2102dfc2a0A4A5dCb84Af984315567c9858,https://bscscan.com/address/0x25ffda07f585c39848db6573e533d7585679c52d,https://bscscan.com/token/0x25ffda07f585c39848db6573e533d7585679c52d,https://solscan.io/account/EsVHcyRxXFJCLMiuYLWhoDygrNe1BJGpYeZ17X7ondo,https://cdn.ondo.finance/tokens/logos/maon_40x40.svg,https://cdn.ondo.finance/tokens/logos/maon_160x160.png,Mastercard,MA,Common Stock,Stock,US57636Q1040,"MAon is the Ondo Tokenized version of Mastercard, giving tokenholders economic exposure similar to holding MA and reinvesting any dividends. Ondo tokenized stocks enable non-US retail and institutional users around the world to instantly mint and redeem tokenized U.S. stocks and ETFs, 24 hours a day, five days a week with full access to traditional exchange liquidity. Additional restrictions apply. Learn more at ondo.finance/global-markets.","MAon is the Ondo Tokenized version of Mastercard, giving tokenholders economic exposure similar to holding MA and reinvesting any dividends. Additional restrictions apply. Learn more at https://ondo.finance/gm."
MARA Holdings (Ondo Tokenized),MARAon,mara-holdings-ondo-tokenized-stock,38013,0x4604b0b581269843ac7a6b70A5FC019E7762e511,0xd226d8170ee38793430c7dec6903df4b818bb74c,ETCJUmuhs5aY62xgEVWCZ5JR8KPdeXUaJz3LuC5ondo,https://etherscan.io/address/0x4604b0b581269843ac7a6b70A5FC019E7762e511,https://etherscan.io/token/0x4604b0b581269843ac7a6b70A5FC019E7762e511,https://bscscan.com/address/0xd226d8170ee38793430c7dec6903df4b818bb74c,https://bscscan.com/token/0xd226d8170ee38793430c7dec6903df4b818bb74c,https://solscan.io/account/ETCJUmuhs5aY62xgEVWCZ5JR8KPdeXUaJz3LuC5ondo,https://cdn.ondo.finance/tokens/logos/maraon_40x40.svg,https://cdn.ondo.finance/tokens/logos/maraon_160x160.png,MARA Holdings,MARA,Common Stock,Stock,US5657881067,"MARAon is the Ondo Tokenized version of MARA Holdings, giving tokenholders economic exposure similar to holding MARA and reinvesting any dividends. Ondo tokenized stocks enable non-US retail and institutional users around the world to instantly mint and redeem tokenized U.S. stocks and ETFs, 24 hours a day, five days a week with full access to traditional exchange liquidity. Additional restrictions apply. Learn more at ondo.finance/global-markets.","MARAon is the Ondo Tokenized version of MARA Holdings, giving tokenholders economic exposure similar to holding MARA and reinvesting any dividends. Additional restrictions apply. Learn more at https://ondo.finance/gm."
McDonald's (Ondo Tokenized),MCDon,mcdonald-s-ondo-tokenized-stock,38049,0x4C82c8cD9a218612DCe60b156B73A36705645e3b,0x995add4ba29a628a57930a8a185c62ca044ec090,EUbJjmDt8JA222M91bVLZs211siZ2jzbFArH9N3ondo,https://etherscan.io/address/0x4C82c8cD9a218612DCe60b156B73A36705645e3b,https://etherscan.io/token/0x4C82c8cD9a218612DCe60b156B73A36705645e3b,https://bscscan.com/address/0x995add4ba29a628a57930a8a185c62ca044ec090,https://bscscan.com/token/0x995add4ba29a628a57930a8a185c62ca044ec090,https://solscan.io/account/EUbJjmDt8JA222M91bVLZs211siZ2jzbFArH9N3ondo,https://cdn.ondo.finance/tokens/logos/mcdon_40x40.svg,https://cdn.ondo.finance/tokens/logos/mcdon_160x160.png,McDonald's,MCD,Common Stock,Stock,US5801351017,"MCDon is the Ondo Tokenized version of McDonald's, giving tokenholders economic exposure similar to holding MCD and reinvesting any dividends. Ondo tokenized stocks enable non-US retail and institutional users around the world to instantly mint and redeem tokenized U.S. stocks and ETFs, 24 hours a day, five days a week with full access to traditional exchange liquidity. Additional restrictions apply. Learn more at ondo.finance/global-markets.","MCDon is the Ondo Tokenized version of McDonald's, giving tokenholders economic exposure similar to holding MCD and reinvesting any dividends. Additional restrictions apply. Learn more at https://ondo.finance/gm."
MercadoLibre (Ondo Tokenized),MELIon,mercadolibre-ondo-tokenized-stock,38097,0x2816169A49953C548BfEb3948dCF05c4A0E4657D,0x60a8f8e05200ff73afde9e2cae819bf1605f0bdd,EWwdgGshGngcMpDV34pWZRSu5bkAuiKuKTTHKQ8ondo,https://etherscan.io/address/0x2816169A49953C548BfEb3948dCF05c4A0E4657D,https://etherscan.io/token/0x2816169A49953C548BfEb3948dCF05c4A0E4657D,https://bscscan.com/address/0x60a8f8e05200ff73afde9e2cae819bf1605f0bdd,https://bscscan.com/token/0x60a8f8e05200ff73afde9e2cae819bf1605f0bdd,https://solscan.io/account/EWwdgGshGngcMpDV34pWZRSu5bkAuiKuKTTHKQ8ondo,https://cdn.ondo.finance/tokens/logos/melion_40x40.svg,https://cdn.ondo.finance/tokens/logos/melion_160x160.png,MercadoLibre,MELI,Common Stock,Stock,US58733R1023,"MELIon is the Ondo Tokenized version of MercadoLibre, giving tokenholders economic exposure similar to holding MELI and reinvesting any dividends. Ondo tokenized stocks enable non-US retail and institutional users around the world to instantly mint and redeem tokenized U.S. stocks and ETFs, 24 hours a day, five days a week with full access to traditional exchange liquidity. Additional restrictions apply. Learn more at ondo.finance/global-markets.","MELIon is the Ondo Tokenized version of MercadoLibre, giving tokenholders economic exposure similar to holding MELI and reinvesting any dividends. Additional restrictions apply. Learn more at https://ondo.finance/gm."
Meta Platforms (Ondo Tokenized),METAon,meta-platforms-ondo-tokenized-stock,38065,0x59644165402b611b350645555B50Afb581C71EB2,0xd7df5863a3e742f0c767768cdfcb63f09e0422f6,fDxs5y12E7x7jBwCKBXGqt71uJmCWsAQ3Srkte6ondo,https://etherscan.io/address/0x59644165402b611b350645555B50Afb581C71EB2,https://etherscan.io/token/0x59644165402b611b350645555B50Afb581C71EB2,https://bscscan.com/address/0xd7df5863a3e742f0c767768cdfcb63f09e0422f6,https://bscscan.com/token/0xd7df5863a3e742f0c767768cdfcb63f09e0422f6,https://solscan.io/account/fDxs5y12E7x7jBwCKBXGqt71uJmCWsAQ3Srkte6ondo,https://cdn.ondo.finance/tokens/logos/metaon_40x40.svg,https://cdn.ondo.finance/tokens/logos/metaon_160x160.png,Meta Platforms,META,Common Stock,Stock,US30303M1027,"METAon is the Ondo Tokenized version of Meta Platforms, giving tokenholders economic exposure similar to holding META and reinvesting any dividends. Ondo tokenized stocks enable non-US retail and institutional users around the world to instantly mint and redeem tokenized U.S. stocks and ETFs, 24 hours a day, five days a week with full access to traditional exchange liquidity. Additional restrictions apply. Learn more at ondo.finance/global-markets.","METAon is the Ondo Tokenized version of Meta Platforms, giving tokenholders economic exposure similar to holding META and reinvesting any dividends. Additional restrictions apply. Learn more at https://ondo.finance/gm."
MP Materials (Ondo Tokenized),MPon,mp-materials-ondo-tokenized,39290,0x75846a2b2eeee6575ac775f9984be54fd1d08189,0x4baf4dc56cf6a525a0874e25cc6372a6a8915135,XwFm5GiKPVTvPiEbQpdc6vJbFEpsUXRMf6TcSxnondo,https://etherscan.io/address/0x75846a2b2eeee6575ac775f9984be54fd1d08189,https://etherscan.io/token/0x75846a2b2eeee6575ac775f9984be54fd1d08189,https://bscscan.com/address/0x4baf4dc56cf6a525a0874e25cc6372a6a8915135,https://bscscan.com/token/0x4baf4dc56cf6a525a0874e25cc6372a6a8915135,https://solscan.io/account/XwFm5GiKPVTvPiEbQpdc6vJbFEpsUXRMf6TcSxnondo,https://cdn.ondo.finance/tokens/logos/mpon_40x40.svg,https://cdn.ondo.finance/tokens/logos/mpon_160x160.png,MP Materials,MP,Common Stock,Stock,US5533681012,"MPon is the Ondo Tokenized version of MP Materials, giving tokenholders economic exposure similar to holding MP and reinvesting any dividends. Ondo tokenized stocks enable non-US retail and institutional users around the world to instantly mint and redeem tokenized U.S. stocks and ETFs, 24 hours a day, five days a week with full access to traditional exchange liquidity. Additional restrictions apply. Learn more at ondo.finance/global-markets.","MPon is the Ondo Tokenized version of MP Materials, giving tokenholders economic exposure similar to holding MP and reinvesting any dividends. Additional restrictions apply. Learn more at https://ondo.finance/gm."
Merck (Ondo Tokenized),MRKon,merck-ondo-tokenized,39307,0xdc8a7db05ea704227d56f5d4a4b77a2d1bba29c0,0x869027261075c3c239d6a26842579b93802606f4,bn1fb8dwzafGePqNPrM8m8cbAKQiFqeEPuZkPySondo,https://etherscan.io/address/0xdc8a7db05ea704227d56f5d4a4b77a2d1bba29c0,https://etherscan.io/token/0xdc8a7db05ea704227d56f5d4a4b77a2d1bba29c0,https://bscscan.com/address/0x869027261075c3c239d6a26842579b93802606f4,https://bscscan.com/token/0x869027261075c3c239d6a26842579b93802606f4,https://solscan.io/account/bn1fb8dwzafGePqNPrM8m8cbAKQiFqeEPuZkPySondo,https://cdn.ondo.finance/tokens/logos/mrkon_40x40.svg,https://cdn.ondo.finance/tokens/logos/mrkon_160x160.png,Merck,MRK,Common Stock,Stock,US58933Y1055,"MRKon is the Ondo Tokenized version of Merck, giving tokenholders economic exposure similar to holding MRK and reinvesting any dividends. Ondo tokenized stocks enable non-US retail and institutional users around the world to instantly mint and redeem tokenized U.S. stocks and ETFs, 24 hours a day, five days a week with full access to traditional exchange liquidity. Additional restrictions apply. Learn more at ondo.finance/global-markets.","MRKon is the Ondo Tokenized version of Merck, giving tokenholders economic exposure similar to holding MRK and reinvesting any dividends. Additional restrictions apply. Learn more at https://ondo.finance/gm."
Moderna (Ondo Tokenized),MRNAon,moderna-ondo-tokenized,39277,0xa2c1c0b4683a871187d4565eb63abf9aef5947ee,0x01486675da0764ee780ea7cb65c33062e9b2d28c,14VP7DvCAdBCc5XGNZkPt6zhtPzJrWWS64Koxtxyondo,https://etherscan.io/address/0xa2c1c0b4683a871187d4565eb63abf9aef5947ee,https://etherscan.io/token/0xa2c1c0b4683a871187d4565eb63abf9aef5947ee,https://bscscan.com/address/0x01486675da0764ee780ea7cb65c33062e9b2d28c,https://bscscan.com/token/0x01486675da0764ee780ea7cb65c33062e9b2d28c,https://solscan.io/account/14VP7DvCAdBCc5XGNZkPt6zhtPzJrWWS64Koxtxyondo,https://cdn.ondo.finance/tokens/logos/mrnaon_40x40.svg,https://cdn.ondo.finance/tokens/logos/mrnaon_160x160.png,Moderna,MRNA,Common Stock,Stock,US60770K1079,"MRNAon is the Ondo Tokenized version of Moderna, giving tokenholders economic exposure similar to holding MRNA and reinvesting any dividends. Ondo tokenized stocks enable non-US retail and institutional users around the world to instantly mint and redeem tokenized U.S. stocks and ETFs, 24 hours a day, five days a week with full access to traditional exchange liquidity. Additional restrictions apply. Learn more at ondo.finance/global-markets.","MRNAon is the Ondo Tokenized version of Moderna, giving tokenholders economic exposure similar to holding MRNA and reinvesting any dividends. Additional restrictions apply. Learn more at https://ondo.finance/gm."
Marvell Technology (Ondo Tokenized),MRVLon,marvell-technology-ondo-tokenized-stock,38089,0xF404E5f887dBd5508e16a1198fCDD5DE1A4296B8,0x1501ec83ffef405b4331cc4f73277a40fb0c627d,FovBwhoV5KQjZCdhoM6jgXYwXLX3F8vgAfvmLH7ondo,https://etherscan.io/address/0xF404E5f887dBd5508e16a1198fCDD5DE1A4296B8,https://etherscan.io/token/0xF404E5f887dBd5508e16a1198fCDD5DE1A4296B8,https://bscscan.com/address/0x1501ec83ffef405b4331cc4f73277a40fb0c627d,https://bscscan.com/token/0x1501ec83ffef405b4331cc4f73277a40fb0c627d,https://solscan.io/account/FovBwhoV5KQjZCdhoM6jgXYwXLX3F8vgAfvmLH7ondo,https://cdn.ondo.finance/tokens/logos/mrvlon_40x40.svg,https://cdn.ondo.finance/tokens/logos/mrvlon_160x160.png,Marvell Technology,MRVL,Common Stock,Stock,US5738741041,"MRVLon is the Ondo Tokenized version of Marvell Technology, giving tokenholders economic exposure similar to holding MRVL and reinvesting any dividends. Ondo tokenized stocks enable non-US retail and institutional users around the world to instantly mint and redeem tokenized U.S. stocks and ETFs, 24 hours a day, five days a week with full access to traditional exchange liquidity. Additional restrictions apply. Learn more at ondo.finance/global-markets.","MRVLon is the Ondo Tokenized version of Marvell Technology, giving tokenholders economic exposure similar to holding MRVL and reinvesting any dividends. Additional restrictions apply. Learn more at https://ondo.finance/gm."
Microsoft (Ondo Tokenized),MSFTon,microsoft-ondo-tokenized-stock,38086,0xB812837b81a3a6b81d7CD74CfB19A7f2784555E5,0x6bfe75d1ad432050ea973c3a3dcd88f02e2444c3,FRmH6iRkMr33DLG6zVLR7EM4LojBFAuq6NtFzG6ondo,https://etherscan.io/address/0xB812837b81a3a6b81d7CD74CfB19A7f2784555E5,https://etherscan.io/token/0xB812837b81a3a6b81d7CD74CfB19A7f2784555E5,https://bscscan.com/address/0x6bfe75d1ad432050ea973c3a3dcd88f02e2444c3,https://bscscan.com/token/0x6bfe75d1ad432050ea973c3a3dcd88f02e2444c3,https://solscan.io/account/FRmH6iRkMr33DLG6zVLR7EM4LojBFAuq6NtFzG6ondo,https://cdn.ondo.finance/tokens/logos/msfton_40x40.svg,https://cdn.ondo.finance/tokens/logos/msfton_160x160.png,Microsoft,MSFT,Common Stock,Stock,US5949181045,"MSFTon is the Ondo Tokenized version of Microsoft, giving tokenholders economic exposure similar to holding MSFT and reinvesting any dividends. Ondo tokenized stocks enable non-US retail and institutional users around the world to instantly mint and redeem tokenized U.S. stocks and ETFs, 24 hours a day, five days a week with full access to traditional exchange liquidity. Additional restrictions apply. Learn more at ondo.finance/global-markets.","MSFTon is the Ondo Tokenized version of Microsoft, giving tokenholders economic exposure similar to holding MSFT and reinvesting any dividends. Additional restrictions apply. Learn more at https://ondo.finance/gm."
MicroStrategy (Ondo Tokenized),MSTRon,microstrategy-ondo-tokenized-stock,38092,0xCabD955322dfbf94C084929ac5E9Eca3fEB5556F,0x7313ea16493b2f55054df0131a3a14b043ec8992,FSz4ouiqXpHuGPcpacZfTzbMjScoj5FfzHkiyu2ondo,https://etherscan.io/address/0xCabD955322dfbf94C084929ac5E9Eca3fEB5556F,https://etherscan.io/token/0xCabD955322dfbf94C084929ac5E9Eca3fEB5556F,https://bscscan.com/address/0x7313ea16493b2f55054df0131a3a14b043ec8992,https://bscscan.com/token/0x7313ea16493b2f55054df0131a3a14b043ec8992,https://solscan.io/account/FSz4ouiqXpHuGPcpacZfTzbMjScoj5FfzHkiyu2ondo,https://cdn.ondo.finance/tokens/logos/mstron_40x40.svg,https://cdn.ondo.finance/tokens/logos/mstron_160x160.png,MicroStrategy,MSTR,Common Stock,Stock,US5949724083,"MSTRon is the Ondo Tokenized version of MicroStrategy, giving tokenholders economic exposure similar to holding MSTR and reinvesting any dividends. Ondo tokenized stocks enable non-US retail and institutional users around the world to instantly mint and redeem tokenized U.S. stocks and ETFs, 24 hours a day, five days a week with full access to traditional exchange liquidity. Additional restrictions apply. Learn more at ondo.finance/global-markets.","MSTRon is the Ondo Tokenized version of MicroStrategy, giving tokenholders economic exposure similar to holding MSTR and reinvesting any dividends. Additional restrictions apply. Learn more at https://ondo.finance/gm."
MasTec (Ondo Tokenized),MTZon,mastec-ondo-tokenized,39259,0x5cb95099a2c7e3c8187fbca6efe5ba222b5ba820,0xf49046aae76eaeb7ffd3ef116ce0f7cd0f52d93e,R3ywbVQ5t8LNmjQsn2Ngv43dSqyZscQwNag9G3Eondo,https://etherscan.io/address/0x5cb95099a2c7e3c8187fbca6efe5ba222b5ba820,https://etherscan.io/token/0x5cb95099a2c7e3c8187fbca6efe5ba222b5ba820,https://bscscan.com/address/0xf49046aae76eaeb7ffd3ef116ce0f7cd0f52d93e,https://bscscan.com/token/0xf49046aae76eaeb7ffd3ef116ce0f7cd0f52d93e,https://solscan.io/account/R3ywbVQ5t8LNmjQsn2Ngv43dSqyZscQwNag9G3Eondo,https://cdn.ondo.finance/tokens/logos/mtzon_40x40.svg,https://cdn.ondo.finance/tokens/logos/mtzon_160x160.png,MasTec,MTZ,Common Stock,Stock,US5763231090,"MTZon is the Ondo Tokenized version of MasTec, giving tokenholders economic exposure similar to holding MTZ and reinvesting any dividends. Ondo tokenized stocks enable non-US retail and institutional users around the world to instantly mint and redeem tokenized U.S. stocks and ETFs, 24 hours a day, five days a week with full access to traditional exchange liquidity. Additional restrictions apply. Learn more at ondo.finance/global-markets.","MTZon is the Ondo Tokenized version of MasTec, giving tokenholders economic exposure similar to holding MTZ and reinvesting any dividends. Additional restrictions apply. Learn more at https://ondo.finance/gm."
Micron Technology (Ondo Tokenized),MUon,micron-technology-ondo-tokenized-stock,38014,0x050362Ab1072Cb2Ce74d74770E22A3203Ad04ee5,0x8b6acf6041a81567f012ff6a4c6d96d5818d74bf,Fz9edBpaURPPzpKVRR1A8PENYDEgHqwx5D5th28ondo,https://etherscan.io/address/0x050362Ab1072Cb2Ce74d74770E22A3203Ad04ee5,https://etherscan.io/token/0x050362Ab1072Cb2Ce74d74770E22A3203Ad04ee5,https://bscscan.com/address/0x8b6acf6041a81567f012ff6a4c6d96d5818d74bf,https://bscscan.com/token/0x8b6acf6041a81567f012ff6a4c6d96d5818d74bf,https://solscan.io/account/Fz9edBpaURPPzpKVRR1A8PENYDEgHqwx5D5th28ondo,https://cdn.ondo.finance/tokens/logos/muon_40x40.svg,https://cdn.ondo.finance/tokens/logos/muon_160x160.png,Micron Technology,MU,Common Stock,Stock,US5951121038,"MUon is the Ondo Tokenized version of Micron Technology, giving tokenholders economic exposure similar to holding MU and reinvesting any dividends. Ondo tokenized stocks enable non-US retail and institutional users around the world to instantly mint and redeem tokenized U.S. stocks and ETFs, 24 hours a day, five days a week with full access to traditional exchange liquidity. Additional restrictions apply. Learn more at ondo.finance/global-markets.","MUon is the Ondo Tokenized version of Micron Technology, giving tokenholders economic exposure similar to holding MU and reinvesting any dividends. Additional restrictions apply. Learn more at https://ondo.finance/gm."
NextEra Energy (Ondo Tokenized),NEEon,nextera-energy-ondo-tokenized,39271,0xf46ba88694cd7933ca28be84ee787ad5732e856b,0xe9d43f7e6b2237e8873a7003b3f43c6b03160be5,t7eN6cGwRMFaZvsNW2SmVwkedmHtDdrxA4ycNE5ondo,https://etherscan.io/address/0xf46ba88694cd7933ca28be84ee787ad5732e856b,https://etherscan.io/token/0xf46ba88694cd7933ca28be84ee787ad5732e856b,https://bscscan.com/address/0xe9d43f7e6b2237e8873a7003b3f43c6b03160be5,https://bscscan.com/token/0xe9d43f7e6b2237e8873a7003b3f43c6b03160be5,https://solscan.io/account/t7eN6cGwRMFaZvsNW2SmVwkedmHtDdrxA4ycNE5ondo,https://cdn.ondo.finance/tokens/logos/neeon_40x40.svg,https://cdn.ondo.finance/tokens/logos/neeon_160x160.png,NextEra Energy,NEE,Common Stock,Stock,US65339F1012,"NEEon is the Ondo Tokenized version of NextEra Energy, giving tokenholders economic exposure similar to holding NEE and reinvesting any dividends. Ondo tokenized stocks enable non-US retail and institutional users around the world to instantly mint and redeem tokenized U.S. stocks and ETFs, 24 hours a day, five days a week with full access to traditional exchange liquidity. Additional restrictions apply. Learn more at ondo.finance/global-markets.","NEEon is the Ondo Tokenized version of NextEra Energy, giving tokenholders economic exposure similar to holding NEE and reinvesting any dividends. Additional restrictions apply. Learn more at https://ondo.finance/gm."
Netflix (Ondo Tokenized),NFLXon,netflix-ondo-tokenized-stock,38032,0x032deC3372F25C41EA8054B4987a7c4832CDB338,0x7048f5227b032326cc8dbc53cf3fddd947a2c757,g4KnPrxPLeeKkwvDmZFMtYQPM64eHeShbD55vK6ondo,https://etherscan.io/address/0x032deC3372F25C41EA8054B4987a7c4832CDB338,https://etherscan.io/token/0x032deC3372F25C41EA8054B4987a7c4832CDB338,https://bscscan.com/address/0x7048f5227b032326cc8dbc53cf3fddd947a2c757,https://bscscan.com/token/0x7048f5227b032326cc8dbc53cf3fddd947a2c757,https://solscan.io/account/g4KnPrxPLeeKkwvDmZFMtYQPM64eHeShbD55vK6ondo,https://cdn.ondo.finance/tokens/logos/nflxon_40x40.svg,https://cdn.ondo.finance/tokens/logos/nflxon_160x160.png,Netflix,NFLX,Common Stock,Stock,US64110L1061,"NFLXon is the Ondo Tokenized version of Netflix, giving tokenholders economic exposure similar to holding NFLX and reinvesting any dividends. Ondo tokenized stocks enable non-US retail and institutional users around the world to instantly mint and redeem tokenized U.S. stocks and ETFs, 24 hours a day, five days a week with full access to traditional exchange liquidity. Additional restrictions apply. Learn more at ondo.finance/global-markets.","NFLXon is the Ondo Tokenized version of Netflix, giving tokenholders economic exposure similar to holding NFLX and reinvesting any dividends. Additional restrictions apply. Learn more at https://ondo.finance/gm."
Sprott Nickel Miners ETF (Ondo Tokenized),NIKLon,sprott-nickel-miners-etf-ondo-tokenized,39255,0xbf54eb503bb350583d11f4348086dc3608fa245c,0xe23f03d2907cdc38a10f6ccdc1a157bf1afe51de,V8LRV7kWjrx6Prke9oHEHNUiR122BVtyuPciTCTondo,https://etherscan.io/address/0xbf54eb503bb350583d11f4348086dc3608fa245c,https://etherscan.io/token/0xbf54eb503bb350583d11f4348086dc3608fa245c,https://bscscan.com/address/0xe23f03d2907cdc38a10f6ccdc1a157bf1afe51de,https://bscscan.com/token/0xe23f03d2907cdc38a10f6ccdc1a157bf1afe51de,https://solscan.io/account/V8LRV7kWjrx6Prke9oHEHNUiR122BVtyuPciTCTondo,https://cdn.ondo.finance/tokens/logos/niklon_40x40.svg,https://cdn.ondo.finance/tokens/logos/niklon_160x160.png,Sprott Nickel Miners ETF,NIKL,Commodity ETF,ETF,US85208P6007,"NIKLon is the Ondo Tokenized version of the Sprott Nickel Miners ETF, giving tokenholders economic exposure similar to holding NIKL and reinvesting any dividends. Ondo tokenized stocks enable non-US retail and institutional users around the world to instantly mint and redeem tokenized U.S. stocks and ETFs, 24 hours a day, five days a week with full access to traditional exchange liquidity. Additional restrictions apply. Learn more at ondo.finance/global-markets.","NIKLon is the Ondo Tokenized version of the Sprott Nickel Miners ETF, giving tokenholders economic exposure similar to holding NIKL and reinvesting any dividends. Additional restrictions apply. Learn more at https://ondo.finance/gm."
NIO (Ondo Tokenized),NIOon,nio-ondo-tokenized,39244,0xee2542f442a5ed8008e2fe3590e14f90db69f70d,0xc6f9edbee6042a237d72493bbda3ee2c3c62f708,yQ37dFiGAbzrb2FRAEhGNzRy5zFfoYGWYhAepFEondo,https://etherscan.io/address/0xee2542f442a5ed8008e2fe3590e14f90db69f70d,https://etherscan.io/token/0xee2542f442a5ed8008e2fe3590e14f90db69f70d,https://bscscan.com/address/0xc6f9edbee6042a237d72493bbda3ee2c3c62f708,https://bscscan.com/token/0xc6f9edbee6042a237d72493bbda3ee2c3c62f708,https://solscan.io/account/yQ37dFiGAbzrb2FRAEhGNzRy5zFfoYGWYhAepFEondo,https://cdn.ondo.finance/tokens/logos/nioon_40x40.svg,https://cdn.ondo.finance/tokens/logos/nioon_160x160.png,NIO,NIO,Common Stock,Stock,US62914V1061,"NIOon is the Ondo Tokenized version of NIO, giving tokenholders economic exposure similar to holding NIO and reinvesting any dividends. Ondo tokenized stocks enable non-US retail and institutional users around the world to instantly mint and redeem tokenized U.S. stocks and ETFs, 24 hours a day, five days a week with full access to traditional exchange liquidity. Additional restrictions apply. Learn more at ondo.finance/global-markets.","NIOon is the Ondo Tokenized version of NIO, giving tokenholders economic exposure similar to holding NIO and reinvesting any dividends. Additional restrictions apply. Learn more at https://ondo.finance/gm."
Nike (Ondo Tokenized),NKEon,nike-ondo-tokenized-stock,38058,0xD8e26FcC879b30cB0a0B543925a2B3500f074D81,0x04b5e199f2ec84f78b111035f57b16bee448db6f,g646pcdG2Rt5DH9WZzL7VVnVDWCCMTTrnktwE74ondo,https://etherscan.io/address/0xD8e26FcC879b30cB0a0B543925a2B3500f074D81,https://etherscan.io/token/0xD8e26FcC879b30cB0a0B543925a2B3500f074D81,https://bscscan.com/address/0x04b5e199f2ec84f78b111035f57b16bee448db6f,https://bscscan.com/token/0x04b5e199f2ec84f78b111035f57b16bee448db6f,https://solscan.io/account/g646pcdG2Rt5DH9WZzL7VVnVDWCCMTTrnktwE74ondo,https://cdn.ondo.finance/tokens/logos/nkeon_40x40.svg,https://cdn.ondo.finance/tokens/logos/nkeon_160x160.png,Nike,NKE,Common Stock,Stock,US6541061031,"NKEon is the Ondo Tokenized version of Nike, giving tokenholders economic exposure similar to holding NKE and reinvesting any dividends. Ondo tokenized stocks enable non-US retail and institutional users around the world to instantly mint and redeem tokenized U.S. stocks and ETFs, 24 hours a day, five days a week with full access to traditional exchange liquidity. Additional restrictions apply. Learn more at ondo.finance/global-markets.","NKEon is the Ondo Tokenized version of Nike, giving tokenholders economic exposure similar to holding NKE and reinvesting any dividends. Additional restrictions apply. Learn more at https://ondo.finance/gm."
ServiceNow (Ondo Tokenized),NOWon,servicenow-ondo-tokenized-stock,38025,0x8bCF9012f4b0c1C3D359eDb7133C294f82f80790,0xeb19c13c54b1cd48afc62f6503375e92d5f1e856,G7pTVoSECz5RQWubEnTP7AC83KHUsSyoiqYR1R2ondo,https://etherscan.io/address/0x8bCF9012f4b0c1C3D359eDb7133C294f82f80790,https://etherscan.io/token/0x8bCF9012f4b0c1C3D359eDb7133C294f82f80790,https://bscscan.com/address/0xeb19c13c54b1cd48afc62f6503375e92d5f1e856,https://bscscan.com/token/0xeb19c13c54b1cd48afc62f6503375e92d5f1e856,https://solscan.io/account/G7pTVoSECz5RQWubEnTP7AC83KHUsSyoiqYR1R2ondo,https://cdn.ondo.finance/tokens/logos/nowon_40x40.svg,https://cdn.ondo.finance/tokens/logos/nowon_160x160.png,ServiceNow,NOW,Common Stock,Stock,US81762P1021,"NOWon is the Ondo Tokenized version of ServiceNow, giving tokenholders economic exposure similar to holding NOW and reinvesting any dividends. Ondo tokenized stocks enable non-US retail and institutional users around the world to instantly mint and redeem tokenized U.S. stocks and ETFs, 24 hours a day, five days a week with full access to traditional exchange liquidity. Additional restrictions apply. Learn more at ondo.finance/global-markets.","NOWon is the Ondo Tokenized version of ServiceNow, giving tokenholders economic exposure similar to holding NOW and reinvesting any dividends. Additional restrictions apply. Learn more at https://ondo.finance/gm."
NetEase (Ondo Tokenized),NTESon,netease-ondo-tokenized,39272,0x3d1cf8692a6f2fc9048a9cc1a06abf77f3465f0a,0x282973969118f9fe39bf2ff3d8dd1efee82ccb11,YeK2TdPtGLAme3Phg4pb1GBN2YxKgX5UNVyD4asondo,https://etherscan.io/address/0x3d1cf8692a6f2fc9048a9cc1a06abf77f3465f0a,https://etherscan.io/token/0x3d1cf8692a6f2fc9048a9cc1a06abf77f3465f0a,https://bscscan.com/address/0x282973969118f9fe39bf2ff3d8dd1efee82ccb11,https://bscscan.com/token/0x282973969118f9fe39bf2ff3d8dd1efee82ccb11,https://solscan.io/account/YeK2TdPtGLAme3Phg4pb1GBN2YxKgX5UNVyD4asondo,https://cdn.ondo.finance/tokens/logos/nteson_40x40.svg,https://cdn.ondo.finance/tokens/logos/nteson_160x160.png,NetEase,NTES,Common Stock,Stock,US64110W1027,"NTESon is the Ondo Tokenized version of NetEase, giving tokenholders economic exposure similar to holding NTES and reinvesting any dividends. Ondo tokenized stocks enable non-US retail and institutional users around the world to instantly mint and redeem tokenized U.S. stocks and ETFs, 24 hours a day, five days a week with full access to traditional exchange liquidity. Additional restrictions apply. Learn more at ondo.finance/global-markets.","NTESon is the Ondo Tokenized version of NetEase, giving tokenholders economic exposure similar to holding NTES and reinvesting any dividends. Additional restrictions apply. Learn more at https://ondo.finance/gm."
NVIDIA (Ondo Tokenized),NVDAon,nvidia-ondo-tokenized-stock,38093,0x2D1F7226Bd1F780AF6B9A49DCC0aE00E8Df4bDEE,0xa9ee28c80f960b889dfbd1902055218cba016f75,gEGtLTPNQ7jcg25zTetkbmF7teoDLcrfTnQfmn2ondo,https://etherscan.io/address/0x2D1F7226Bd1F780AF6B9A49DCC0aE00E8Df4bDEE,https://etherscan.io/token/0x2D1F7226Bd1F780AF6B9A49DCC0aE00E8Df4bDEE,https://bscscan.com/address/0xa9ee28c80f960b889dfbd1902055218cba016f75,https://bscscan.com/token/0xa9ee28c80f960b889dfbd1902055218cba016f75,https://solscan.io/account/gEGtLTPNQ7jcg25zTetkbmF7teoDLcrfTnQfmn2ondo,https://cdn.ondo.finance/tokens/logos/nvdaon_40x40.svg,https://cdn.ondo.finance/tokens/logos/nvdaon_160x160.png,NVIDIA,NVDA,Common Stock,Stock,US67066G1040,"NVDAon is the Ondo Tokenized version of NVIDIA, giving tokenholders economic exposure similar to holding NVDA and reinvesting any dividends. Ondo tokenized stocks enable non-US retail and institutional users around the world to instantly mint and redeem tokenized U.S. stocks and ETFs, 24 hours a day, five days a week with full access to traditional exchange liquidity. Additional restrictions apply. Learn more at ondo.finance/global-markets.","NVDAon is the Ondo Tokenized version of NVIDIA, giving tokenholders economic exposure similar to holding NVDA and reinvesting any dividends. Additional restrictions apply. Learn more at https://ondo.finance/gm."
Novo Nordisk (Ondo Tokenized),NVOon,novo-nordisk-ondo-tokenized-stock,38002,0x28151F5888833D3d767C4d6945a0Ee50D1B193E3,0x08a513779f46ffb7a34f16094a94016d010128a8,GeV7S8vjP8qdYZpdGv2Xi6e7MUMCk8NAAp2z7g5ondo,https://etherscan.io/address/0x28151F5888833D3d767C4d6945a0Ee50D1B193E3,https://etherscan.io/token/0x28151F5888833D3d767C4d6945a0Ee50D1B193E3,https://bscscan.com/address/0x08a513779f46ffb7a34f16094a94016d010128a8,https://bscscan.com/token/0x08a513779f46ffb7a34f16094a94016d010128a8,https://solscan.io/account/GeV7S8vjP8qdYZpdGv2Xi6e7MUMCk8NAAp2z7g5ondo,https://cdn.ondo.finance/tokens/logos/nvoon_40x40.svg,https://cdn.ondo.finance/tokens/logos/nvoon_160x160.png,Novo Nordisk,NVO,ADR,Stock,US6701002056,"NVOon is the Ondo Tokenized version of Novo Nordisk, giving tokenholders economic exposure similar to holding NVO and reinvesting any dividends. Ondo tokenized stocks enable non-US retail and institutional users around the world to instantly mint and redeem tokenized U.S. stocks and ETFs, 24 hours a day, five days a week with full access to traditional exchange liquidity. Additional restrictions apply. Learn more at ondo.finance/global-markets.","NVOon is the Ondo Tokenized version of Novo Nordisk, giving tokenholders economic exposure similar to holding NVO and reinvesting any dividends. Additional restrictions apply. Learn more at https://ondo.finance/gm."
Oklo (Ondo Tokenized),OKLOon,oklo-ondo-tokenized,39294,0xf0372e226553af4f343b44111a789f87a9fa427a,0xaf6c03acf72355ce98d0741302b78870b376428c,m6oDLvJT7rY7M1TxuLWP3pWmAPg2cCWDQR1NKiEondo,https://etherscan.io/address/0xf0372e226553af4f343b44111a789f87a9fa427a,https://etherscan.io/token/0xf0372e226553af4f343b44111a789f87a9fa427a,https://bscscan.com/address/0xaf6c03acf72355ce98d0741302b78870b376428c,https://bscscan.com/token/0xaf6c03acf72355ce98d0741302b78870b376428c,https://solscan.io/account/m6oDLvJT7rY7M1TxuLWP3pWmAPg2cCWDQR1NKiEondo,https://cdn.ondo.finance/tokens/logos/okloon_40x40.svg,https://cdn.ondo.finance/tokens/logos/okloon_160x160.png,Oklo,OKLO,Common Stock,Stock,US02156V1098,"OKLOon is the Ondo Tokenized version of Oklo, giving tokenholders economic exposure similar to holding OKLO and reinvesting any dividends. Ondo tokenized stocks enable non-US retail and institutional users around the world to instantly mint and redeem tokenized U.S. stocks and ETFs, 24 hours a day, five days a week with full access to traditional exchange liquidity. Additional restrictions apply. Learn more at ondo.finance/global-markets.","OKLOon is the Ondo Tokenized version of Oklo, giving tokenholders economic exposure similar to holding OKLO and reinvesting any dividends. Additional restrictions apply. Learn more at https://ondo.finance/gm."
Ondas Holdings (Ondo Tokenized),ONDSon,ondas-holdings-ondo-tokenized,39312,0x818234860a647d480b9bbcc9a47a23889f2ec900,0xd85d4ce29b4ca361ff72ef0e53d6236e334c5db6,7qy1j4Mechfyr6uAST3djH4vk4kiEYC2cjEytXdondo,https://etherscan.io/address/0x818234860a647d480b9bbcc9a47a23889f2ec900,https://etherscan.io/token/0x818234860a647d480b9bbcc9a47a23889f2ec900,https://bscscan.com/address/0xd85d4ce29b4ca361ff72ef0e53d6236e334c5db6,https://bscscan.com/token/0xd85d4ce29b4ca361ff72ef0e53d6236e334c5db6,https://solscan.io/account/7qy1j4Mechfyr6uAST3djH4vk4kiEYC2cjEytXdondo,https://cdn.ondo.finance/tokens/logos/ondson_40x40.svg,https://cdn.ondo.finance/tokens/logos/ondson_160x160.png,Ondas Holdings,ONDS,Common Stock,Stock,US6821891057,"ONDSon is the Ondo Tokenized version of Ondas Holdings, giving tokenholders economic exposure similar to holding ONDS and reinvesting any dividends. Ondo tokenized stocks enable non-US retail and institutional users around the world to instantly mint and redeem tokenized U.S. stocks and ETFs, 24 hours a day, five days a week with full access to traditional exchange liquidity. Additional restrictions apply. Learn more at ondo.finance/global-markets.","ONDSon is the Ondo Tokenized version of Ondas Holdings, giving tokenholders economic exposure similar to holding ONDS and reinvesting any dividends. Additional restrictions apply. Learn more at https://ondo.finance/gm."
ON Semiconductor (Ondo Tokenized),ONon,on-semiconductor-ondo-tokenized,39313,0xa52b2d6ca1cd9b1e8b931645428380c340caef9a,0xb35a9eab5d25282f4e668798b629a9294e9a47aa,13qtwy5fZi9Przz14pzo9xqFSr8QHmLyUpUCvP1xondo,https://etherscan.io/address/0xa52b2d6ca1cd9b1e8b931645428380c340caef9a,https://etherscan.io/token/0xa52b2d6ca1cd9b1e8b931645428380c340caef9a,https://bscscan.com/address/0xb35a9eab5d25282f4e668798b629a9294e9a47aa,https://bscscan.com/token/0xb35a9eab5d25282f4e668798b629a9294e9a47aa,https://solscan.io/account/13qtwy5fZi9Przz14pzo9xqFSr8QHmLyUpUCvP1xondo,https://cdn.ondo.finance/tokens/logos/onon_40x40.svg,https://cdn.ondo.finance/tokens/logos/onon_160x160.png,ON Semiconductor,ON,Common Stock,Stock,US68236H2040,"ONon is the Ondo Tokenized version of ON Semiconductor, giving tokenholders economic exposure similar to holding ON and reinvesting any dividends. Ondo tokenized stocks enable non-US retail and institutional users around the world to instantly mint and redeem tokenized U.S. stocks and ETFs, 24 hours a day, five days a week with full access to traditional exchange liquidity. Additional restrictions apply. Learn more at ondo.finance/global-markets.","ONon is the Ondo Tokenized version of ON Semiconductor, giving tokenholders economic exposure similar to holding ON and reinvesting any dividends. Additional restrictions apply. Learn more at https://ondo.finance/gm."
Opendoor Technologies (Ondo Tokenized),OPENon,opendoor-technologies-ondo-tokenized,39266,0xb22d83e228c4266075ec75c32acc3bc059b6f248,0xa09699fc0cbb1f85128450a0ff6a3c4d3a7e7b9b,ou1uE526v7zmUYP2qCb2LJgfXAyWAtWS9SETtr8ondo,https://etherscan.io/address/0xb22d83e228c4266075ec75c32acc3bc059b6f248,https://etherscan.io/token/0xb22d83e228c4266075ec75c32acc3bc059b6f248,https://bscscan.com/address/0xa09699fc0cbb1f85128450a0ff6a3c4d3a7e7b9b,https://bscscan.com/token/0xa09699fc0cbb1f85128450a0ff6a3c4d3a7e7b9b,https://solscan.io/account/ou1uE526v7zmUYP2qCb2LJgfXAyWAtWS9SETtr8ondo,https://cdn.ondo.finance/tokens/logos/openon_40x40.svg,https://cdn.ondo.finance/tokens/logos/openon_160x160.png,Opendoor Technologies,OPEN,Common Stock,Stock,US6837121036,"OPENon is the Ondo Tokenized version of Opendoor Technologies, giving tokenholders economic exposure similar to holding OPEN and reinvesting any dividends. Ondo tokenized stocks enable non-US retail and institutional users around the world to instantly mint and redeem tokenized U.S. stocks and ETFs, 24 hours a day, five days a week with full access to traditional exchange liquidity. Additional restrictions apply. Learn more at ondo.finance/global-markets.","OPENon is the Ondo Tokenized version of Opendoor Technologies, giving tokenholders economic exposure similar to holding OPEN and reinvesting any dividends. Additional restrictions apply. Learn more at https://ondo.finance/gm."
Opera (Ondo Tokenized),OPRAon,opera-ondo-tokenized,39245,0xb40afd1d55ea61fc1a6fbe093b817b673c8e78d7,0x88672043905bdd272df55a5a7bb1b7e1e693cbc5,gbHFTMkuMQUy5xrgoCBdaQ2XYvNyjWAYcnRPh9Condo,https://etherscan.io/address/0xb40afd1d55ea61fc1a6fbe093b817b673c8e78d7,https://etherscan.io/token/0xb40afd1d55ea61fc1a6fbe093b817b673c8e78d7,https://bscscan.com/address/0x88672043905bdd272df55a5a7bb1b7e1e693cbc5,https://bscscan.com/token/0x88672043905bdd272df55a5a7bb1b7e1e693cbc5,https://solscan.io/account/gbHFTMkuMQUy5xrgoCBdaQ2XYvNyjWAYcnRPh9Condo,https://cdn.ondo.finance/tokens/logos/opraon_40x40.svg,https://cdn.ondo.finance/tokens/logos/opraon_160x160.png,Opera,OPRA,Common Stock,Stock,US68373M1071,"OPRAon is the Ondo Tokenized version of Opera, giving tokenholders economic exposure similar to holding OPRA and reinvesting any dividends. Ondo tokenized stocks enable non-US retail and institutional users around the world to instantly mint and redeem tokenized U.S. stocks and ETFs, 24 hours a day, five days a week with full access to traditional exchange liquidity. Additional restrictions apply. Learn more at ondo.finance/global-markets.","OPRAon is the Ondo Tokenized version of Opera, giving tokenholders economic exposure similar to holding OPRA and reinvesting any dividends. Additional restrictions apply. Learn more at https://ondo.finance/gm."
Oracle (Ondo Tokenized),ORCLon,oracle-ondo-tokenized-stock,38009,0x8a23C6BaadB88512b30475C83Df6A63881e33e1E,0x03e4bd1ea53f1da84513da0319d1f03dd1bbcf93,GmDADFpfwjfzZq9MfCafMDTS69MgVjtzD7Fd9a4ondo,https://etherscan.io/address/0x8a23C6BaadB88512b30475C83Df6A63881e33e1E,https://etherscan.io/token/0x8a23C6BaadB88512b30475C83Df6A63881e33e1E,https://bscscan.com/address/0x03e4bd1ea53f1da84513da0319d1f03dd1bbcf93,https://bscscan.com/token/0x03e4bd1ea53f1da84513da0319d1f03dd1bbcf93,https://solscan.io/account/GmDADFpfwjfzZq9MfCafMDTS69MgVjtzD7Fd9a4ondo,https://cdn.ondo.finance/tokens/logos/orclon_40x40.svg,https://cdn.ondo.finance/tokens/logos/orclon_160x160.png,Oracle,ORCL,Common Stock,Stock,US68389X1054,"ORCLon is the Ondo Tokenized version of Oracle, giving tokenholders economic exposure similar to holding ORCL and reinvesting any dividends. Ondo tokenized stocks enable non-US retail and institutional users around the world to instantly mint and redeem tokenized U.S. stocks and ETFs, 24 hours a day, five days a week with full access to traditional exchange liquidity. Additional restrictions apply. Learn more at ondo.finance/global-markets.","ORCLon is the Ondo Tokenized version of Oracle, giving tokenholders economic exposure similar to holding ORCL and reinvesting any dividends. Additional restrictions apply. Learn more at https://ondo.finance/gm."
Oscar Health (Ondo Tokenized),OSCRon,oscar-health-ondo-tokenized,39282,0x244efb92f76a57da49b5f71045dce3e546e13106,0xb0752aa50b089ee6ea9acd51373207fa460e87bb,ThwGDsXZ6iKubWuEQjmDxGwF3bUERDGbBXvcbjFondo,https://etherscan.io/address/0x244efb92f76a57da49b5f71045dce3e546e13106,https://etherscan.io/token/0x244efb92f76a57da49b5f71045dce3e546e13106,https://bscscan.com/address/0xb0752aa50b089ee6ea9acd51373207fa460e87bb,https://bscscan.com/token/0xb0752aa50b089ee6ea9acd51373207fa460e87bb,https://solscan.io/account/ThwGDsXZ6iKubWuEQjmDxGwF3bUERDGbBXvcbjFondo,https://cdn.ondo.finance/tokens/logos/oscron_40x40.svg,https://cdn.ondo.finance/tokens/logos/oscron_160x160.png,Oscar Health,OSCR,Common Stock,Stock,US6877931096,"OSCRon is the Ondo Tokenized version of Oscar Health, giving tokenholders economic exposure similar to holding OSCR and reinvesting any dividends. Ondo tokenized stocks enable non-US retail and institutional users around the world to instantly mint and redeem tokenized U.S. stocks and ETFs, 24 hours a day, five days a week with full access to traditional exchange liquidity. Additional restrictions apply. Learn more at ondo.finance/global-markets.","OSCRon is the Ondo Tokenized version of Oscar Health, giving tokenholders economic exposure similar to holding OSCR and reinvesting any dividends. Additional restrictions apply. Learn more at https://ondo.finance/gm."
Occidental Petroleum (Ondo Tokenized),OXYon,occidental-petroleum-ondo-tokenized,39242,0xeedc48205852e9d83ea5ca92fa8656597788601f,0x01b5a4ac600be98448dbefbb78bcdf38262552cc,1GNFMryQ6c9ZpMhgNimmsbtgYM21qnBJgRAFoNiondo,https://etherscan.io/address/0xeedc48205852e9d83ea5ca92fa8656597788601f,https://etherscan.io/token/0xeedc48205852e9d83ea5ca92fa8656597788601f,https://bscscan.com/address/0x01b5a4ac600be98448dbefbb78bcdf38262552cc,https://bscscan.com/token/0x01b5a4ac600be98448dbefbb78bcdf38262552cc,https://solscan.io/account/1GNFMryQ6c9ZpMhgNimmsbtgYM21qnBJgRAFoNiondo,https://cdn.ondo.finance/tokens/logos/oxyon_40x40.svg,https://cdn.ondo.finance/tokens/logos/oxyon_160x160.png,Occidental Petroleum,OXY,Common Stock,Stock,US6745991058,"OXYon is the Ondo Tokenized version of Occidental Petroleum, giving tokenholders economic exposure similar to holding OXY and reinvesting any dividends. Ondo tokenized stocks enable non-US retail and institutional users around the world to instantly mint and redeem tokenized U.S. stocks and ETFs, 24 hours a day, five days a week with full access to traditional exchange liquidity. Additional restrictions apply. Learn more at ondo.finance/global-markets.","OXYon is the Ondo Tokenized version of Occidental Petroleum, giving tokenholders economic exposure similar to holding OXY and reinvesting any dividends. Additional restrictions apply. Learn more at https://ondo.finance/gm."
abrdn Physical Palladium Shares ETF (Ondo Tokenized),PALLon,abrdn-physical-palladium-shares-etf-ondo-tokenized-stocks,39305,0x0ce36d199bd6851788e03392568849394cbde722,0x3fcd741646a9790635b938cdb69af5df356cbaab,P7hTXnKk2d2DyqWnefp5BSroE1qjjKpKxg9SxQqondo,https://etherscan.io/address/0x0ce36d199bd6851788e03392568849394cbde722,https://etherscan.io/token/0x0ce36d199bd6851788e03392568849394cbde722,https://bscscan.com/address/0x3fcd741646a9790635b938cdb69af5df356cbaab,https://bscscan.com/token/0x3fcd741646a9790635b938cdb69af5df356cbaab,https://solscan.io/account/P7hTXnKk2d2DyqWnefp5BSroE1qjjKpKxg9SxQqondo,https://cdn.ondo.finance/tokens/logos/pallon_40x40.svg,https://cdn.ondo.finance/tokens/logos/pallon_160x160.png,abrdn Physical Palladium Shares ETF,PALL,Commodity ETF,ETF,US0032621023,"PALLon is the Ondo Tokenized version of the abrdn Physical Palladium Shares ETF, giving tokenholders economic exposure similar to holding PALL and reinvesting any dividends. Ondo tokenized stocks enable non-US retail and institutional users around the world to instantly mint and redeem tokenized U.S. stocks and ETFs, 24 hours a day, five days a week with full access to traditional exchange liquidity. Additional restrictions apply. Learn more at ondo.finance/global-markets.","PALLon is the Ondo Tokenized version of the abrdn Physical Palladium Shares ETF, giving tokenholders economic exposure similar to holding PALL and reinvesting any dividends. Additional restrictions apply. Learn more at https://ondo.finance/gm."
Palo Alto Networks (Ondo Tokenized),PANWon,palo-alto-networks-ondo-tokenized-stock,38061,0x34bfdFF25F0fdA6d3ad0c33F1e06c0D40bD68885,0x0eaa1a75bd682a5669ab2371a559fbd039c6b9eb,M7hVQomhw4Q2D2op3HvBrZjHu9SryjNvD5haEZ1ondo,https://etherscan.io/address/0x34bfdFF25F0fdA6d3ad0c33F1e06c0D40bD68885,https://etherscan.io/token/0x34bfdFF25F0fdA6d3ad0c33F1e06c0D40bD68885,https://bscscan.com/address/0x0eaa1a75bd682a5669ab2371a559fbd039c6b9eb,https://bscscan.com/token/0x0eaa1a75bd682a5669ab2371a559fbd039c6b9eb,https://solscan.io/account/M7hVQomhw4Q2D2op3HvBrZjHu9SryjNvD5haEZ1ondo,https://cdn.ondo.finance/tokens/logos/panwon_40x40.svg,https://cdn.ondo.finance/tokens/logos/panwon_160x160.png,Palo Alto Networks,PANW,Common Stock,Stock,US6974351057,"PANWon is the Ondo Tokenized version of Palo Alto Networks, giving tokenholders economic exposure similar to holding PANW and reinvesting any dividends. Ondo tokenized stocks enable non-US retail and institutional users around the world to instantly mint and redeem tokenized U.S. stocks and ETFs, 24 hours a day, five days a week with full access to traditional exchange liquidity. Additional restrictions apply. Learn more at ondo.finance/global-markets.","PANWon is the Ondo Tokenized version of Palo Alto Networks, giving tokenholders economic exposure similar to holding PANW and reinvesting any dividends. Additional restrictions apply. Learn more at https://ondo.finance/gm."
Petrobras (Ondo Tokenized),PBRon,petrobras-ondo-tokenized-stock,37999,0xD08DDb436e731f32455Fe302723eE0FD2E9E8706,0x2b1d5cdecc356530a746c5754231efaeaca64022,GRciFCqJ5y2hbiD6U5mGkohY65BZTXGuGUrCqf7ondo,https://etherscan.io/address/0xD08DDb436e731f32455Fe302723eE0FD2E9E8706,https://etherscan.io/token/0xD08DDb436e731f32455Fe302723eE0FD2E9E8706,https://bscscan.com/address/0x2b1d5cdecc356530a746c5754231efaeaca64022,https://bscscan.com/token/0x2b1d5cdecc356530a746c5754231efaeaca64022,https://solscan.io/account/GRciFCqJ5y2hbiD6U5mGkohY65BZTXGuGUrCqf7ondo,https://cdn.ondo.finance/tokens/logos/pbron_40x40.svg,https://cdn.ondo.finance/tokens/logos/pbron_160x160.png,Petrobras,PBR,ADR,Stock,US71654V4086,"PBRon is the Ondo Tokenized version of Petrobras, giving tokenholders economic exposure similar to holding PBR and reinvesting any dividends. Ondo tokenized stocks enable non-US retail and institutional users around the world to instantly mint and redeem tokenized U.S. stocks and ETFs, 24 hours a day, five days a week with full access to traditional exchange liquidity. Additional restrictions apply. Learn more at ondo.finance/global-markets.","PBRon is the Ondo Tokenized version of Petrobras, giving tokenholders economic exposure similar to holding PBR and reinvesting any dividends. Additional restrictions apply. Learn more at https://ondo.finance/gm."
PG&E (Ondo Tokenized),PCGon,pg-e-ondo-tokenized,39299,0x193fdf644451cc394b28b9cec2f5d32e2b4de515,0x47b36ddb9dd12a8411f78226f55e8c3f0d65481f,UP5s1srLaHDc4SwJqLPa3A48x5R7ofN3hZWxWEZondo,https://etherscan.io/address/0x193fdf644451cc394b28b9cec2f5d32e2b4de515,https://etherscan.io/token/0x193fdf644451cc394b28b9cec2f5d32e2b4de515,https://bscscan.com/address/0x47b36ddb9dd12a8411f78226f55e8c3f0d65481f,https://bscscan.com/token/0x47b36ddb9dd12a8411f78226f55e8c3f0d65481f,https://solscan.io/account/UP5s1srLaHDc4SwJqLPa3A48x5R7ofN3hZWxWEZondo,https://cdn.ondo.finance/tokens/logos/pcgon_40x40.svg,https://cdn.ondo.finance/tokens/logos/pcgon_160x160.png,PG&E,PCG,Common Stock,Stock,US69331C1080,"PCGon is the Ondo Tokenized version of PG&E, giving tokenholders economic exposure similar to holding PCG and reinvesting any dividends. Ondo tokenized stocks enable non-US retail and institutional users around the world to instantly mint and redeem tokenized U.S. stocks and ETFs, 24 hours a day, five days a week with full access to traditional exchange liquidity. Additional restrictions apply. Learn more at ondo.finance/global-markets.","PCGon is the Ondo Tokenized version of PG&E, giving tokenholders economic exposure similar to holding PCG and reinvesting any dividends. Additional restrictions apply. Learn more at https://ondo.finance/gm."
Invesco Optimum Yld Dvsfd Cmd Str No K-1 ETF (Ondo Tokenized),PDBCon,invesco-optimum-yld-dvsfd-cmd-str-no-k-1-etf-ondo-tokenized-etf,39246,0x46c0a02a877c1412cb32b57028b2f771c0364a7e,0xcf3e84e62002ca459db81b2032d7fe13715bad51,M6agiXbNgy8Xon9ngiW4ZDPbMFcNCTMkMMkshZyondo,https://etherscan.io/address/0x46c0a02a877c1412cb32b57028b2f771c0364a7e,https://etherscan.io/token/0x46c0a02a877c1412cb32b57028b2f771c0364a7e,https://bscscan.com/address/0xcf3e84e62002ca459db81b2032d7fe13715bad51,https://bscscan.com/token/0xcf3e84e62002ca459db81b2032d7fe13715bad51,https://solscan.io/account/M6agiXbNgy8Xon9ngiW4ZDPbMFcNCTMkMMkshZyondo,https://cdn.ondo.finance/tokens/logos/pdbcon_40x40.svg,https://cdn.ondo.finance/tokens/logos/pdbcon_160x160.png,Invesco Optimum Yld Dvsfd Cmd Str No K-1 ETF,PDBC,Commodity ETF,ETF,US46090F1003,"PDBCon is the Ondo Tokenized version of the Invesco Optimum Yld Dvsfd Cmd Str No K-1 ETF, giving tokenholders economic exposure similar to holding PDBC and reinvesting any dividends. Ondo tokenized stocks enable non-US retail and institutional users around the world to instantly mint and redeem tokenized U.S. stocks and ETFs, 24 hours a day, five days a week with full access to traditional exchange liquidity. Additional restrictions apply. Learn more at ondo.finance/global-markets.","PDBCon is the Ondo Tokenized version of the Invesco Optimum Yld Dvsfd Cmd Str No K-1 ETF, giving tokenholders economic exposure similar to holding PDBC and reinvesting any dividends. Additional restrictions apply. Learn more at https://ondo.finance/gm."
PDD Holdings (Ondo Tokenized),PDDon,pdd-holdings-ondo-tokenized,39247,0xcc40965d3621362c3ee1dd946ba98d6a708ea86b,0xf3e82ea164cb344b2b11bad4c24b0ea4f7ba4714,PnjETBCLC318DRejo9cMQKAmET9PvW8AEFGWMNtondo,https://etherscan.io/address/0xcc40965d3621362c3ee1dd946ba98d6a708ea86b,https://etherscan.io/token/0xcc40965d3621362c3ee1dd946ba98d6a708ea86b,https://bscscan.com/address/0xf3e82ea164cb344b2b11bad4c24b0ea4f7ba4714,https://bscscan.com/token/0xf3e82ea164cb344b2b11bad4c24b0ea4f7ba4714,https://solscan.io/account/PnjETBCLC318DRejo9cMQKAmET9PvW8AEFGWMNtondo,https://cdn.ondo.finance/tokens/logos/pddon_40x40.svg,https://cdn.ondo.finance/tokens/logos/pddon_160x160.png,PDD Holdings,PDD,Common Stock,Stock,US7223041028,"PDDon is the Ondo Tokenized version of PDD Holdings, giving tokenholders economic exposure similar to holding PDD and reinvesting any dividends. Ondo tokenized stocks enable non-US retail and institutional users around the world to instantly mint and redeem tokenized U.S. stocks and ETFs, 24 hours a day, five days a week with full access to traditional exchange liquidity. Additional restrictions apply. Learn more at ondo.finance/global-markets.","PDDon is the Ondo Tokenized version of PDD Holdings, giving tokenholders economic exposure similar to holding PDD and reinvesting any dividends. Additional restrictions apply. Learn more at https://ondo.finance/gm."
PepsiCo (Ondo Tokenized),PEPon,pepsico-ondo-tokenized-stock,38015,0x3cE219D498D807317F840f4CB0f03FA27dd65046,0xf99f8f3a95257d82006183bd524efa7aacc9ef7a,gud6b3fYekjhMG5F818BALwbg2vt4JKoow59Md9ondo,https://etherscan.io/address/0x3cE219D498D807317F840f4CB0f03FA27dd65046,https://etherscan.io/token/0x3cE219D498D807317F840f4CB0f03FA27dd65046,https://bscscan.com/address/0xf99f8f3a95257d82006183bd524efa7aacc9ef7a,https://bscscan.com/token/0xf99f8f3a95257d82006183bd524efa7aacc9ef7a,https://solscan.io/account/gud6b3fYekjhMG5F818BALwbg2vt4JKoow59Md9ondo,https://cdn.ondo.finance/tokens/logos/pepon_40x40.svg,https://cdn.ondo.finance/tokens/logos/pepon_160x160.png,PepsiCo,PEP,Common Stock,Stock,US7134481081,"PEPon is the Ondo Tokenized version of PepsiCo, giving tokenholders economic exposure similar to holding PEP and reinvesting any dividends. Ondo tokenized stocks enable non-US retail and institutional users around the world to instantly mint and redeem tokenized U.S. stocks and ETFs, 24 hours a day, five days a week with full access to traditional exchange liquidity. Additional restrictions apply. Learn more at ondo.finance/global-markets.","PEPon is the Ondo Tokenized version of PepsiCo, giving tokenholders economic exposure similar to holding PEP and reinvesting any dividends. Additional restrictions apply. Learn more at https://ondo.finance/gm."
Pfizer (Ondo Tokenized),PFEon,pfizer-ondo-tokenized-stock,38000,0x06954faa913fA14c28Eb1b2e459594F22f33f3dE,0x8a83c31d6751833b4940b6e871c48d9a15a07b46,Gwh9fPsX1qWATXy63vNaJnAFfwebWQtZaVmPko6ondo,https://etherscan.io/address/0x06954faa913fA14c28Eb1b2e459594F22f33f3dE,https://etherscan.io/token/0x06954faa913fA14c28Eb1b2e459594F22f33f3dE,https://bscscan.com/address/0x8a83c31d6751833b4940b6e871c48d9a15a07b46,https://bscscan.com/token/0x8a83c31d6751833b4940b6e871c48d9a15a07b46,https://solscan.io/account/Gwh9fPsX1qWATXy63vNaJnAFfwebWQtZaVmPko6ondo,https://cdn.ondo.finance/tokens/logos/pfeon_40x40.svg,https://cdn.ondo.finance/tokens/logos/pfeon_160x160.png,Pfizer,PFE,Common Stock,Stock,US7170811035,"PFEon is the Ondo Tokenized version of Pfizer, giving tokenholders economic exposure similar to holding PFE and reinvesting any dividends. Ondo tokenized stocks enable non-US retail and institutional users around the world to instantly mint and redeem tokenized U.S. stocks and ETFs, 24 hours a day, five days a week with full access to traditional exchange liquidity. Additional restrictions apply. Learn more at ondo.finance/global-markets.","PFEon is the Ondo Tokenized version of Pfizer, giving tokenholders economic exposure similar to holding PFE and reinvesting any dividends. Additional restrictions apply. Learn more at https://ondo.finance/gm."
Procter & Gamble (Ondo Tokenized),PGon,procter-gamble-ondo-tokenized-stock,38096,0x339ce23a355ed6D513DD3e1462975C4eCD86823a,0x400f1e257f86d25578a0928c94dc95115f09d5c9,GZ8v4NdSG7CTRZqHMgNsTPRULeVi8CpdWd9wZY8ondo,https://etherscan.io/address/0x339ce23a355ed6D513DD3e1462975C4eCD86823a,https://etherscan.io/token/0x339ce23a355ed6D513DD3e1462975C4eCD86823a,https://bscscan.com/address/0x400f1e257f86d25578a0928c94dc95115f09d5c9,https://bscscan.com/token/0x400f1e257f86d25578a0928c94dc95115f09d5c9,https://solscan.io/account/GZ8v4NdSG7CTRZqHMgNsTPRULeVi8CpdWd9wZY8ondo,https://cdn.ondo.finance/tokens/logos/pgon_40x40.svg,https://cdn.ondo.finance/tokens/logos/pgon_160x160.png,Procter & Gamble,PG,Common Stock,Stock,US7427181091,"PGon is the Ondo Tokenized version of Procter & Gamble, giving tokenholders economic exposure similar to holding PG and reinvesting any dividends. Ondo tokenized stocks enable non-US retail and institutional users around the world to instantly mint and redeem tokenized U.S. stocks and ETFs, 24 hours a day, five days a week with full access to traditional exchange liquidity. Additional restrictions apply. Learn more at ondo.finance/global-markets.","PGon is the Ondo Tokenized version of Procter & Gamble, giving tokenholders economic exposure similar to holding PG and reinvesting any dividends. Additional restrictions apply. Learn more at https://ondo.finance/gm."
Pinterest (Ondo Tokenized),PINSon,pinterest-ondo-tokenized,39267,0xc017c622cd05698580e2decd0f97d4a17dab70f9,0xcfd1f0df84300ea1a4e2ba5238043a2fa5a7237c,sxyg1VTSzy5zYANUK7hntNtmFAWoXGJq95AcHuVondo,https://etherscan.io/address/0xc017c622cd05698580e2decd0f97d4a17dab70f9,https://etherscan.io/token/0xc017c622cd05698580e2decd0f97d4a17dab70f9,https://bscscan.com/address/0xcfd1f0df84300ea1a4e2ba5238043a2fa5a7237c,https://bscscan.com/token/0xcfd1f0df84300ea1a4e2ba5238043a2fa5a7237c,https://solscan.io/account/sxyg1VTSzy5zYANUK7hntNtmFAWoXGJq95AcHuVondo,https://cdn.ondo.finance/tokens/logos/pinson_40x40.svg,https://cdn.ondo.finance/tokens/logos/pinson_160x160.png,Pinterest,PINS,Common Stock,Stock,US72352L1061,"PINSon is the Ondo Tokenized version of Pinterest, giving tokenholders economic exposure similar to holding PINS and reinvesting any dividends. Ondo tokenized stocks enable non-US retail and institutional users around the world to instantly mint and redeem tokenized U.S. stocks and ETFs, 24 hours a day, five days a week with full access to traditional exchange liquidity. Additional restrictions apply. Learn more at ondo.finance/global-markets.","PINSon is the Ondo Tokenized version of Pinterest, giving tokenholders economic exposure similar to holding PINS and reinvesting any dividends. Additional restrictions apply. Learn more at https://ondo.finance/gm."
Palantir Technologies (Ondo Tokenized),PLTRon,palantir-technologies-ondo-tokenized-stock,38073,0x0c666485b02F7A87d21AdD7AEb9F5e64975AA490,0x9351abd19f42101dd36025e495b98e910b255d78,HfsnTS5qtdStwec9DfBrunRqnAMYMMz1kjv9Hu9ondo,https://etherscan.io/address/0x0c666485b02F7A87d21AdD7AEb9F5e64975AA490,https://etherscan.io/token/0x0c666485b02F7A87d21AdD7AEb9F5e64975AA490,https://bscscan.com/address/0x9351abd19f42101dd36025e495b98e910b255d78,https://bscscan.com/token/0x9351abd19f42101dd36025e495b98e910b255d78,https://solscan.io/account/HfsnTS5qtdStwec9DfBrunRqnAMYMMz1kjv9Hu9ondo,https://cdn.ondo.finance/tokens/logos/pltron_40x40.svg,https://cdn.ondo.finance/tokens/logos/pltron_160x160.png,Palantir Technologies,PLTR,Common Stock,Stock,US69608A1088,"PLTRon is the Ondo Tokenized version of Palantir Technologies, giving tokenholders economic exposure similar to holding PLTR and reinvesting any dividends. Ondo tokenized stocks enable non-US retail and institutional users around the world to instantly mint and redeem tokenized U.S. stocks and ETFs, 24 hours a day, five days a week with full access to traditional exchange liquidity. Additional restrictions apply. Learn more at ondo.finance/global-markets.","PLTRon is the Ondo Tokenized version of Palantir Technologies, giving tokenholders economic exposure similar to holding PLTR and reinvesting any dividends. Additional restrictions apply. Learn more at https://ondo.finance/gm."
Plug Power (Ondo Tokenized),PLUGon,plug-power-ondo-tokenized,39273,0xe7ee911172bdd557b9ab6be7701f86bbc8fd772e,0x4752ae8f910b25e64e4406eaad50c1b4e8de7e6d,TnfswqdE1jAJ8sfnf5J7kSVLEH1cfpAYZ8MWmKfondo,https://etherscan.io/address/0xe7ee911172bdd557b9ab6be7701f86bbc8fd772e,https://etherscan.io/token/0xe7ee911172bdd557b9ab6be7701f86bbc8fd772e,https://bscscan.com/address/0x4752ae8f910b25e64e4406eaad50c1b4e8de7e6d,https://bscscan.com/token/0x4752ae8f910b25e64e4406eaad50c1b4e8de7e6d,https://solscan.io/account/TnfswqdE1jAJ8sfnf5J7kSVLEH1cfpAYZ8MWmKfondo,https://cdn.ondo.finance/tokens/logos/plugon_40x40.svg,https://cdn.ondo.finance/tokens/logos/plugon_160x160.png,Plug Power,PLUG,Common Stock,Stock,US72919P2020,"PLUGon is the Ondo Tokenized version of Plug Power, giving tokenholders economic exposure similar to holding PLUG and reinvesting any dividends. Ondo tokenized stocks enable non-US retail and institutional users around the world to instantly mint and redeem tokenized U.S. stocks and ETFs, 24 hours a day, five days a week with full access to traditional exchange liquidity. Additional restrictions apply. Learn more at ondo.finance/global-markets.","PLUGon is the Ondo Tokenized version of Plug Power, giving tokenholders economic exposure similar to holding PLUG and reinvesting any dividends. Additional restrictions apply. Learn more at https://ondo.finance/gm."
ProShares Short QQQ (Ondo Tokenized),PSQon,proshares-short-qqq-ondo-tokenized,39260,0x9ebd34d99cc3a45b39cafc14ad7994263fa2be56,0x3802dc739ef9e226f36421a9c15efa519153bbbe,qKtU9A7ij34XmtxaSzYfxCpkgAZzzFsqnUb2kW2ondo,https://etherscan.io/address/0x9ebd34d99cc3a45b39cafc14ad7994263fa2be56,https://etherscan.io/token/0x9ebd34d99cc3a45b39cafc14ad7994263fa2be56,https://bscscan.com/address/0x3802dc739ef9e226f36421a9c15efa519153bbbe,https://bscscan.com/token/0x3802dc739ef9e226f36421a9c15efa519153bbbe,https://solscan.io/account/qKtU9A7ij34XmtxaSzYfxCpkgAZzzFsqnUb2kW2ondo,https://cdn.ondo.finance/tokens/logos/psqon_40x40.svg,https://cdn.ondo.finance/tokens/logos/psqon_160x160.png,ProShares Short QQQ,PSQ,Equity ETF,ETF,US74349Y8378,"PSQon is the Ondo Tokenized version of the ProShares Short QQQ, giving tokenholders economic exposure similar to holding PSQ and reinvesting any dividends. Ondo tokenized stocks enable non-US retail and institutional users around the world to instantly mint and redeem tokenized U.S. stocks and ETFs, 24 hours a day, five days a week with full access to traditional exchange liquidity. Additional restrictions apply. Learn more at ondo.finance/global-markets.","PSQon is the Ondo Tokenized version of the ProShares Short QQQ, giving tokenholders economic exposure similar to holding PSQ and reinvesting any dividends. Additional restrictions apply. Learn more at https://ondo.finance/gm."
PayPal (Ondo Tokenized),PYPLon,paypal-ondo-tokenized-stock,38010,0x4EFD92F372898B57F292De69fCe377dd7D912bDd,0x374d03a6c0d5bd4be0a5117ebe1b49d52ac8a53f,hM7B3UQTTR81mS27SxDDPzBbjejmo8fnpFjzgv9ondo,https://etherscan.io/address/0x4EFD92F372898B57F292De69fCe377dd7D912bDd,https://etherscan.io/token/0x4EFD92F372898B57F292De69fCe377dd7D912bDd,https://bscscan.com/address/0x374d03a6c0d5bd4be0a5117ebe1b49d52ac8a53f,https://bscscan.com/token/0x374d03a6c0d5bd4be0a5117ebe1b49d52ac8a53f,https://solscan.io/account/hM7B3UQTTR81mS27SxDDPzBbjejmo8fnpFjzgv9ondo,https://cdn.ondo.finance/tokens/logos/pyplon_40x40.svg,https://cdn.ondo.finance/tokens/logos/pyplon_160x160.png,PayPal,PYPL,Common Stock,Stock,US70450Y1038,"PYPLon is the Ondo Tokenized version of PayPal, giving tokenholders economic exposure similar to holding PYPL and reinvesting any dividends. Ondo tokenized stocks enable non-US retail and institutional users around the world to instantly mint and redeem tokenized U.S. stocks and ETFs, 24 hours a day, five days a week with full access to traditional exchange liquidity. Additional restrictions apply. Learn more at ondo.finance/global-markets.","PYPLon is the Ondo Tokenized version of PayPal, giving tokenholders economic exposure similar to holding PYPL and reinvesting any dividends. Additional restrictions apply. Learn more at https://ondo.finance/gm."
D-Wave Quantum (Ondo Tokenized),QBTSon,d-wave-quantum-ondo-tokenized-stock,38011,0x3807562a482b824c08a564dfefcc471806d3e00a,0x8c7bf0ed6bc778bde1489de1592c1aad3e66371d,hqJXutLF6f7DxStrWCrnZDfXzbNTZmvi3KheVi6ondo,https://etherscan.io/address/0x3807562a482b824c08a564dfefcc471806d3e00a,https://etherscan.io/token/0x3807562a482b824c08a564dfefcc471806d3e00a,https://bscscan.com/address/0x8c7bf0ed6bc778bde1489de1592c1aad3e66371d,https://bscscan.com/token/0x8c7bf0ed6bc778bde1489de1592c1aad3e66371d,https://solscan.io/account/hqJXutLF6f7DxStrWCrnZDfXzbNTZmvi3KheVi6ondo,https://cdn.ondo.finance/tokens/logos/qbtson_40x40.svg,https://cdn.ondo.finance/tokens/logos/qbtson_160x160.png,D-Wave Quantum,QBTS,Common Stock,Stock,US24118T1079,"QBTSon is the Ondo Tokenized version of D-Wave Quantum, giving tokenholders economic exposure similar to holding QBTS and reinvesting any dividends. Ondo tokenized stocks enable non-US retail and institutional users around the world to instantly mint and redeem tokenized U.S. stocks and ETFs, 24 hours a day, five days a week with full access to traditional exchange liquidity. Additional restrictions apply. Learn more at ondo.finance/global-markets.","QBTSon is the Ondo Tokenized version of D-Wave Quantum, giving tokenholders economic exposure similar to holding QBTS and reinvesting any dividends. Additional restrictions apply. Learn more at https://ondo.finance/gm."
Qualcomm (Ondo Tokenized),QCOMon,qualcomm-ondo-tokenized-stock,38048,0xE3419710c1f77D44B4DaB02316d3f048818C4E59,0xfbd4d681c92ead6af0e49950c8b2e47eeacbb2db,hrmX7MV5hifoaBVjnrdpz698yABxrbBNAcWtWo9ondo,https://etherscan.io/address/0xE3419710c1f77D44B4DaB02316d3f048818C4E59,https://etherscan.io/token/0xE3419710c1f77D44B4DaB02316d3f048818C4E59,https://bscscan.com/address/0xfbd4d681c92ead6af0e49950c8b2e47eeacbb2db,https://bscscan.com/token/0xfbd4d681c92ead6af0e49950c8b2e47eeacbb2db,https://solscan.io/account/hrmX7MV5hifoaBVjnrdpz698yABxrbBNAcWtWo9ondo,https://cdn.ondo.finance/tokens/logos/qcomon_40x40.svg,https://cdn.ondo.finance/tokens/logos/qcomon_160x160.png,Qualcomm,QCOM,Common Stock,Stock,US7475251036,"QCOMon is the Ondo Tokenized version of Qualcomm, giving tokenholders economic exposure similar to holding QCOM and reinvesting any dividends. Ondo tokenized stocks enable non-US retail and institutional users around the world to instantly mint and redeem tokenized U.S. stocks and ETFs, 24 hours a day, five days a week with full access to traditional exchange liquidity. Additional restrictions apply. Learn more at ondo.finance/global-markets.","QCOMon is the Ondo Tokenized version of Qualcomm, giving tokenholders economic exposure similar to holding QCOM and reinvesting any dividends. Additional restrictions apply. Learn more at https://ondo.finance/gm."
Invesco QQQ (Ondo Tokenized),QQQon,invesco-qqq-etf-ondo-tokenized-etf,38094,0x0e397938C1Aa0680954093495B70A9F5e2249aBa,0x0cde6936d305d5b34667fc46425e852efd73559a,HrYNm6jTQ71LoFphjVKBTdAE4uja7WsmLG8VxB8ondo,https://etherscan.io/address/0x0e397938C1Aa0680954093495B70A9F5e2249aBa,https://etherscan.io/token/0x0e397938C1Aa0680954093495B70A9F5e2249aBa,https://bscscan.com/address/0x0cde6936d305d5b34667fc46425e852efd73559a,https://bscscan.com/token/0x0cde6936d305d5b34667fc46425e852efd73559a,https://solscan.io/account/HrYNm6jTQ71LoFphjVKBTdAE4uja7WsmLG8VxB8ondo,https://cdn.ondo.finance/tokens/logos/qqqon_40x40.svg,https://cdn.ondo.finance/tokens/logos/qqqon_160x160.png,Invesco QQQ,QQQ,Equity ETF,ETF,US46090E1038,"QQQon is the Ondo Tokenized version of the Invesco QQQ, giving tokenholders economic exposure similar to holding QQQ and reinvesting any dividends. Ondo tokenized stocks enable non-US retail and institutional users around the world to instantly mint and redeem tokenized U.S. stocks and ETFs, 24 hours a day, five days a week with full access to traditional exchange liquidity. Additional restrictions apply. Learn more at ondo.finance/global-markets.","QQQon is the Ondo Tokenized version of the Invesco QQQ, giving tokenholders economic exposure similar to holding QQQ and reinvesting any dividends. Additional restrictions apply. Learn more at https://ondo.finance/gm."
Reddit (Ondo Tokenized),RDDTon,reddit-ondo-tokenized-stock,38053,0xA9431d354cFAD3c6B76E50f0e73b43D48Be80CD0,0x4da12f47578ef89c76179b760c778e70b668f80b,HXFrTf9v9NdjGUTnx4sojR3Cf92hoBsQFUxKTN7ondo,https://etherscan.io/address/0xA9431d354cFAD3c6B76E50f0e73b43D48Be80CD0,https://etherscan.io/token/0xA9431d354cFAD3c6B76E50f0e73b43D48Be80CD0,https://bscscan.com/address/0x4da12f47578ef89c76179b760c778e70b668f80b,https://bscscan.com/token/0x4da12f47578ef89c76179b760c778e70b668f80b,https://solscan.io/account/HXFrTf9v9NdjGUTnx4sojR3Cf92hoBsQFUxKTN7ondo,https://cdn.ondo.finance/tokens/logos/rddton_40x40.svg,https://cdn.ondo.finance/tokens/logos/rddton_160x160.png,Reddit,RDDT,Common Stock,Stock,US75734B1008,"RDDTon is the Ondo Tokenized version of Reddit, giving tokenholders economic exposure similar to holding RDDT and reinvesting any dividends. Ondo tokenized stocks enable non-US retail and institutional users around the world to instantly mint and redeem tokenized U.S. stocks and ETFs, 24 hours a day, five days a week with full access to traditional exchange liquidity. Additional restrictions apply. Learn more at ondo.finance/global-markets.","RDDTon is the Ondo Tokenized version of Reddit, giving tokenholders economic exposure similar to holding RDDT and reinvesting any dividends. Additional restrictions apply. Learn more at https://ondo.finance/gm."
VanEck Rare Earth and Strategic Metals ETF (Ondo Tokenized),REMXon,vaneck-rare-earth-and-strategic-metals-etf-ondo-tokenized,39261,0x1140043f02d8ee34b10eae2e32ae921cda1459ee,0xc16f47c4a7ed39372b9a0e3e2016cede9b4cb83a,tiitb2Z1HtpB2DpVr6V7tdCFS3jmTinLeuGj9EVondo,https://etherscan.io/address/0x1140043f02d8ee34b10eae2e32ae921cda1459ee,https://etherscan.io/token/0x1140043f02d8ee34b10eae2e32ae921cda1459ee,https://bscscan.com/address/0xc16f47c4a7ed39372b9a0e3e2016cede9b4cb83a,https://bscscan.com/token/0xc16f47c4a7ed39372b9a0e3e2016cede9b4cb83a,https://solscan.io/account/tiitb2Z1HtpB2DpVr6V7tdCFS3jmTinLeuGj9EVondo,https://cdn.ondo.finance/tokens/logos/remxon_40x40.svg,https://cdn.ondo.finance/tokens/logos/remxon_160x160.png,VanEck Rare Earth and Strategic Metals ETF,REMX,Commodity ETF,ETF,US92189H8051,"REMXon is the Ondo Tokenized version of the VanEck Rare Earth and Strategic Metals ETF, giving tokenholders economic exposure similar to holding REMX and reinvesting any dividends. Ondo tokenized stocks enable non-US retail and institutional users around the world to instantly mint and redeem tokenized U.S. stocks and ETFs, 24 hours a day, five days a week with full access to traditional exchange liquidity. Additional restrictions apply. Learn more at ondo.finance/global-markets.","REMXon is the Ondo Tokenized version of the VanEck Rare Earth and Strategic Metals ETF, giving tokenholders economic exposure similar to holding REMX and reinvesting any dividends. Additional restrictions apply. Learn more at https://ondo.finance/gm."
Rigetti Computing (Ondo Tokenized),RGTIon,rigetti-computing-ondo-tokenized,39308,0xfdfdf5db2f4a72cb754ffa8896ea012dc2cc0f5e,0xed2a500eb2b66679e0bbd76e51a60049ae5f3271,dwEPNKQab3iwRmjGvZPXhAmws1W5NsQGwuXwi8oondo,https://etherscan.io/address/0xfdfdf5db2f4a72cb754ffa8896ea012dc2cc0f5e,https://etherscan.io/token/0xfdfdf5db2f4a72cb754ffa8896ea012dc2cc0f5e,https://bscscan.com/address/0xed2a500eb2b66679e0bbd76e51a60049ae5f3271,https://bscscan.com/token/0xed2a500eb2b66679e0bbd76e51a60049ae5f3271,https://solscan.io/account/dwEPNKQab3iwRmjGvZPXhAmws1W5NsQGwuXwi8oondo,https://cdn.ondo.finance/tokens/logos/rgtion_40x40.svg,https://cdn.ondo.finance/tokens/logos/rgtion_160x160.png,Rigetti Computing,RGTI,Common Stock,Stock,US76655K1034,"RGTIon is the Ondo Tokenized version of Rigetti Computing, giving tokenholders economic exposure similar to holding RGTI and reinvesting any dividends. Ondo tokenized stocks enable non-US retail and institutional users around the world to instantly mint and redeem tokenized U.S. stocks and ETFs, 24 hours a day, five days a week with full access to traditional exchange liquidity. Additional restrictions apply. Learn more at ondo.finance/global-markets.","RGTIon is the Ondo Tokenized version of Rigetti Computing, giving tokenholders economic exposure similar to holding RGTI and reinvesting any dividends. Additional restrictions apply. Learn more at https://ondo.finance/gm."
Riot Platforms (Ondo Tokenized),RIOTon,riot-platforms-ondo-tokenized-stock,38012,0x21deafD91116FCe9fE87C8f15Bde03f99a309b72,0xc4a88a72b848255fd24da3c1ad6755d980535fb1,i6f3DvZBuLpnGSqS8x6WPeStJ7jNe5KewD6afD5ondo,https://etherscan.io/address/0x21deafD91116FCe9fE87C8f15Bde03f99a309b72,https://etherscan.io/token/0x21deafD91116FCe9fE87C8f15Bde03f99a309b72,https://bscscan.com/address/0xc4a88a72b848255fd24da3c1ad6755d980535fb1,https://bscscan.com/token/0xc4a88a72b848255fd24da3c1ad6755d980535fb1,https://solscan.io/account/i6f3DvZBuLpnGSqS8x6WPeStJ7jNe5KewD6afD5ondo,https://cdn.ondo.finance/tokens/logos/rioton_40x40.svg,https://cdn.ondo.finance/tokens/logos/rioton_160x160.png,Riot Platforms,RIOT,Common Stock,Stock,US7672921050,"RIOTon is the Ondo Tokenized version of Riot Platforms, giving tokenholders economic exposure similar to holding RIOT and reinvesting any dividends. Ondo tokenized stocks enable non-US retail and institutional users around the world to instantly mint and redeem tokenized U.S. stocks and ETFs, 24 hours a day, five days a week with full access to traditional exchange liquidity. Additional restrictions apply. Learn more at ondo.finance/global-markets.","RIOTon is the Ondo Tokenized version of Riot Platforms, giving tokenholders economic exposure similar to holding RIOT and reinvesting any dividends. Additional restrictions apply. Learn more at https://ondo.finance/gm."
Rivian Automotive (Ondo Tokenized),RIVNon,rivian-automotive-ondo-tokenized,39256,0x04d94914cd1d7ff749efedee764335777225b962,0x277e1fa8704c5511fed7e30bc691f922aa30101b,AXRsYFt7TXNQ3DcY6BkvRgPV6VsYMURyDtaeudjondo,https://etherscan.io/address/0x04d94914cd1d7ff749efedee764335777225b962,https://etherscan.io/token/0x04d94914cd1d7ff749efedee764335777225b962,https://bscscan.com/address/0x277e1fa8704c5511fed7e30bc691f922aa30101b,https://bscscan.com/token/0x277e1fa8704c5511fed7e30bc691f922aa30101b,https://solscan.io/account/AXRsYFt7TXNQ3DcY6BkvRgPV6VsYMURyDtaeudjondo,https://cdn.ondo.finance/tokens/logos/rivnon_40x40.svg,https://cdn.ondo.finance/tokens/logos/rivnon_160x160.png,Rivian Automotive,RIVN,Common Stock,Stock,US76954A1034,"RIVNon is the Ondo Tokenized version of Rivian Automotive, giving tokenholders economic exposure similar to holding RIVN and reinvesting any dividends. Ondo tokenized stocks enable non-US retail and institutional users around the world to instantly mint and redeem tokenized U.S. stocks and ETFs, 24 hours a day, five days a week with full access to traditional exchange liquidity. Additional restrictions apply. Learn more at ondo.finance/global-markets.","RIVNon is the Ondo Tokenized version of Rivian Automotive, giving tokenholders economic exposure similar to holding RIVN and reinvesting any dividends. Additional restrictions apply. Learn more at https://ondo.finance/gm."
RTX (Ondo Tokenized),RTXon,rtx-ondo-tokenized,39295,0x67c5902f5210f62f37157cd9c735c693164c1378,0x44fde2c6bc2c2b54962c69fcef57a2a50121dbd7,12BvLZtzjdssAycxPeBQUjukhmgQpULAvy6SroYdondo,https://etherscan.io/address/0x67c5902f5210f62f37157cd9c735c693164c1378,https://etherscan.io/token/0x67c5902f5210f62f37157cd9c735c693164c1378,https://bscscan.com/address/0x44fde2c6bc2c2b54962c69fcef57a2a50121dbd7,https://bscscan.com/token/0x44fde2c6bc2c2b54962c69fcef57a2a50121dbd7,https://solscan.io/account/12BvLZtzjdssAycxPeBQUjukhmgQpULAvy6SroYdondo,https://cdn.ondo.finance/tokens/logos/rtxon_40x40.svg,https://cdn.ondo.finance/tokens/logos/rtxon_160x160.png,RTX,RTX,Common Stock,Stock,US75513E1010,"RTXon is the Ondo Tokenized version of RTX, giving tokenholders economic exposure similar to holding RTX and reinvesting any dividends. Ondo tokenized stocks enable non-US retail and institutional users around the world to instantly mint and redeem tokenized U.S. stocks and ETFs, 24 hours a day, five days a week with full access to traditional exchange liquidity. Additional restrictions apply. Learn more at ondo.finance/global-markets.","RTXon is the Ondo Tokenized version of RTX, giving tokenholders economic exposure similar to holding RTX and reinvesting any dividends. Additional restrictions apply. Learn more at https://ondo.finance/gm."
SharpLink Gaming (Ondo Tokenized),SBETon,sharplink-gaming-inc-ondo-tokenized-stock,38087,0xfDb46864A7C476F0914c5E82CdED3364a9F56F8a,0x99e01f02d66455bb106d91d469c9eaf6ab4904f6,iLDu2jjp2i3Uqc2Vm7K7GLiUj3hR4Un49MtD7c4ondo,https://etherscan.io/address/0xfDb46864A7C476F0914c5E82CdED3364a9F56F8a,https://etherscan.io/token/0xfDb46864A7C476F0914c5E82CdED3364a9F56F8a,https://bscscan.com/address/0x99e01f02d66455bb106d91d469c9eaf6ab4904f6,https://bscscan.com/token/0x99e01f02d66455bb106d91d469c9eaf6ab4904f6,https://solscan.io/account/iLDu2jjp2i3Uqc2Vm7K7GLiUj3hR4Un49MtD7c4ondo,https://cdn.ondo.finance/tokens/logos/sbeton_40x40.svg,https://cdn.ondo.finance/tokens/logos/sbeton_160x160.png,"SharpLink Gaming, Inc",SBET,Common Stock,Stock,US8200144058,"SBETon is the Ondo Tokenized version of SharpLink Gaming, Inc, giving tokenholders economic exposure similar to holding SBET and reinvesting any dividends. Ondo tokenized stocks enable non-US retail and institutional users around the world to instantly mint and redeem tokenized U.S. stocks and ETFs, 24 hours a day, five days a week with full access to traditional exchange liquidity. Additional restrictions apply. Learn more at ondo.finance/global-markets.","SBETon is the Ondo Tokenized version of SharpLink Gaming, Inc, giving tokenholders economic exposure similar to holding SBET and reinvesting any dividends. Additional restrictions apply. Learn more at https://ondo.finance/gm."
Starbucks (Ondo Tokenized),SBUXon,starbucks-ondo-tokenized-stock,38055,0xf15FbC1349ab99ABAd63db3f9A510BF413bE3BeF,0x94d7754541b829a87321d56121bc544167ac490d,iPFqjcZQTNMNXA4kbShbMhfAVD8yr8Uq9UtXMV6ondo,https://etherscan.io/address/0xf15FbC1349ab99ABAd63db3f9A510BF413bE3BeF,https://etherscan.io/token/0xf15FbC1349ab99ABAd63db3f9A510BF413bE3BeF,https://bscscan.com/address/0x94d7754541b829a87321d56121bc544167ac490d,https://bscscan.com/token/0x94d7754541b829a87321d56121bc544167ac490d,https://solscan.io/account/iPFqjcZQTNMNXA4kbShbMhfAVD8yr8Uq9UtXMV6ondo,https://cdn.ondo.finance/tokens/logos/sbuxon_40x40.svg,https://cdn.ondo.finance/tokens/logos/sbuxon_160x160.png,Starbucks,SBUX,Common Stock,Stock,US8552441094,"SBUXon is the Ondo Tokenized version of Starbucks, giving tokenholders economic exposure similar to holding SBUX and reinvesting any dividends. Ondo tokenized stocks enable non-US retail and institutional users around the world to instantly mint and redeem tokenized U.S. stocks and ETFs, 24 hours a day, five days a week with full access to traditional exchange liquidity. Additional restrictions apply. Learn more at ondo.finance/global-markets.","SBUXon is the Ondo Tokenized version of Starbucks, giving tokenholders economic exposure similar to holding SBUX and reinvesting any dividends. Additional restrictions apply. Learn more at https://ondo.finance/gm."
Charles Schwab (Ondo Tokenized),SCHWon,charles-schwab-ondo-tokenized-stocks,39278,0xe737f948bdfe3beae9423292853ec0579173cebb,0xe5ba472c98b7e4695bd856290de66bdedaffc123,cnc6M1zXLdrGR5LAQVcaJDfgezMiVWNtGQsVy1Kondo,https://etherscan.io/address/0xe737f948bdfe3beae9423292853ec0579173cebb,https://etherscan.io/token/0xe737f948bdfe3beae9423292853ec0579173cebb,https://bscscan.com/address/0xe5ba472c98b7e4695bd856290de66bdedaffc123,https://bscscan.com/token/0xe5ba472c98b7e4695bd856290de66bdedaffc123,https://solscan.io/account/cnc6M1zXLdrGR5LAQVcaJDfgezMiVWNtGQsVy1Kondo,https://cdn.ondo.finance/tokens/logos/schwon_40x40.svg,https://cdn.ondo.finance/tokens/logos/schwon_160x160.png,Charles Schwab,SCHW,Common Stock,Stock,US8085131055,"SCHWon is the Ondo Tokenized version of Charles Schwab, giving tokenholders economic exposure similar to holding SCHW and reinvesting any dividends. Ondo tokenized stocks enable non-US retail and institutional users around the world to instantly mint and redeem tokenized U.S. stocks and ETFs, 24 hours a day, five days a week with full access to traditional exchange liquidity. Additional restrictions apply. Learn more at ondo.finance/global-markets.","SCHWon is the Ondo Tokenized version of Charles Schwab, giving tokenholders economic exposure similar to holding SCHW and reinvesting any dividends. Additional restrictions apply. Learn more at https://ondo.finance/gm."
iShares 0-3 Month Treasury Bond ETF (Ondo Tokenized),SGOVon,ishares-0-3-month-treasury-bond-etf-ondo-tokenized-etf,39306,0x8de5d49725550f7b318b2fa0f1b1f118e98e8d0f,0xc008c5f579ec1450f20099c39f587547e27c7523,HjrN6ChZK2QRL6hMXayjGPLFvxhgjwKEy135VRjondo,https://etherscan.io/address/0x8de5d49725550f7b318b2fa0f1b1f118e98e8d0f,https://etherscan.io/token/0x8de5d49725550f7b318b2fa0f1b1f118e98e8d0f,https://bscscan.com/address/0xc008c5f579ec1450f20099c39f587547e27c7523,https://bscscan.com/token/0xc008c5f579ec1450f20099c39f587547e27c7523,https://solscan.io/account/HjrN6ChZK2QRL6hMXayjGPLFvxhgjwKEy135VRjondo,https://cdn.ondo.finance/tokens/logos/sgovon_40x40.svg,https://cdn.ondo.finance/tokens/logos/sgovon_160x160.png,iShares 0-3 Month Treasury Bond ETF,SGOV,Bond ETF,ETF,US46436E7186,"SGOVon is the Ondo Tokenized version of the iShares 0-3 Month Treasury Bond ETF, giving tokenholders economic exposure similar to holding SGOV and reinvesting any dividends. Ondo tokenized stocks enable non-US retail and institutional users around the world to instantly mint and redeem tokenized U.S. stocks and ETFs, 24 hours a day, five days a week with full access to traditional exchange liquidity. Additional restrictions apply. Learn more at ondo.finance/global-markets.","SGOVon is the Ondo Tokenized version of the iShares 0-3 Month Treasury Bond ETF, giving tokenholders economic exposure similar to holding SGOV and reinvesting any dividends. Additional restrictions apply. Learn more at https://ondo.finance/gm."
Shopify (Ondo Tokenized),SHOPon,shopify-ondo-tokenized-stock,38026,0x908266C1192628371Cff7AD2F5Eba4dE061a0ac5,0x43d0b380c33cd004a6a69abd61843881a2de4113,ivdDracs2s7jCP698dJXKSEQdVrNj9hasJL1Uq1ondo,https://etherscan.io/address/0x908266C1192628371Cff7AD2F5Eba4dE061a0ac5,https://etherscan.io/token/0x908266C1192628371Cff7AD2F5Eba4dE061a0ac5,https://bscscan.com/address/0x43d0b380c33cd004a6a69abd61843881a2de4113,https://bscscan.com/token/0x43d0b380c33cd004a6a69abd61843881a2de4113,https://solscan.io/account/ivdDracs2s7jCP698dJXKSEQdVrNj9hasJL1Uq1ondo,https://cdn.ondo.finance/tokens/logos/shopon_40x40.svg,https://cdn.ondo.finance/tokens/logos/shopon_160x160.png,Shopify,SHOP,Common Stock,Stock,CA82509L1076,"SHOPon is the Ondo Tokenized version of Shopify, giving tokenholders economic exposure similar to holding SHOP and reinvesting any dividends. Ondo tokenized stocks enable non-US retail and institutional users around the world to instantly mint and redeem tokenized U.S. stocks and ETFs, 24 hours a day, five days a week with full access to traditional exchange liquidity. Additional restrictions apply. Learn more at ondo.finance/global-markets.","SHOPon is the Ondo Tokenized version of Shopify, giving tokenholders economic exposure similar to holding SHOP and reinvesting any dividends. Additional restrictions apply. Learn more at https://ondo.finance/gm."
iShares Silver Trust (Ondo Tokenized),SLVon,ishares-silver-trust-ondo-tokenized-stock,38057,0xF3e4872e6a4cF365888D93b6146a2bAA7348F1A4,0x8b872732b07be325a8803cdb480d9d20b6f8d11b,iy11ytbSGcUnrjE6Lfv78TFqxKyUESfku1FugS9ondo,https://etherscan.io/address/0xF3e4872e6a4cF365888D93b6146a2bAA7348F1A4,https://etherscan.io/token/0xF3e4872e6a4cF365888D93b6146a2bAA7348F1A4,https://bscscan.com/address/0x8b872732b07be325a8803cdb480d9d20b6f8d11b,https://bscscan.com/token/0x8b872732b07be325a8803cdb480d9d20b6f8d11b,https://solscan.io/account/iy11ytbSGcUnrjE6Lfv78TFqxKyUESfku1FugS9ondo,https://cdn.ondo.finance/tokens/logos/slvon_40x40.svg,https://cdn.ondo.finance/tokens/logos/slvon_160x160.png,iShares Silver Trust,SLV,Commodity ETF,ETF,US46428Q1094,"SLVon is the Ondo Tokenized version of the iShares Silver Trust, giving tokenholders economic exposure similar to holding SLV and reinvesting any dividends. Ondo tokenized stocks enable non-US retail and institutional users around the world to instantly mint and redeem tokenized U.S. stocks and ETFs, 24 hours a day, five days a week with full access to traditional exchange liquidity. Additional restrictions apply. Learn more at ondo.finance/global-markets.","SLVon is the Ondo Tokenized version of the iShares Silver Trust, giving tokenholders economic exposure similar to holding SLV and reinvesting any dividends. Additional restrictions apply. Learn more at https://ondo.finance/gm."
Super Micro Computer (Ondo Tokenized),SMCIon,super-micro-computer-ondo-tokenized-stock,37996,0x2ca12a3F9635fD69C21580def14F25C210cA9612,0xc142ba8ccd36d80c3a001342fb83e4c3d218a873,jLca79XzcewRuBZyaJxVxuKpUHcEix1X4CP1RP9ondo,https://etherscan.io/address/0x2ca12a3F9635fD69C21580def14F25C210cA9612,https://etherscan.io/token/0x2ca12a3F9635fD69C21580def14F25C210cA9612,https://bscscan.com/address/0xc142ba8ccd36d80c3a001342fb83e4c3d218a873,https://bscscan.com/token/0xc142ba8ccd36d80c3a001342fb83e4c3d218a873,https://solscan.io/account/jLca79XzcewRuBZyaJxVxuKpUHcEix1X4CP1RP9ondo,https://cdn.ondo.finance/tokens/logos/smcion_40x40.svg,https://cdn.ondo.finance/tokens/logos/smcion_160x160.png,Super Micro Computer,SMCI,Common Stock,Stock,US86800U1043,"SMCIon is the Ondo Tokenized version of Super Micro Computer, giving tokenholders economic exposure similar to holding SMCI and reinvesting any dividends. Ondo tokenized stocks enable non-US retail and institutional users around the world to instantly mint and redeem tokenized U.S. stocks and ETFs, 24 hours a day, five days a week with full access to traditional exchange liquidity. Additional restrictions apply. Learn more at ondo.finance/global-markets.","SMCIon is the Ondo Tokenized version of Super Micro Computer, giving tokenholders economic exposure similar to holding SMCI and reinvesting any dividends. Additional restrictions apply. Learn more at https://ondo.finance/gm."
Snap (Ondo Tokenized),SNAPon,snap-ondo-tokenized,39314,0xb2924278cc92e60db9b673d6a311d7a331dd703d,0xf325884d9bcac457271fe7f7b6be1765348fcca2,a2cXfonVgQ6cKB4Lm8YZsPry39VZSA562bwmRSiondo,https://etherscan.io/address/0xb2924278cc92e60db9b673d6a311d7a331dd703d,https://etherscan.io/token/0xb2924278cc92e60db9b673d6a311d7a331dd703d,https://bscscan.com/address/0xf325884d9bcac457271fe7f7b6be1765348fcca2,https://bscscan.com/token/0xf325884d9bcac457271fe7f7b6be1765348fcca2,https://solscan.io/account/a2cXfonVgQ6cKB4Lm8YZsPry39VZSA562bwmRSiondo,https://cdn.ondo.finance/tokens/logos/snapon_40x40.svg,https://cdn.ondo.finance/tokens/logos/snapon_160x160.png,Snap,SNAP,Common Stock,Stock,US83304A1060,"SNAPon is the Ondo Tokenized version of Snap, giving tokenholders economic exposure similar to holding SNAP and reinvesting any dividends. Ondo tokenized stocks enable non-US retail and institutional users around the world to instantly mint and redeem tokenized U.S. stocks and ETFs, 24 hours a day, five days a week with full access to traditional exchange liquidity. Additional restrictions apply. Learn more at ondo.finance/global-markets.","SNAPon is the Ondo Tokenized version of Snap, giving tokenholders economic exposure similar to holding SNAP and reinvesting any dividends. Additional restrictions apply. Learn more at https://ondo.finance/gm."
Snowflake (Ondo Tokenized),SNOWon,snowflake-ondo-tokenized-stock,38063,0x5D1a9a9B118fF19721e0111f094f2360b6Ef7A2f,0x138ed6833ff4e8811e1fea0d005e13726c8886f9,JmFLCBwoNvcXy6B2VqABg6m784ubkXpaEx3p7S5ondo,https://etherscan.io/address/0x5D1a9a9B118fF19721e0111f094f2360b6Ef7A2f,https://etherscan.io/token/0x5D1a9a9B118fF19721e0111f094f2360b6Ef7A2f,https://bscscan.com/address/0x138ed6833ff4e8811e1fea0d005e13726c8886f9,https://bscscan.com/token/0x138ed6833ff4e8811e1fea0d005e13726c8886f9,https://solscan.io/account/JmFLCBwoNvcXy6B2VqABg6m784ubkXpaEx3p7S5ondo,https://cdn.ondo.finance/tokens/logos/snowon_40x40.svg,https://cdn.ondo.finance/tokens/logos/snowon_160x160.png,Snowflake,SNOW,Common Stock,Stock,US8334451098,"SNOWon is the Ondo Tokenized version of Snowflake, giving tokenholders economic exposure similar to holding SNOW and reinvesting any dividends. Ondo tokenized stocks enable non-US retail and institutional users around the world to instantly mint and redeem tokenized U.S. stocks and ETFs, 24 hours a day, five days a week with full access to traditional exchange liquidity. Additional restrictions apply. Learn more at ondo.finance/global-markets.","SNOWon is the Ondo Tokenized version of Snowflake, giving tokenholders economic exposure similar to holding SNOW and reinvesting any dividends. Additional restrictions apply. Learn more at https://ondo.finance/gm."
SoFi Technologies (Ondo Tokenized),SOFIon,sofi-technologies-ondo-tokenized-stock,39283,0x9f2e3eb0160117c56b07652fe66a08a48b5bd7b5,0x71507068e98049cba81e9bbc8d901e4a2f4222eb,mqL8yXQpeSvc7NgrAtLLPtRvUiWyLoG5RWLv16iondo,https://etherscan.io/address/0x9f2e3eb0160117c56b07652fe66a08a48b5bd7b5,https://etherscan.io/token/0x9f2e3eb0160117c56b07652fe66a08a48b5bd7b5,https://bscscan.com/address/0x71507068e98049cba81e9bbc8d901e4a2f4222eb,https://bscscan.com/token/0x71507068e98049cba81e9bbc8d901e4a2f4222eb,https://solscan.io/account/mqL8yXQpeSvc7NgrAtLLPtRvUiWyLoG5RWLv16iondo,https://cdn.ondo.finance/tokens/logos/sofion_40x40.svg,https://cdn.ondo.finance/tokens/logos/sofion_160x160.png,SoFi Technologies,SOFI,Common Stock,Stock,US8425871071,"SOFIon is the Ondo Tokenized version of SoFi Technologies, giving tokenholders economic exposure similar to holding SOFI and reinvesting any dividends. Ondo tokenized stocks enable non-US retail and institutional users around the world to instantly mint and redeem tokenized U.S. stocks and ETFs, 24 hours a day, five days a week with full access to traditional exchange liquidity. Additional restrictions apply. Learn more at ondo.finance/global-markets.","SOFIon is the Ondo Tokenized version of SoFi Technologies, giving tokenholders economic exposure similar to holding SOFI and reinvesting any dividends. Additional restrictions apply. Learn more at https://ondo.finance/gm."
Southern (Ondo Tokenized),SOon,southern-ondo-tokenized-stock,39279,0x99aa107e55250a9fe52bb4b5541a59239eb6d974,0xd7a6353a23ed2c4fcac29a63cbbe3f65ffef41f5,aKzjn2ZdWySSGPSSDTY2HUpcSCmemSahTXihrpyondo,https://etherscan.io/address/0x99aa107e55250a9fe52bb4b5541a59239eb6d974,https://etherscan.io/token/0x99aa107e55250a9fe52bb4b5541a59239eb6d974,https://bscscan.com/address/0xd7a6353a23ed2c4fcac29a63cbbe3f65ffef41f5,https://bscscan.com/token/0xd7a6353a23ed2c4fcac29a63cbbe3f65ffef41f5,https://solscan.io/account/aKzjn2ZdWySSGPSSDTY2HUpcSCmemSahTXihrpyondo,https://cdn.ondo.finance/tokens/logos/soon_40x40.svg,https://cdn.ondo.finance/tokens/logos/soon_160x160.png,Southern,SO,Common Stock,Stock,US83406F1021,"SOon is the Ondo Tokenized version of Southern, giving tokenholders economic exposure similar to holding SO and reinvesting any dividends. Ondo tokenized stocks enable non-US retail and institutional users around the world to instantly mint and redeem tokenized U.S. stocks and ETFs, 24 hours a day, five days a week with full access to traditional exchange liquidity. Additional restrictions apply. Learn more at ondo.finance/global-markets.","SOon is the Ondo Tokenized version of Southern, giving tokenholders economic exposure similar to holding SO and reinvesting any dividends. Additional restrictions apply. Learn more at https://ondo.finance/gm."
SoundHound AI (Ondo Tokenized),SOUNon,soundhound-ai-ondo-tokenized,39248,0x966db065199a3edea2228c6e5eb6ac49ff251acc,0xedcf71b2e2217064038adcb54a3c3a5fc3488ef1,vE2qArmjto6VfeMngyGAnzp2ipLYeXsxiARDnnXondo,https://etherscan.io/address/0x966db065199a3edea2228c6e5eb6ac49ff251acc,https://etherscan.io/token/0x966db065199a3edea2228c6e5eb6ac49ff251acc,https://bscscan.com/address/0xedcf71b2e2217064038adcb54a3c3a5fc3488ef1,https://bscscan.com/token/0xedcf71b2e2217064038adcb54a3c3a5fc3488ef1,https://solscan.io/account/vE2qArmjto6VfeMngyGAnzp2ipLYeXsxiARDnnXondo,https://cdn.ondo.finance/tokens/logos/sounon_40x40.svg,https://cdn.ondo.finance/tokens/logos/sounon_160x160.png,SoundHound AI,SOUN,Common Stock,Stock,US8361001071,"SOUNon is the Ondo Tokenized version of SoundHound AI, giving tokenholders economic exposure similar to holding SOUN and reinvesting any dividends. Ondo tokenized stocks enable non-US retail and institutional users around the world to instantly mint and redeem tokenized U.S. stocks and ETFs, 24 hours a day, five days a week with full access to traditional exchange liquidity. Additional restrictions apply. Learn more at ondo.finance/global-markets.","SOUNon is the Ondo Tokenized version of SoundHound AI, giving tokenholders economic exposure similar to holding SOUN and reinvesting any dividends. Additional restrictions apply. Learn more at https://ondo.finance/gm."
S&P Global (Ondo Tokenized),SPGIon,s-p-global-ondo-tokenized-stock,38074,0xbc843b147DB4C7E00721d76037b8b92e13AfE13f,0x55b370b704240a914f42b5bbb3195431c031f9f8,JrTYw7A9jihX5TwpRStYviEbsYf2X2VJpZ13719ondo,https://etherscan.io/address/0xbc843b147DB4C7E00721d76037b8b92e13AfE13f,https://etherscan.io/token/0xbc843b147DB4C7E00721d76037b8b92e13AfE13f,https://bscscan.com/address/0x55b370b704240a914f42b5bbb3195431c031f9f8,https://bscscan.com/token/0x55b370b704240a914f42b5bbb3195431c031f9f8,https://solscan.io/account/JrTYw7A9jihX5TwpRStYviEbsYf2X2VJpZ13719ondo,https://cdn.ondo.finance/tokens/logos/spgion_40x40.svg,https://cdn.ondo.finance/tokens/logos/spgion_160x160.png,S&P Global,SPGI,Common Stock,Stock,US78409V1044,"SPGIon is the Ondo Tokenized version of S&P Global, giving tokenholders economic exposure similar to holding SPGI and reinvesting any dividends. Ondo tokenized stocks enable non-US retail and institutional users around the world to instantly mint and redeem tokenized U.S. stocks and ETFs, 24 hours a day, five days a week with full access to traditional exchange liquidity. Additional restrictions apply. Learn more at ondo.finance/global-markets.","SPGIon is the Ondo Tokenized version of S&P Global, giving tokenholders economic exposure similar to holding SPGI and reinvesting any dividends. Additional restrictions apply. Learn more at https://ondo.finance/gm."
Spotify (Ondo Tokenized),SPOTon,spotify-ondo-tokenized-stock,38028,0x590F21186489cA1612f49a4B1ff5c66acD6796A9,0x50356167a4dbc38bea6779c045e24e25facedfdc,jzCvs2Pk8tDcfsFRqnEMjurgaQW4iQfEkandUR8ondo,https://etherscan.io/address/0x590F21186489cA1612f49a4B1ff5c66acD6796A9,https://etherscan.io/token/0x590F21186489cA1612f49a4B1ff5c66acD6796A9,https://bscscan.com/address/0x50356167a4dbc38bea6779c045e24e25facedfdc,https://bscscan.com/token/0x50356167a4dbc38bea6779c045e24e25facedfdc,https://solscan.io/account/jzCvs2Pk8tDcfsFRqnEMjurgaQW4iQfEkandUR8ondo,https://cdn.ondo.finance/tokens/logos/spoton_40x40.svg,https://cdn.ondo.finance/tokens/logos/spoton_160x160.png,Spotify,SPOT,Common Stock,Stock,LU1778762911,"SPOTon is the Ondo Tokenized version of Spotify, giving tokenholders economic exposure similar to holding SPOT and reinvesting any dividends. Ondo tokenized stocks enable non-US retail and institutional users around the world to instantly mint and redeem tokenized U.S. stocks and ETFs, 24 hours a day, five days a week with full access to traditional exchange liquidity. Additional restrictions apply. Learn more at ondo.finance/global-markets.","SPOTon is the Ondo Tokenized version of Spotify, giving tokenholders economic exposure similar to holding SPOT and reinvesting any dividends. Additional restrictions apply. Learn more at https://ondo.finance/gm."
SPDR S&P 500 ETF (Ondo Tokenized),SPYon,spdr-s-p-500-etf-ondo-tokenized-etf,38067,0xFeDC5f4a6c38211c1338aa411018DFAf26612c08,0x6a708ead771238919d85930b5a0f10454e1c331a,k18WJUULWheRkSpSquYGdNNmtuE2Vbw1hpuUi92ondo,https://etherscan.io/address/0xFeDC5f4a6c38211c1338aa411018DFAf26612c08,https://etherscan.io/token/0xFeDC5f4a6c38211c1338aa411018DFAf26612c08,https://bscscan.com/address/0x6a708ead771238919d85930b5a0f10454e1c331a,https://bscscan.com/token/0x6a708ead771238919d85930b5a0f10454e1c331a,https://solscan.io/account/k18WJUULWheRkSpSquYGdNNmtuE2Vbw1hpuUi92ondo,https://cdn.ondo.finance/tokens/logos/spyon_40x40.svg,https://cdn.ondo.finance/tokens/logos/spyon_160x160.png,SPDR S&P 500 ETF,SPY,Equity ETF,ETF,US78462F1030,"SPYon is the Ondo Tokenized version of the SPDR S&P 500 ETF, giving tokenholders economic exposure similar to holding SPY and reinvesting any dividends. Ondo tokenized stocks enable non-US retail and institutional users around the world to instantly mint and redeem tokenized U.S. stocks and ETFs, 24 hours a day, five days a week with full access to traditional exchange liquidity. Additional restrictions apply. Learn more at ondo.finance/global-markets.","SPYon is the Ondo Tokenized version of the SPDR S&P 500 ETF, giving tokenholders economic exposure similar to holding SPY and reinvesting any dividends. Additional restrictions apply. Learn more at https://ondo.finance/gm."
ProShares UltraPro Short QQQ (Ondo Tokenized),SQQQon,proshares-ultrapro-short-qqq-ondo-tokenized,39300,0x0a00c19246fc41b2524d56c87ec44ce8b30ba0f8,0x17515b68378d86c38f394c666e79907da05dcba9,D1tu7Fnm3cCpKyyPXrqm5GXShPqMj7a2SEjjq9fondo,https://etherscan.io/address/0x0a00c19246fc41b2524d56c87ec44ce8b30ba0f8,https://etherscan.io/token/0x0a00c19246fc41b2524d56c87ec44ce8b30ba0f8,https://bscscan.com/address/0x17515b68378d86c38f394c666e79907da05dcba9,https://bscscan.com/token/0x17515b68378d86c38f394c666e79907da05dcba9,https://solscan.io/account/D1tu7Fnm3cCpKyyPXrqm5GXShPqMj7a2SEjjq9fondo,https://cdn.ondo.finance/tokens/logos/sqqqon_40x40.svg,https://cdn.ondo.finance/tokens/logos/sqqqon_160x160.png,ProShares UltraPro Short QQQ,SQQQ,Equity ETF,ETF,US74350P6759,"SQQQon is the Ondo Tokenized version of the ProShares UltraPro Short QQQ, giving tokenholders economic exposure similar to holding SQQQ and reinvesting any dividends. Ondo tokenized stocks enable non-US retail and institutional users around the world to instantly mint and redeem tokenized U.S. stocks and ETFs, 24 hours a day, five days a week with full access to traditional exchange liquidity. Additional restrictions apply. Learn more at ondo.finance/global-markets.","SQQQon is the Ondo Tokenized version of the ProShares UltraPro Short QQQ, giving tokenholders economic exposure similar to holding SQQQ and reinvesting any dividends. Additional restrictions apply. Learn more at https://ondo.finance/gm."
Trip.com Group (Ondo Tokenized),TCOMon,trip-com-group-ondo-tokenized-stock,39309,0x398f7f759380f3d309b9fc0e6cb3d36e0d67818d,0x6459303f58244ff1e7a42b90aa3782dfb6ca6969,9PMjLqd8zPdKkJUXarnit5t7tPL3cCscwHzy7ATondo,https://etherscan.io/address/0x398f7f759380f3d309b9fc0e6cb3d36e0d67818d,https://etherscan.io/token/0x398f7f759380f3d309b9fc0e6cb3d36e0d67818d,https://bscscan.com/address/0x6459303f58244ff1e7a42b90aa3782dfb6ca6969,https://bscscan.com/token/0x6459303f58244ff1e7a42b90aa3782dfb6ca6969,https://solscan.io/account/9PMjLqd8zPdKkJUXarnit5t7tPL3cCscwHzy7ATondo,https://cdn.ondo.finance/tokens/logos/tcomon_40x40.svg,https://cdn.ondo.finance/tokens/logos/tcomon_160x160.png,Trip.com Group,TCOM,Common Stock,Stock,US00206R1023,"TCOMon is the Ondo Tokenized version of Trip.com Group, giving tokenholders economic exposure similar to holding TCOM and reinvesting any dividends. Ondo tokenized stocks enable non-US retail and institutional users around the world to instantly mint and redeem tokenized U.S. stocks and ETFs, 24 hours a day, five days a week with full access to traditional exchange liquidity. Additional restrictions apply. Learn more at ondo.finance/global-markets.","TCOMon is the Ondo Tokenized version of Trip.com Group, giving tokenholders economic exposure similar to holding TCOM and reinvesting any dividends. Additional restrictions apply. Learn more at https://ondo.finance/gm."
iShares TIPS Bond ETF (Ondo Tokenized),TIPon,ishares-tips-bond-etf-ondo-tokenized-etf,38068,0x2Df38cA485D01fC15e4FD85847ed26b7EF871c1c,0x2ac26ec236df5d1d2ad1a6dd4e448a90e45dc35d,k6BPp2Xmf2TYgrZiUyWfUoZBKeqaDbvPoAVgSx2ondo,https://etherscan.io/address/0x2Df38cA485D01fC15e4FD85847ed26b7EF871c1c,https://etherscan.io/token/0x2Df38cA485D01fC15e4FD85847ed26b7EF871c1c,https://bscscan.com/address/0x2ac26ec236df5d1d2ad1a6dd4e448a90e45dc35d,https://bscscan.com/token/0x2ac26ec236df5d1d2ad1a6dd4e448a90e45dc35d,https://solscan.io/account/k6BPp2Xmf2TYgrZiUyWfUoZBKeqaDbvPoAVgSx2ondo,https://cdn.ondo.finance/tokens/logos/tipon_40x40.svg,https://cdn.ondo.finance/tokens/logos/tipon_160x160.png,iShares TIPS Bond ETF,TIP,Bond ETF,ETF,US89677Q1076,"TIPon is the Ondo Tokenized version of the iShares TIPS Bond ETF, giving tokenholders economic exposure similar to holding TIP and reinvesting any dividends. Ondo tokenized stocks enable non-US retail and institutional users around the world to instantly mint and redeem tokenized U.S. stocks and ETFs, 24 hours a day, five days a week with full access to traditional exchange liquidity. Additional restrictions apply. Learn more at ondo.finance/global-markets.","TIPon is the Ondo Tokenized version of the iShares TIPS Bond ETF, giving tokenholders economic exposure similar to holding TIP and reinvesting any dividends. Additional restrictions apply. Learn more at https://ondo.finance/gm."
Talen Energy (Ondo Tokenized),TLNon,talen-energy-ondo-tokenized-stock,39289,0xc80c91bc6215e1333ea98314b8671d6e26c58470,0xbbe4dfe7a349fb72aec6f52d5cd9bdd78ae8f313,RTb54gpqAx6RpLAHRGnqQ3ciQ845CHqhg21ZzEJondo,https://etherscan.io/address/0xc80c91bc6215e1333ea98314b8671d6e26c58470,https://etherscan.io/token/0xc80c91bc6215e1333ea98314b8671d6e26c58470,https://bscscan.com/address/0xbbe4dfe7a349fb72aec6f52d5cd9bdd78ae8f313,https://bscscan.com/token/0xbbe4dfe7a349fb72aec6f52d5cd9bdd78ae8f313,https://solscan.io/account/RTb54gpqAx6RpLAHRGnqQ3ciQ845CHqhg21ZzEJondo,https://cdn.ondo.finance/tokens/logos/tlnon_40x40.svg,https://cdn.ondo.finance/tokens/logos/tlnon_160x160.png,Talen Energy,TLN,Common Stock,Stock,US4642871763,"TLNon is the Ondo Tokenized version of Talen Energy, giving tokenholders economic exposure similar to holding TLN and reinvesting any dividends. Ondo tokenized stocks enable non-US retail and institutional users around the world to instantly mint and redeem tokenized U.S. stocks and ETFs, 24 hours a day, five days a week with full access to traditional exchange liquidity. Additional restrictions apply. Learn more at ondo.finance/global-markets.","TLNon is the Ondo Tokenized version of Talen Energy, giving tokenholders economic exposure similar to holding TLN and reinvesting any dividends. Additional restrictions apply. Learn more at https://ondo.finance/gm."
iShares 20+ Year Treasury Bond ETF (Ondo Tokenized),TLTon,ishares-20-year-treasury-bond-etf-ondo-tokenized-etf,38031,0x992651BFeB9A0DCC4457610E284ba66D86489d4d,0xf69e40069ac227c11459e3f4e8a446b3401616b6,KaSLSWByKy6b9FrCYXPEJoHmLpuFZtTCJk1F1Z9ondo,https://etherscan.io/address/0x992651BFeB9A0DCC4457610E284ba66D86489d4d,https://etherscan.io/token/0x992651BFeB9A0DCC4457610E284ba66D86489d4d,https://bscscan.com/address/0xf69e40069ac227c11459e3f4e8a446b3401616b6,https://bscscan.com/token/0xf69e40069ac227c11459e3f4e8a446b3401616b6,https://solscan.io/account/KaSLSWByKy6b9FrCYXPEJoHmLpuFZtTCJk1F1Z9ondo,https://cdn.ondo.finance/tokens/logos/tlton_40x40.svg,https://cdn.ondo.finance/tokens/logos/tlton_160x160.png,iShares 20+ Year Treasury Bond ETF,TLT,Bond ETF,ETF,US87422Q1094,"TLTon is the Ondo Tokenized version of the iShares 20+ Year Treasury Bond ETF, giving tokenholders economic exposure similar to holding TLT and reinvesting any dividends. Ondo tokenized stocks enable non-US retail and institutional users around the world to instantly mint and redeem tokenized U.S. stocks and ETFs, 24 hours a day, five days a week with full access to traditional exchange liquidity. Additional restrictions apply. Learn more at ondo.finance/global-markets.","TLTon is the Ondo Tokenized version of the iShares 20+ Year Treasury Bond ETF, giving tokenholders economic exposure similar to holding TLT and reinvesting any dividends. Additional restrictions apply. Learn more at https://ondo.finance/gm."
Toyota (Ondo Tokenized),TMon,toyota-ondo-tokenized-stock,38045,0xaB02fc332e9278eBCbbC6B4a8038050c01D15F69,0xecc1299f183b6a720a6f4729bf24f82cd8d50828,kbmF7ERJWMaaDswMprrH9gHSLya5D2RMBNgKqg3ondo,https://etherscan.io/address/0xaB02fc332e9278eBCbbC6B4a8038050c01D15F69,https://etherscan.io/token/0xaB02fc332e9278eBCbbC6B4a8038050c01D15F69,https://bscscan.com/address/0xecc1299f183b6a720a6f4729bf24f82cd8d50828,https://bscscan.com/token/0xecc1299f183b6a720a6f4729bf24f82cd8d50828,https://solscan.io/account/kbmF7ERJWMaaDswMprrH9gHSLya5D2RMBNgKqg3ondo,https://cdn.ondo.finance/tokens/logos/tmon_40x40.svg,https://cdn.ondo.finance/tokens/logos/tmon_160x160.png,Toyota,TM,ADR,Stock,US4642874329,"TMon is the Ondo Tokenized version of Toyota, giving tokenholders economic exposure similar to holding TM and reinvesting any dividends. Ondo tokenized stocks enable non-US retail and institutional users around the world to instantly mint and redeem tokenized U.S. stocks and ETFs, 24 hours a day, five days a week with full access to traditional exchange liquidity. Additional restrictions apply. Learn more at ondo.finance/global-markets.","TMon is the Ondo Tokenized version of Toyota, giving tokenholders economic exposure similar to holding TM and reinvesting any dividends. Additional restrictions apply. Learn more at https://ondo.finance/gm."
Thermo Fisher Scientific (Ondo Tokenized),TMOon,thermo-fisher-scientific-ondo-tokenized-stock,39291,0x60808f2a0d035e16f57e9043842bd1bfbda24fa2,0xbcf7d958791152128710565a5fc6f68342ed71c8,T699bgtXQw4CJ59rQ4VzLsupVQUzoL5RmuhHnKrondo,https://etherscan.io/address/0x60808f2a0d035e16f57e9043842bd1bfbda24fa2,https://etherscan.io/token/0x60808f2a0d035e16f57e9043842bd1bfbda24fa2,https://bscscan.com/address/0xbcf7d958791152128710565a5fc6f68342ed71c8,https://bscscan.com/token/0xbcf7d958791152128710565a5fc6f68342ed71c8,https://solscan.io/account/T699bgtXQw4CJ59rQ4VzLsupVQUzoL5RmuhHnKrondo,https://cdn.ondo.finance/tokens/logos/tmoon_40x40.svg,https://cdn.ondo.finance/tokens/logos/tmoon_160x160.png,Thermo Fisher Scientific,TMO,Common Stock,Stock,US8923313071,"TMOon is the Ondo Tokenized version of Thermo Fisher Scientific, giving tokenholders economic exposure similar to holding TMO and reinvesting any dividends. Ondo tokenized stocks enable non-US retail and institutional users around the world to instantly mint and redeem tokenized U.S. stocks and ETFs, 24 hours a day, five days a week with full access to traditional exchange liquidity. Additional restrictions apply. Learn more at ondo.finance/global-markets.","TMOon is the Ondo Tokenized version of Thermo Fisher Scientific, giving tokenholders economic exposure similar to holding TMO and reinvesting any dividends. Additional restrictions apply. Learn more at https://ondo.finance/gm."
T-Mobile US (Ondo Tokenized),TMUSon,t-mobile-us-ondo-tokenized-stock,39257,0xdeb3c23f93349229823a006657cfe1a6552b6340,0x2588f20bad92da8dcce7fac8311b5f8ab4690e43,pDY4GPJfZcNETPG7myXeafQfgJqqVkn81bMYDyfondo,https://etherscan.io/address/0xdeb3c23f93349229823a006657cfe1a6552b6340,https://etherscan.io/token/0xdeb3c23f93349229823a006657cfe1a6552b6340,https://bscscan.com/address/0x2588f20bad92da8dcce7fac8311b5f8ab4690e43,https://bscscan.com/token/0x2588f20bad92da8dcce7fac8311b5f8ab4690e43,https://solscan.io/account/pDY4GPJfZcNETPG7myXeafQfgJqqVkn81bMYDyfondo,https://cdn.ondo.finance/tokens/logos/tmuson_40x40.svg,https://cdn.ondo.finance/tokens/logos/tmuson_160x160.png,T-Mobile US,TMUS,Common Stock,Stock,US8835561023,"TMUSon is the Ondo Tokenized version of T-Mobile US, giving tokenholders economic exposure similar to holding TMUS and reinvesting any dividends. Ondo tokenized stocks enable non-US retail and institutional users around the world to instantly mint and redeem tokenized U.S. stocks and ETFs, 24 hours a day, five days a week with full access to traditional exchange liquidity. Additional restrictions apply. Learn more at ondo.finance/global-markets.","TMUSon is the Ondo Tokenized version of T-Mobile US, giving tokenholders economic exposure similar to holding TMUS and reinvesting any dividends. Additional restrictions apply. Learn more at https://ondo.finance/gm."
AT&T (Ondo Tokenized),Ton,atnt-ondo-tokenized-stock,39249,0x3361a73262199873b74d6835760a59b8817fa592,0x4255279af47cf10efb9a5c8839f90170f4ef759f,WKMZummev5UcXz5nNKQZvTD6QjNSM2X58uwmDReondo,https://etherscan.io/address/0x3361a73262199873b74d6835760a59b8817fa592,https://etherscan.io/token/0x3361a73262199873b74d6835760a59b8817fa592,https://bscscan.com/address/0x4255279af47cf10efb9a5c8839f90170f4ef759f,https://bscscan.com/token/0x4255279af47cf10efb9a5c8839f90170f4ef759f,https://solscan.io/account/WKMZummev5UcXz5nNKQZvTD6QjNSM2X58uwmDReondo,https://cdn.ondo.finance/tokens/logos/ton_40x40.svg,https://cdn.ondo.finance/tokens/logos/ton_160x160.png,AT&T,T,Common Stock,Stock,US8725901040,"Ton is the Ondo Tokenized version of AT&T, giving tokenholders economic exposure similar to holding T and reinvesting any dividends. Ondo tokenized stocks enable non-US retail and institutional users around the world to instantly mint and redeem tokenized U.S. stocks and ETFs, 24 hours a day, five days a week with full access to traditional exchange liquidity. Additional restrictions apply. Learn more at ondo.finance/global-markets.","Ton is the Ondo Tokenized version of AT&T, giving tokenholders economic exposure similar to holding T and reinvesting any dividends. Additional restrictions apply. Learn more at https://ondo.finance/gm."
ProShares UltraPro QQQ (Ondo Tokenized),TQQQon,proshares-ultrapro-qqq-ondo-tokenized,39284,0xa45cd7ac9865b9539166ebaf2abc362df4736580,0xe42cfb20e00912409b77a602b5bdcff3c7acc5f4,14W1itEkV7k1W819mLSknFTaMmkCtPokbF2tRkPUondo,https://etherscan.io/address/0xa45cd7ac9865b9539166ebaf2abc362df4736580,https://etherscan.io/token/0xa45cd7ac9865b9539166ebaf2abc362df4736580,https://bscscan.com/address/0xe42cfb20e00912409b77a602b5bdcff3c7acc5f4,https://bscscan.com/token/0xe42cfb20e00912409b77a602b5bdcff3c7acc5f4,https://solscan.io/account/14W1itEkV7k1W819mLSknFTaMmkCtPokbF2tRkPUondo,https://cdn.ondo.finance/tokens/logos/tqqqon_40x40.svg,https://cdn.ondo.finance/tokens/logos/tqqqon_160x160.png,ProShares UltraPro QQQ,TQQQ,Equity ETF,ETF,US74347X8314,"TQQQon is the Ondo Tokenized version of the ProShares UltraPro QQQ, giving tokenholders economic exposure similar to holding TQQQ and reinvesting any dividends. Ondo tokenized stocks enable non-US retail and institutional users around the world to instantly mint and redeem tokenized U.S. stocks and ETFs, 24 hours a day, five days a week with full access to traditional exchange liquidity. Additional restrictions apply. Learn more at ondo.finance/global-markets.","TQQQon is the Ondo Tokenized version of the ProShares UltraPro QQQ, giving tokenholders economic exposure similar to holding TQQQ and reinvesting any dividends. Additional restrictions apply. Learn more at https://ondo.finance/gm."
Tesla (Ondo Tokenized),TSLAon,tesla-ondo-tokenized-stock,38029,0xf6b1117ec07684D3958caD8BEb1b302bfD21103f,0x2494b603319d4d9f9715c9f4496d9e0364b59d93,KeGv7bsfR4MheC1CkmnAVceoApjrkvBhHYjWb67ondo,https://etherscan.io/address/0xf6b1117ec07684D3958caD8BEb1b302bfD21103f,https://etherscan.io/token/0xf6b1117ec07684D3958caD8BEb1b302bfD21103f,https://bscscan.com/address/0x2494b603319d4d9f9715c9f4496d9e0364b59d93,https://bscscan.com/token/0x2494b603319d4d9f9715c9f4496d9e0364b59d93,https://solscan.io/account/KeGv7bsfR4MheC1CkmnAVceoApjrkvBhHYjWb67ondo,https://cdn.ondo.finance/tokens/logos/tslaon_40x40.svg,https://cdn.ondo.finance/tokens/logos/tslaon_160x160.png,Tesla,TSLA,Common Stock,Stock,US88160R1014,"TSLAon is the Ondo Tokenized version of Tesla, giving tokenholders economic exposure similar to holding TSLA and reinvesting any dividends. Ondo tokenized stocks enable non-US retail and institutional users around the world to instantly mint and redeem tokenized U.S. stocks and ETFs, 24 hours a day, five days a week with full access to traditional exchange liquidity. Additional restrictions apply. Learn more at ondo.finance/global-markets.","TSLAon is the Ondo Tokenized version of Tesla, giving tokenholders economic exposure similar to holding TSLA and reinvesting any dividends. Additional restrictions apply. Learn more at https://ondo.finance/gm."
Taiwan Semiconductor Manufacturing (Ondo Tokenized),TSMon,taiwan-semiconductor-manufacturing-ondo-tokenized-stock,38075,0x3Cafdbfe682aec17d5acE2f97A2f3ab3dCf6a4A9,0xc37042a7a4fa510d8884a433762ab87257b91965,keybg184d4vyXeQdFqs4o99YsMg7xBthxTJ6Ky3ondo,https://etherscan.io/address/0x3Cafdbfe682aec17d5acE2f97A2f3ab3dCf6a4A9,https://etherscan.io/token/0x3Cafdbfe682aec17d5acE2f97A2f3ab3dCf6a4A9,https://bscscan.com/address/0xc37042a7a4fa510d8884a433762ab87257b91965,https://bscscan.com/token/0xc37042a7a4fa510d8884a433762ab87257b91965,https://solscan.io/account/keybg184d4vyXeQdFqs4o99YsMg7xBthxTJ6Ky3ondo,https://cdn.ondo.finance/tokens/logos/tsmon_40x40.svg,https://cdn.ondo.finance/tokens/logos/tsmon_160x160.png,Taiwan Semiconductor Manufacturing,TSM,ADR,Stock,US8740391003,"TSMon is the Ondo Tokenized version of Taiwan Semiconductor Manufacturing, giving tokenholders economic exposure similar to holding TSM and reinvesting any dividends. Ondo tokenized stocks enable non-US retail and institutional users around the world to instantly mint and redeem tokenized U.S. stocks and ETFs, 24 hours a day, five days a week with full access to traditional exchange liquidity. Additional restrictions apply. Learn more at ondo.finance/global-markets.","TSMon is the Ondo Tokenized version of Taiwan Semiconductor Manufacturing, giving tokenholders economic exposure similar to holding TSM and reinvesting any dividends. Additional restrictions apply. Learn more at https://ondo.finance/gm."
Texas Instruments (Ondo Tokenized),TXNon,texas-instruments-ondo-tokenized,39258,0x58fc9d573ea773ef9a25c3de66f990b87ee5f50e,0xca3a5c955f1f01f20aacf9501b03e4aa235e478b,81xLFvCzFaUM3KDxSHC75pXu3RPCeSeCbmGBY8aondo,https://etherscan.io/address/0x58fc9d573ea773ef9a25c3de66f990b87ee5f50e,https://etherscan.io/token/0x58fc9d573ea773ef9a25c3de66f990b87ee5f50e,https://bscscan.com/address/0xca3a5c955f1f01f20aacf9501b03e4aa235e478b,https://bscscan.com/token/0xca3a5c955f1f01f20aacf9501b03e4aa235e478b,https://solscan.io/account/81xLFvCzFaUM3KDxSHC75pXu3RPCeSeCbmGBY8aondo,https://cdn.ondo.finance/tokens/logos/txnon_40x40.svg,https://cdn.ondo.finance/tokens/logos/txnon_160x160.png,Texas Instruments,TXN,Common Stock,Stock,US8825081040,"TXNon is the Ondo Tokenized version of Texas Instruments, giving tokenholders economic exposure similar to holding TXN and reinvesting any dividends. Ondo tokenized stocks enable non-US retail and institutional users around the world to instantly mint and redeem tokenized U.S. stocks and ETFs, 24 hours a day, five days a week with full access to traditional exchange liquidity. Additional restrictions apply. Learn more at ondo.finance/global-markets.","TXNon is the Ondo Tokenized version of Texas Instruments, giving tokenholders economic exposure similar to holding TXN and reinvesting any dividends. Additional restrictions apply. Learn more at https://ondo.finance/gm."
Uber (Ondo Tokenized),UBERon,uber-ondo-tokenized-stock,38069,0x5Bcd8195E3Ef58f677aeF9eBC276B5087c027050,0xde9d6036fca870f7efc5a82722ae694c371ac909,KJNeFW3kk3ycPjXpC6cbuyckjeYHacc2ekhtAi5ondo,https://etherscan.io/address/0x5Bcd8195E3Ef58f677aeF9eBC276B5087c027050,https://etherscan.io/token/0x5Bcd8195E3Ef58f677aeF9eBC276B5087c027050,https://bscscan.com/address/0xde9d6036fca870f7efc5a82722ae694c371ac909,https://bscscan.com/token/0xde9d6036fca870f7efc5a82722ae694c371ac909,https://solscan.io/account/KJNeFW3kk3ycPjXpC6cbuyckjeYHacc2ekhtAi5ondo,https://cdn.ondo.finance/tokens/logos/uberon_40x40.svg,https://cdn.ondo.finance/tokens/logos/uberon_160x160.png,Uber,UBER,Common Stock,Stock,US90353T1007,"UBERon is the Ondo Tokenized version of Uber, giving tokenholders economic exposure similar to holding UBER and reinvesting any dividends. Ondo tokenized stocks enable non-US retail and institutional users around the world to instantly mint and redeem tokenized U.S. stocks and ETFs, 24 hours a day, five days a week with full access to traditional exchange liquidity. Additional restrictions apply. Learn more at ondo.finance/global-markets.","UBERon is the Ondo Tokenized version of Uber, giving tokenholders economic exposure similar to holding UBER and reinvesting any dividends. Additional restrictions apply. Learn more at https://ondo.finance/gm."
UnitedHealth (Ondo Tokenized),UNHon,unitedhealth-ondo-tokenized-stock,38039,0x075756F3b6381a79633438fAA8964946bf40163d,0x3385cb29cca0ac66f5d2354d13ef977b49a2510f,kPBGL8vAwKN3UGmr9cjkM2dU79SC3nzTC9yu7F8ondo,https://etherscan.io/address/0x075756F3b6381a79633438fAA8964946bf40163d,https://etherscan.io/token/0x075756F3b6381a79633438fAA8964946bf40163d,https://bscscan.com/address/0x3385cb29cca0ac66f5d2354d13ef977b49a2510f,https://bscscan.com/token/0x3385cb29cca0ac66f5d2354d13ef977b49a2510f,https://solscan.io/account/kPBGL8vAwKN3UGmr9cjkM2dU79SC3nzTC9yu7F8ondo,https://cdn.ondo.finance/tokens/logos/unhon_40x40.svg,https://cdn.ondo.finance/tokens/logos/unhon_160x160.png,UnitedHealth,UNH,Common Stock,Stock,US91324P1021,"UNHon is the Ondo Tokenized version of UnitedHealth, giving tokenholders economic exposure similar to holding UNH and reinvesting any dividends. Ondo tokenized stocks enable non-US retail and institutional users around the world to instantly mint and redeem tokenized U.S. stocks and ETFs, 24 hours a day, five days a week with full access to traditional exchange liquidity. Additional restrictions apply. Learn more at ondo.finance/global-markets.","UNHon is the Ondo Tokenized version of UnitedHealth, giving tokenholders economic exposure similar to holding UNH and reinvesting any dividends. Additional restrictions apply. Learn more at https://ondo.finance/gm."
Ondo U.S. Dollar Token,USDon,ondo-u-s-dollar-token,38273,0xAcE8E719899F6E91831B18AE746C9A965c2119F1,0x1f8955E640Cbd9abc3C3Bb408c9E2E1f5F20DfE6,ZPFtoCe7WWqG4N3ZFRccS8T9SMBeHsd1Vmgv2i7ondo,https://etherscan.io/address/0xAcE8E719899F6E91831B18AE746C9A965c2119F1,https://etherscan.io/token/0xAcE8E719899F6E91831B18AE746C9A965c2119F1,https://bscscan.com/address/0x1f8955E640Cbd9abc3C3Bb408c9E2E1f5F20DfE6,https://bscscan.com/token/0x1f8955E640Cbd9abc3C3Bb408c9E2E1f5F20DfE6,https://solscan.io/account/ZPFtoCe7WWqG4N3ZFRccS8T9SMBeHsd1Vmgv2i7ondo,https://cdn.ondo.finance/tokens/logos/usdon_40x40.svg,https://cdn.ondo.finance/tokens/logos/usdon_160x160.png,Ondo U.S. Dollar Token,-,,Currency,,,
WisdomTree Floating Rate Treasury Fund (Ondo Tokenized),USFRon,wisdomtree-floating-rate-treasury-fund-ondo-tokenized,39315,0xfb82561a955bf59b9263301126af490d3799e231,0xf4fd75764a5c086fb12f822be2ca318b3a362dc3,o6U1Sm6Vd7EofMyCrL28mrp2QLzgYGgjveHiEQ5ondo,https://etherscan.io/address/0xfb82561a955bf59b9263301126af490d3799e231,https://etherscan.io/token/0xfb82561a955bf59b9263301126af490d3799e231,https://bscscan.com/address/0xf4fd75764a5c086fb12f822be2ca318b3a362dc3,https://bscscan.com/token/0xf4fd75764a5c086fb12f822be2ca318b3a362dc3,https://solscan.io/account/o6U1Sm6Vd7EofMyCrL28mrp2QLzgYGgjveHiEQ5ondo,https://cdn.ondo.finance/tokens/logos/usfron_40x40.svg,https://cdn.ondo.finance/tokens/logos/usfron_160x160.png,WisdomTree Floating Rate Treasury Fund,USFR,Bond ETF,ETF,US97717Y5270,"USFRon is the Ondo Tokenized version of the WisdomTree Floating Rate Treasury Fund, giving tokenholders economic exposure similar to holding USFR and reinvesting any dividends. Ondo tokenized stocks enable non-US retail and institutional users around the world to instantly mint and redeem tokenized U.S. stocks and ETFs, 24 hours a day, five days a week with full access to traditional exchange liquidity. Additional restrictions apply. Learn more at ondo.finance/global-markets.","USFRon is the Ondo Tokenized version of the WisdomTree Floating Rate Treasury Fund, giving tokenholders economic exposure similar to holding USFR and reinvesting any dividends. Additional restrictions apply. Learn more at https://ondo.finance/gm."
United States Oil Fund (Ondo Tokenized),USOon,united-states-oil-fund-ondo-tokenized,39250,0x1f5fc5c3c8b0f15c7e21af623936ff2b210b6415,0x94174e3d1335db402dd03a092f7aa7ac2cb32be4,rpydAzWdCy85HEmoQkH5PVxYtDYQWjmLxgHHadxondo,https://etherscan.io/address/0x1f5fc5c3c8b0f15c7e21af623936ff2b210b6415,https://etherscan.io/token/0x1f5fc5c3c8b0f15c7e21af623936ff2b210b6415,https://bscscan.com/address/0x94174e3d1335db402dd03a092f7aa7ac2cb32be4,https://bscscan.com/token/0x94174e3d1335db402dd03a092f7aa7ac2cb32be4,https://solscan.io/account/rpydAzWdCy85HEmoQkH5PVxYtDYQWjmLxgHHadxondo,https://cdn.ondo.finance/tokens/logos/usoon_40x40.svg,https://cdn.ondo.finance/tokens/logos/usoon_160x160.png,United States Oil Fund,USO,Commodity ETF,ETF,US91232N2071,"USOon is the Ondo Tokenized version of the United States Oil Fund, giving tokenholders economic exposure similar to holding USO and reinvesting any dividends. Ondo tokenized stocks enable non-US retail and institutional users around the world to instantly mint and redeem tokenized U.S. stocks and ETFs, 24 hours a day, five days a week with full access to traditional exchange liquidity. Additional restrictions apply. Learn more at ondo.finance/global-markets.","USOon is the Ondo Tokenized version of the United States Oil Fund, giving tokenholders economic exposure similar to holding USO and reinvesting any dividends. Additional restrictions apply. Learn more at https://ondo.finance/gm."
Visa (Ondo Tokenized),Von,visa-ondo-tokenized-stock,38040,0xaC37c20C1d0E5285035e056101a64e263Ff94a41,0x1cde419fae0ef7f7931ae3e29e5f411c8c5e5fa1,kxEW4oJL75K37VeXaZF1ynbHQATQwhECQKN1374ondo,https://etherscan.io/address/0xaC37c20C1d0E5285035e056101a64e263Ff94a41,https://etherscan.io/token/0xaC37c20C1d0E5285035e056101a64e263Ff94a41,https://bscscan.com/address/0x1cde419fae0ef7f7931ae3e29e5f411c8c5e5fa1,https://bscscan.com/token/0x1cde419fae0ef7f7931ae3e29e5f411c8c5e5fa1,https://solscan.io/account/kxEW4oJL75K37VeXaZF1ynbHQATQwhECQKN1374ondo,https://cdn.ondo.finance/tokens/logos/von_40x40.svg,https://cdn.ondo.finance/tokens/logos/von_160x160.png,Visa,V,Common Stock,Stock,US92826C8394,"Von is the Ondo Tokenized version of Visa, giving tokenholders economic exposure similar to holding V and reinvesting any dividends. Ondo tokenized stocks enable non-US retail and institutional users around the world to instantly mint and redeem tokenized U.S. stocks and ETFs, 24 hours a day, five days a week with full access to traditional exchange liquidity. Additional restrictions apply. Learn more at ondo.finance/global-markets.","Von is the Ondo Tokenized version of Visa, giving tokenholders economic exposure similar to holding V and reinvesting any dividends. Additional restrictions apply. Learn more at https://ondo.finance/gm."
Vertiv (Ondo Tokenized),VRTon,vertiv-ondo-tokenized,39316,0x0752163d221d3d5d4b6e98bd616b22bd2b453964,0x9cea8a7be1ab0320b709d368ad60d8500f55995f,MkN2TZSYTFBdMRLf9EVcfhstTwnazH8knd9hpepondo,https://etherscan.io/address/0x0752163d221d3d5d4b6e98bd616b22bd2b453964,https://etherscan.io/token/0x0752163d221d3d5d4b6e98bd616b22bd2b453964,https://bscscan.com/address/0x9cea8a7be1ab0320b709d368ad60d8500f55995f,https://bscscan.com/token/0x9cea8a7be1ab0320b709d368ad60d8500f55995f,https://solscan.io/account/MkN2TZSYTFBdMRLf9EVcfhstTwnazH8knd9hpepondo,https://cdn.ondo.finance/tokens/logos/vrton_40x40.svg,https://cdn.ondo.finance/tokens/logos/vrton_160x160.png,Vertiv,VRT,Common Stock,Stock,US92537N1081,"VRTon is the Ondo Tokenized version of Vertiv, giving tokenholders economic exposure similar to holding VRT and reinvesting any dividends. Ondo tokenized stocks enable non-US retail and institutional users around the world to instantly mint and redeem tokenized U.S. stocks and ETFs, 24 hours a day, five days a week with full access to traditional exchange liquidity. Additional restrictions apply. Learn more at ondo.finance/global-markets.","VRTon is the Ondo Tokenized version of Vertiv, giving tokenholders economic exposure similar to holding VRT and reinvesting any dividends. Additional restrictions apply. Learn more at https://ondo.finance/gm."
Vistra (Ondo Tokenized),VSTon,vistra-ondo-tokenized,39310,0xf1573edddb75bf7ce165f142a17ed6b5e7f5aa13,0xf2c24c47805f4f72d3919c8674bfdd401505794b,h6MW8GFpfzxFa1JNn6hZNnBF3t4fj9SHAXKy6LXondo,https://etherscan.io/address/0xf1573edddb75bf7ce165f142a17ed6b5e7f5aa13,https://etherscan.io/token/0xf1573edddb75bf7ce165f142a17ed6b5e7f5aa13,https://bscscan.com/address/0xf2c24c47805f4f72d3919c8674bfdd401505794b,https://bscscan.com/token/0xf2c24c47805f4f72d3919c8674bfdd401505794b,https://solscan.io/account/h6MW8GFpfzxFa1JNn6hZNnBF3t4fj9SHAXKy6LXondo,https://cdn.ondo.finance/tokens/logos/vston_40x40.svg,https://cdn.ondo.finance/tokens/logos/vston_160x160.png,Vistra,VST,Common Stock,Stock,US92840M1027,"VSTon is the Ondo Tokenized version of Vistra, giving tokenholders economic exposure similar to holding VST and reinvesting any dividends. Ondo tokenized stocks enable non-US retail and institutional users around the world to instantly mint and redeem tokenized U.S. stocks and ETFs, 24 hours a day, five days a week with full access to traditional exchange liquidity. Additional restrictions apply. Learn more at ondo.finance/global-markets.","VSTon is the Ondo Tokenized version of Vistra, giving tokenholders economic exposure similar to holding VST and reinvesting any dividends. Additional restrictions apply. Learn more at https://ondo.finance/gm."
Vanguard Total Stock Market ETF (Ondo Tokenized),VTIon,vanguard-total-stock-market-etf-ondo-tokenized,39262,0x57b392146848c6321bb2a3d4358df1bdeacdc62a,0x158734153f354cb326ee690c3d55f810dcb0fc90,jCCU4GwukjNxAXJowG2S4KCrr5g6YyUB61WHYvGondo,https://etherscan.io/address/0x57b392146848c6321bb2a3d4358df1bdeacdc62a,https://etherscan.io/token/0x57b392146848c6321bb2a3d4358df1bdeacdc62a,https://bscscan.com/address/0x158734153f354cb326ee690c3d55f810dcb0fc90,https://bscscan.com/token/0x158734153f354cb326ee690c3d55f810dcb0fc90,https://solscan.io/account/jCCU4GwukjNxAXJowG2S4KCrr5g6YyUB61WHYvGondo,https://cdn.ondo.finance/tokens/logos/vtion_40x40.svg,https://cdn.ondo.finance/tokens/logos/vtion_160x160.png,Vanguard Total Stock Market ETF,VTI,Equity ETF,ETF,US9229087690,"VTIon is the Ondo Tokenized version of the Vanguard Total Stock Market ETF, giving tokenholders economic exposure similar to holding VTI and reinvesting any dividends. Ondo tokenized stocks enable non-US retail and institutional users around the world to instantly mint and redeem tokenized U.S. stocks and ETFs, 24 hours a day, five days a week with full access to traditional exchange liquidity. Additional restrictions apply. Learn more at ondo.finance/global-markets.","VTIon is the Ondo Tokenized version of the Vanguard Total Stock Market ETF, giving tokenholders economic exposure similar to holding VTI and reinvesting any dividends. Additional restrictions apply. Learn more at https://ondo.finance/gm."
Vanguard Value ETF (Ondo Tokenized),VTVon,vanguard-value-etf-ondo-tokenized,39296,0x84e8f1b9b40dd1832925702459d12ffb14d97bf3,0xc2dd31b1b3a2f515ce0d48de712c6744c3475170,KuiYLPVq65qixD9TgvxBC576C4gG6vVTCdbh2zFondo,https://etherscan.io/address/0x84e8f1b9b40dd1832925702459d12ffb14d97bf3,https://etherscan.io/token/0x84e8f1b9b40dd1832925702459d12ffb14d97bf3,https://bscscan.com/address/0xc2dd31b1b3a2f515ce0d48de712c6744c3475170,https://bscscan.com/token/0xc2dd31b1b3a2f515ce0d48de712c6744c3475170,https://solscan.io/account/KuiYLPVq65qixD9TgvxBC576C4gG6vVTCdbh2zFondo,https://cdn.ondo.finance/tokens/logos/vtvon_40x40.svg,https://cdn.ondo.finance/tokens/logos/vtvon_160x160.png,Vanguard Value ETF,VTV,Equity ETF,ETF,US9229087443,"VTVon is the Ondo Tokenized version of the Vanguard Value ETF, giving tokenholders economic exposure similar to holding VTV and reinvesting any dividends. Ondo tokenized stocks enable non-US retail and institutional users around the world to instantly mint and redeem tokenized U.S. stocks and ETFs, 24 hours a day, five days a week with full access to traditional exchange liquidity. Additional restrictions apply. Learn more at ondo.finance/global-markets.","VTVon is the Ondo Tokenized version of the Vanguard Value ETF, giving tokenholders economic exposure similar to holding VTV and reinvesting any dividends. Additional restrictions apply. Learn more at https://ondo.finance/gm."
Verizon (Ondo Tokenized),VZon,verizon-ondo-tokenized,39268,0x0e3d889d5b857c3e6eb361b9c9ae35bb7ddbd254,0xa3b089c886e6d721f49def8e050f3b9d4362560b,igu1coP6n3GPaWmbd8J9Z7UAyLpV254uQFFNfydondo,https://etherscan.io/address/0x0e3d889d5b857c3e6eb361b9c9ae35bb7ddbd254,https://etherscan.io/token/0x0e3d889d5b857c3e6eb361b9c9ae35bb7ddbd254,https://bscscan.com/address/0xa3b089c886e6d721f49def8e050f3b9d4362560b,https://bscscan.com/token/0xa3b089c886e6d721f49def8e050f3b9d4362560b,https://solscan.io/account/igu1coP6n3GPaWmbd8J9Z7UAyLpV254uQFFNfydondo,https://cdn.ondo.finance/tokens/logos/vzon_40x40.svg,https://cdn.ondo.finance/tokens/logos/vzon_160x160.png,Verizon,VZ,Common Stock,Stock,US92343V1044,"VZon is the Ondo Tokenized version of Verizon, giving tokenholders economic exposure similar to holding VZ and reinvesting any dividends. Ondo tokenized stocks enable non-US retail and institutional users around the world to instantly mint and redeem tokenized U.S. stocks and ETFs, 24 hours a day, five days a week with full access to traditional exchange liquidity. Additional restrictions apply. Learn more at ondo.finance/global-markets.","VZon is the Ondo Tokenized version of Verizon, giving tokenholders economic exposure similar to holding VZ and reinvesting any dividends. Additional restrictions apply. Learn more at https://ondo.finance/gm."
Wells Fargo (Ondo Tokenized),WFCon,wells-fargo-ondo-tokenized-stock,38081,0x4AD2118Da8a65eaa81402A3d583FEF6eE76BDf3F,0x629520dee1620def11596f84e85de9f1ff653012,L6ZE5qCpVVSqLePz64CrwkgyWoPF9M7tB8BeFH4ondo,https://etherscan.io/address/0x4AD2118Da8a65eaa81402A3d583FEF6eE76BDf3F,https://etherscan.io/token/0x4AD2118Da8a65eaa81402A3d583FEF6eE76BDf3F,https://bscscan.com/address/0x629520dee1620def11596f84e85de9f1ff653012,https://bscscan.com/token/0x629520dee1620def11596f84e85de9f1ff653012,https://solscan.io/account/L6ZE5qCpVVSqLePz64CrwkgyWoPF9M7tB8BeFH4ondo,https://cdn.ondo.finance/tokens/logos/wfcon_40x40.svg,https://cdn.ondo.finance/tokens/logos/wfcon_160x160.png,Wells Fargo,WFC,Common Stock,Stock,US9497461015,"WFCon is the Ondo Tokenized version of Wells Fargo, giving tokenholders economic exposure similar to holding WFC and reinvesting any dividends. Ondo tokenized stocks enable non-US retail and institutional users around the world to instantly mint and redeem tokenized U.S. stocks and ETFs, 24 hours a day, five days a week with full access to traditional exchange liquidity. Additional restrictions apply. Learn more at ondo.finance/global-markets.","WFCon is the Ondo Tokenized version of Wells Fargo, giving tokenholders economic exposure similar to holding WFC and reinvesting any dividends. Additional restrictions apply. Learn more at https://ondo.finance/gm."
Walmart (Ondo Tokenized),WMTon,walmart-ondo-tokenized-stock,38060,0x82106347dDbB23cE44Cf4cE4053Ef1adf8b9323B,0xa7d1e886acf66ec0656df2decb4b7c893a3bab4c,LZddqAqKqJW9oMZSjTxCUmbmzBRQtv9gMkD9hZ3ondo,https://etherscan.io/address/0x82106347dDbB23cE44Cf4cE4053Ef1adf8b9323B,https://etherscan.io/token/0x82106347dDbB23cE44Cf4cE4053Ef1adf8b9323B,https://bscscan.com/address/0xa7d1e886acf66ec0656df2decb4b7c893a3bab4c,https://bscscan.com/token/0xa7d1e886acf66ec0656df2decb4b7c893a3bab4c,https://solscan.io/account/LZddqAqKqJW9oMZSjTxCUmbmzBRQtv9gMkD9hZ3ondo,https://cdn.ondo.finance/tokens/logos/wmton_40x40.svg,https://cdn.ondo.finance/tokens/logos/wmton_160x160.png,Walmart,WMT,Common Stock,Stock,US9311421039,"WMTon is the Ondo Tokenized version of Walmart, giving tokenholders economic exposure similar to holding WMT and reinvesting any dividends. Ondo tokenized stocks enable non-US retail and institutional users around the world to instantly mint and redeem tokenized U.S. stocks and ETFs, 24 hours a day, five days a week with full access to traditional exchange liquidity. Additional restrictions apply. Learn more at ondo.finance/global-markets.","WMTon is the Ondo Tokenized version of Walmart, giving tokenholders economic exposure similar to holding WMT and reinvesting any dividends. Additional restrictions apply. Learn more at https://ondo.finance/gm."
Terawulf (Ondo Tokenized),WULFon,terawulf-ondo-tokenized,39251,0x110cae53912c2ed9bf279cd70b3b699e26c79e58,0xad56701d9e57957e28e546db7db508a16d4f86cc,exYfSJt6Fgfhfnp3bAD4roYy97hLF9npjYaLyEXondo,https://etherscan.io/address/0x110cae53912c2ed9bf279cd70b3b699e26c79e58,https://etherscan.io/token/0x110cae53912c2ed9bf279cd70b3b699e26c79e58,https://bscscan.com/address/0xad56701d9e57957e28e546db7db508a16d4f86cc,https://bscscan.com/token/0xad56701d9e57957e28e546db7db508a16d4f86cc,https://solscan.io/account/exYfSJt6Fgfhfnp3bAD4roYy97hLF9npjYaLyEXondo,https://cdn.ondo.finance/tokens/logos/wulfon_40x40.svg,https://cdn.ondo.finance/tokens/logos/wulfon_160x160.png,Terawulf,WULF,Common Stock,Stock,US88080T1043,"WULFon is the Ondo Tokenized version of Terawulf, giving tokenholders economic exposure similar to holding WULF and reinvesting any dividends. Ondo tokenized stocks enable non-US retail and institutional users around the world to instantly mint and redeem tokenized U.S. stocks and ETFs, 24 hours a day, five days a week with full access to traditional exchange liquidity. Additional restrictions apply. Learn more at ondo.finance/global-markets.","WULFon is the Ondo Tokenized version of Terawulf, giving tokenholders economic exposure similar to holding WULF and reinvesting any dividends. Additional restrictions apply. Learn more at https://ondo.finance/gm."
Exxon Mobil (Ondo Tokenized),XOMon,exxon-mobil-ondo-tokenized-stocks,39280,0xf05ad9840924ea6f977ebccb3b1da87e31dcd0b4,0x4d209d275e3492ac08497a7a42915899c4dd5e86,qCYD74QnXzd9pzv6pGHQKJVwoibL6sNcPQDnpDiondo,https://etherscan.io/address/0xf05ad9840924ea6f977ebccb3b1da87e31dcd0b4,https://etherscan.io/token/0xf05ad9840924ea6f977ebccb3b1da87e31dcd0b4,https://bscscan.com/address/0x4d209d275e3492ac08497a7a42915899c4dd5e86,https://bscscan.com/token/0x4d209d275e3492ac08497a7a42915899c4dd5e86,https://solscan.io/account/qCYD74QnXzd9pzv6pGHQKJVwoibL6sNcPQDnpDiondo,https://cdn.ondo.finance/tokens/logos/xomon_40x40.svg,https://cdn.ondo.finance/tokens/logos/xomon_160x160.png,Exxon Mobil,XOM,Common Stock,Stock,US30231G1022,"XOMon is the Ondo Tokenized version of Exxon Mobil, giving tokenholders economic exposure similar to holding XOM and reinvesting any dividends. Ondo tokenized stocks enable non-US retail and institutional users around the world to instantly mint and redeem tokenized U.S. stocks and ETFs, 24 hours a day, five days a week with full access to traditional exchange liquidity. Additional restrictions apply. Learn more at ondo.finance/global-markets.","XOMon is the Ondo Tokenized version of Exxon Mobil, giving tokenholders economic exposure similar to holding XOM and reinvesting any dividends. Additional restrictions apply. Learn more at https://ondo.finance/gm."
Block (Ondo Tokenized),XYZon,block-ondo-tokenized-stocks,39274,0x6cc41275ef02b4eeccc04fc4424849a96f3272aa,0xe778a2e5d953c82eb9475cf3b87654226a867344,BWxe2FVciUbwrCUZQPUKiREBh5LmVa5AiUqNLAkondo,https://etherscan.io/address/0x6cc41275ef02b4eeccc04fc4424849a96f3272aa,https://etherscan.io/token/0x6cc41275ef02b4eeccc04fc4424849a96f3272aa,https://bscscan.com/address/0xe778a2e5d953c82eb9475cf3b87654226a867344,https://bscscan.com/token/0xe778a2e5d953c82eb9475cf3b87654226a867344,https://solscan.io/account/BWxe2FVciUbwrCUZQPUKiREBh5LmVa5AiUqNLAkondo,https://cdn.ondo.finance/tokens/logos/xyzon_40x40.svg,https://cdn.ondo.finance/tokens/logos/xyzon_160x160.png,Block,XYZ,Common Stock,Stock,US8522341036,"XYZon is the Ondo Tokenized version of Block, giving tokenholders economic exposure similar to holding XYZ and reinvesting any dividends. Ondo tokenized stocks enable non-US retail and institutional users around the world to instantly mint and redeem tokenized U.S. stocks and ETFs, 24 hours a day, five days a week with full access to traditional exchange liquidity. Additional restrictions apply. Learn more at ondo.finance/global-markets.","XYZon is the Ondo Tokenized version of Block, giving tokenholders economic exposure similar to holding XYZ and reinvesting any dividends. Additional restrictions apply. Learn more at https://ondo.finance/gm."
Albemarle (Ondo Tokenized),ALBon,albemarle-ondo-tokenized,,0x1b468d5535Ed7C19Ce42f0073db7Fdf441028131,0x0B790ABd6594918DE1022233b7cc79baDB84d92a,B5KufqHkskgGYwMXtL8FSHgREAkMQvE3ykhH5Kmondo,https://etherscan.io/address/0x1b468d5535Ed7C19Ce42f0073db7Fdf441028131,https://etherscan.io/token/0x1b468d5535Ed7C19Ce42f0073db7Fdf441028131,https://bscscan.com/address/0x0B790ABd6594918DE1022233b7cc79baDB84d92a,https://bscscan.com/token/0x0B790ABd6594918DE1022233b7cc79baDB84d92a,https://solscan.io/account/B5KufqHkskgGYwMXtL8FSHgREAkMQvE3ykhH5Kmondo,https://cdn.ondo.finance/tokens/logos/albon_40x40.svg,https://cdn.ondo.finance/tokens/logos/albon_160x160.png,Albemarle,ALB,Common Stock,Stock,US0126531013,"ALBon is the Ondo Tokenized version of Albemarle, giving tokenholders economic exposure similar to holding ALB and reinvesting any dividends. Ondo tokenized stocks enable non-US retail and institutional users around the world to instantly mint and redeem tokenized U.S. stocks and ETFs, 24 hours a day, five days a week with full access to traditional exchange liquidity. Additional restrictions apply. Learn more at ondo.finance/global-markets.","ALBon is the Ondo Tokenized version of Albemarle, giving tokenholders economic exposure similar to holding ALB and reinvesting any dividends. Additional restrictions apply. Learn more at https://ondo.finance/gm."
Applied Digital (Ondo Tokenized),APLDon,applied-digital-ondo-tokenized,,0x318Dcb4f07C3e6ccEcc12A252100Fb3Bf76Eeb02,0x18De24acb876C0B8392d9C55583Bb21c0355980b,B6WqvLGXdGqpw7qgxeb5EGiRZEYo2apWpQybjYuondo,https://etherscan.io/address/0x318Dcb4f07C3e6ccEcc12A252100Fb3Bf76Eeb02,https://etherscan.io/token/0x318Dcb4f07C3e6ccEcc12A252100Fb3Bf76Eeb02,https://bscscan.com/address/0x18De24acb876C0B8392d9C55583Bb21c0355980b,https://bscscan.com/token/0x18De24acb876C0B8392d9C55583Bb21c0355980b,https://solscan.io/account/B6WqvLGXdGqpw7qgxeb5EGiRZEYo2apWpQybjYuondo,https://cdn.ondo.finance/tokens/logos/apldon_40x40.svg,https://cdn.ondo.finance/tokens/logos/apldon_160x160.png,Applied Digital,APLD,Common Stock,Stock,US0381692070,"APLDon is the Ondo Tokenized version of Applied Digital, giving tokenholders economic exposure similar to holding APLD and reinvesting any dividends. Ondo tokenized stocks enable non-US retail and institutional users around the world to instantly mint and redeem tokenized U.S. stocks and ETFs, 24 hours a day, five days a week with full access to traditional exchange liquidity. Additional restrictions apply. Learn more at ondo.finance/global-markets.","APLDon is the Ondo Tokenized version of Applied Digital, giving tokenholders economic exposure similar to holding APLD and reinvesting any dividends. Additional restrictions apply. Learn more at https://ondo.finance/gm."
AST SpaceMobile (Ondo Tokenized),ASTSon,ast-spacemobile-ondo-tokenized,,0x0D1fa4E1E3719945899Ef7b02840627Df46aF44A,0x45Abf29515bc23F8c0Ed2a06584444cE473A75FB,B6ry9goGNvVbhq7gWHzs3p6emJ1gLaMhu4By9TTondo,https://etherscan.io/address/0x0D1fa4E1E3719945899Ef7b02840627Df46aF44A,https://etherscan.io/token/0x0D1fa4E1E3719945899Ef7b02840627Df46aF44A,https://bscscan.com/address/0x45Abf29515bc23F8c0Ed2a06584444cE473A75FB,https://bscscan.com/token/0x45Abf29515bc23F8c0Ed2a06584444cE473A75FB,https://solscan.io/account/B6ry9goGNvVbhq7gWHzs3p6emJ1gLaMhu4By9TTondo,https://cdn.ondo.finance/tokens/logos/astson_40x40.svg,https://cdn.ondo.finance/tokens/logos/astson_160x160.png,AST SpaceMobile,ASTS,Common Stock,Stock,US00217D1000,"ASTSon is the Ondo Tokenized version of AST SpaceMobile, giving tokenholders economic exposure similar to holding ASTS and reinvesting any dividends. Ondo tokenized stocks enable non-US retail and institutional users around the world to instantly mint and redeem tokenized U.S. stocks and ETFs, 24 hours a day, five days a week with full access to traditional exchange liquidity. Additional restrictions apply. Learn more at ondo.finance/global-markets.","ASTSon is the Ondo Tokenized version of AST SpaceMobile, giving tokenholders economic exposure similar to holding ASTS and reinvesting any dividends. Additional restrictions apply. Learn more at https://ondo.finance/gm."
US Brent Oil Fund (Ondo Tokenized),BNOon,us-brent-oil-fund-ondo-tokenized,,0x9ddb2524782684942FAD28b44E76552cB7f3F548,0x5f2d37192576a6804F44722eB828E280D5FB43Dc,BAU83kqEqhyiexfAMQhZZE5KnGogSqh17fJc44Sondo,https://etherscan.io/address/0x9ddb2524782684942FAD28b44E76552cB7f3F548,https://etherscan.io/token/0x9ddb2524782684942FAD28b44E76552cB7f3F548,https://bscscan.com/address/0x5f2d37192576a6804F44722eB828E280D5FB43Dc,https://bscscan.com/token/0x5f2d37192576a6804F44722eB828E280D5FB43Dc,https://solscan.io/account/BAU83kqEqhyiexfAMQhZZE5KnGogSqh17fJc44Sondo,https://cdn.ondo.finance/tokens/logos/bnoon_40x40.svg,https://cdn.ondo.finance/tokens/logos/bnoon_160x160.png,US Brent Oil Fund,BNO,Commodity ETF,ETF,US91167Q1004,"BNOon is the Ondo Tokenized version of the US Brent Oil Fund, giving tokenholders economic exposure similar to holding BNO and reinvesting any dividends. Ondo tokenized stocks enable non-US retail and institutional users around the world to instantly mint and redeem tokenized U.S. stocks and ETFs, 24 hours a day, five days a week with full access to traditional exchange liquidity. Additional restrictions apply. Learn more at ondo.finance/global-markets.","BNOon is the Ondo Tokenized version of the US Brent Oil Fund, giving tokenholders economic exposure similar to holding BNO and reinvesting any dividends. Additional restrictions apply. Learn more at https://ondo.finance/gm."
Capricor Therapeutics (Ondo Tokenized),CAPRon,capricor-therapeutics-ondo-tokenized,,0x70Ec0f5B23404C0cD6f29ce88f4af00A0b0d895D,0x812Fc2943371C952c6c8Daf99Fe665Eb0e40Cd27,BS8zoc6pmALQnBhBDFak6eFhgGHjpebnHzsxApgondo,https://etherscan.io/address/0x70Ec0f5B23404C0cD6f29ce88f4af00A0b0d895D,https://etherscan.io/token/0x70Ec0f5B23404C0cD6f29ce88f4af00A0b0d895D,https://bscscan.com/address/0x812Fc2943371C952c6c8Daf99Fe665Eb0e40Cd27,https://bscscan.com/token/0x812Fc2943371C952c6c8Daf99Fe665Eb0e40Cd27,https://solscan.io/account/BS8zoc6pmALQnBhBDFak6eFhgGHjpebnHzsxApgondo,https://cdn.ondo.finance/tokens/logos/capron_40x40.svg,https://cdn.ondo.finance/tokens/logos/capron_160x160.png,Capricor Therapeutics,CAPR,Common Stock,Stock,US14070B3096,"CAPRon is the Ondo Tokenized version of Capricor Therapeutics, giving tokenholders economic exposure similar to holding CAPR and reinvesting any dividends. Ondo tokenized stocks enable non-US retail and institutional users around the world to instantly mint and redeem tokenized U.S. stocks and ETFs, 24 hours a day, five days a week with full access to traditional exchange liquidity. Additional restrictions apply. Learn more at ondo.finance/global-markets.","CAPRon is the Ondo Tokenized version of Capricor Therapeutics, giving tokenholders economic exposure similar to holding CAPR and reinvesting any dividends. Additional restrictions apply. Learn more at https://ondo.finance/gm."
First Trust NASDAQ Cybersecurity ETF (Ondo Tokenized),CIBRon,first-trust-nasdaq-cybersecurity-etf-ondo-tokenized,,0x42d6E274B8631e5289a8F853E8d1A7bAEff3C8d1,0xDcd4536508060dab8F43C334B3a6C72c39528DA5,BVdL3WUxtxUD4vXRWwqChJLbGxvfzZjBGPp63Wtondo,https://etherscan.io/address/0x42d6E274B8631e5289a8F853E8d1A7bAEff3C8d1,https://etherscan.io/token/0x42d6E274B8631e5289a8F853E8d1A7bAEff3C8d1,https://bscscan.com/address/0xDcd4536508060dab8F43C334B3a6C72c39528DA5,https://bscscan.com/token/0xDcd4536508060dab8F43C334B3a6C72c39528DA5,https://solscan.io/account/BVdL3WUxtxUD4vXRWwqChJLbGxvfzZjBGPp63Wtondo,https://cdn.ondo.finance/tokens/logos/cibron_40x40.svg,https://cdn.ondo.finance/tokens/logos/cibron_160x160.png,First Trust NASDAQ Cybersecurity ETF,CIBR,Equity ETF,ETF,US33734X8469,"CIBRon is the Ondo Tokenized version of the First Trust NASDAQ Cybersecurity ETF, giving tokenholders economic exposure similar to holding CIBR and reinvesting any dividends. Ondo tokenized stocks enable non-US retail and institutional users around the world to instantly mint and redeem tokenized U.S. stocks and ETFs, 24 hours a day, five days a week with full access to traditional exchange liquidity. Additional restrictions apply. Learn more at ondo.finance/global-markets.","CIBRon is the Ondo Tokenized version of the First Trust NASDAQ Cybersecurity ETF, giving tokenholders economic exposure similar to holding CIBR and reinvesting any dividends. Additional restrictions apply. Learn more at https://ondo.finance/gm."
Coherent (Ondo Tokenized),COHRon,coherent-ondo-tokenized,,0x2B7727076B9C9B1834a2f95B81f12EEdD30db9f1,0x0585756aAFB241b0f8A9Df62Db26c566091Bde0b,BXMkru8ded26p71gJ3AMMwJmwZaYYfQjRo8vbZzondo,https://etherscan.io/address/0x2B7727076B9C9B1834a2f95B81f12EEdD30db9f1,https://etherscan.io/token/0x2B7727076B9C9B1834a2f95B81f12EEdD30db9f1,https://bscscan.com/address/0x0585756aAFB241b0f8A9Df62Db26c566091Bde0b,https://bscscan.com/token/0x0585756aAFB241b0f8A9Df62Db26c566091Bde0b,https://solscan.io/account/BXMkru8ded26p71gJ3AMMwJmwZaYYfQjRo8vbZzondo,https://cdn.ondo.finance/tokens/logos/cohron_40x40.svg,https://cdn.ondo.finance/tokens/logos/cohron_160x160.png,Coherent,COHR,Common Stock,Stock,US19247G1076,"COHRon is the Ondo Tokenized version of Coherent, giving tokenholders economic exposure similar to holding COHR and reinvesting any dividends. Ondo tokenized stocks enable non-US retail and institutional users around the world to instantly mint and redeem tokenized U.S. stocks and ETFs, 24 hours a day, five days a week with full access to traditional exchange liquidity. Additional restrictions apply. Learn more at ondo.finance/global-markets.","COHRon is the Ondo Tokenized version of Coherent, giving tokenholders economic exposure similar to holding COHR and reinvesting any dividends. Additional restrictions apply. Learn more at https://ondo.finance/gm."
CoreWeave (Ondo Tokenized),CRWVon,coreweave-ondo-tokenized,,0x66908813cd7676269494B2c6F6DBAB8B4f9E95df,0x76E39171Cb665a35981e744e2CEB7012F76caEAc,BfPGpgNyxe6rjAru1EJarjSBAcCABuMF5L32v7nondo,https://etherscan.io/address/0x66908813cd7676269494B2c6F6DBAB8B4f9E95df,https://etherscan.io/token/0x66908813cd7676269494B2c6F6DBAB8B4f9E95df,https://bscscan.com/address/0x76E39171Cb665a35981e744e2CEB7012F76caEAc,https://bscscan.com/token/0x76E39171Cb665a35981e744e2CEB7012F76caEAc,https://solscan.io/account/BfPGpgNyxe6rjAru1EJarjSBAcCABuMF5L32v7nondo,https://cdn.ondo.finance/tokens/logos/crwvon_40x40.svg,https://cdn.ondo.finance/tokens/logos/crwvon_160x160.png,CoreWeave,CRWV,Common Stock,Stock,US21873S1087,"CRWVon is the Ondo Tokenized version of CoreWeave, giving tokenholders economic exposure similar to holding CRWV and reinvesting any dividends. Ondo tokenized stocks enable non-US retail and institutional users around the world to instantly mint and redeem tokenized U.S. stocks and ETFs, 24 hours a day, five days a week with full access to traditional exchange liquidity. Additional restrictions apply. Learn more at ondo.finance/global-markets.","CRWVon is the Ondo Tokenized version of CoreWeave, giving tokenholders economic exposure similar to holding CRWV and reinvesting any dividends. Additional restrictions apply. Learn more at https://ondo.finance/gm."
iShares MSCI Chile ETF (Ondo Tokenized),ECHon,ishares-msci-chile-etf-ondo-tokenized,,0x74C8f41f57948Bfd8aa0D48C882d69d12d1Cc579,0x551f8Db0da800C910E12Cf991eac306714481685,BmXVAFyfpW7VuVYeWDtbFtLx7sek2mZt3BEsGgAondo,https://etherscan.io/address/0x74C8f41f57948Bfd8aa0D48C882d69d12d1Cc579,https://etherscan.io/token/0x74C8f41f57948Bfd8aa0D48C882d69d12d1Cc579,https://bscscan.com/address/0x551f8Db0da800C910E12Cf991eac306714481685,https://bscscan.com/token/0x551f8Db0da800C910E12Cf991eac306714481685,https://solscan.io/account/BmXVAFyfpW7VuVYeWDtbFtLx7sek2mZt3BEsGgAondo,https://cdn.ondo.finance/tokens/logos/echon_40x40.svg,https://cdn.ondo.finance/tokens/logos/echon_160x160.png,iShares MSCI Chile ETF,ECH,Equity ETF,ETF,US4642866408,"ECHon is the Ondo Tokenized version of the iShares MSCI Chile ETF, giving tokenholders economic exposure similar to holding ECH and reinvesting any dividends. Ondo tokenized stocks enable non-US retail and institutional users around the world to instantly mint and redeem tokenized U.S. stocks and ETFs, 24 hours a day, five days a week with full access to traditional exchange liquidity. Additional restrictions apply. Learn more at ondo.finance/global-markets.","ECHon is the Ondo Tokenized version of the iShares MSCI Chile ETF, giving tokenholders economic exposure similar to holding ECH and reinvesting any dividends. Additional restrictions apply. Learn more at https://ondo.finance/gm."
Enlivex Therapeutics (Ondo Tokenized),ENLVon,enlivex-therapeutics-ondo-tokenized,,0xc4e6E80295154D3968519851F73f8Dc1a227286F,0x5A9D924FC336A5EC8cf3B1909aA660533B50b015,BncvtBGs4JqgYZwUoq3EN9q9HUFqJKTfWpvCsHCondo,https://etherscan.io/address/0xc4e6E80295154D3968519851F73f8Dc1a227286F,https://etherscan.io/token/0xc4e6E80295154D3968519851F73f8Dc1a227286F,https://bscscan.com/address/0x5A9D924FC336A5EC8cf3B1909aA660533B50b015,https://bscscan.com/token/0x5A9D924FC336A5EC8cf3B1909aA660533B50b015,https://solscan.io/account/BncvtBGs4JqgYZwUoq3EN9q9HUFqJKTfWpvCsHCondo,https://cdn.ondo.finance/tokens/logos/enlvon_40x40.svg,https://cdn.ondo.finance/tokens/logos/enlvon_160x160.png,Enlivex Therapeutics,ENLV,Common Stock,Stock,IL0011319527,"ENLVon is the Ondo Tokenized version of Enlivex Therapeutics, giving tokenholders economic exposure similar to holding ENLV and reinvesting any dividends. Ondo tokenized stocks enable non-US retail and institutional users around the world to instantly mint and redeem tokenized U.S. stocks and ETFs, 24 hours a day, five days a week with full access to traditional exchange liquidity. Additional restrictions apply. Learn more at ondo.finance/global-markets.","ENLVon is the Ondo Tokenized version of Enlivex Therapeutics, giving tokenholders economic exposure similar to holding ENLV and reinvesting any dividends. Additional restrictions apply. Learn more at https://ondo.finance/gm."
Enphase Energy (Ondo Tokenized),ENPHon,enphase-energy-ondo-tokenized,,0x4F3B49aC895a29c0908c57538932967Cdc8e3c80,0x30938154E2697694F41592C2e48459287dEBe4BF,Bp26APthMuM46gMFTo5KYpo7b92GN2xSCor7f9oondo,https://etherscan.io/address/0x4F3B49aC895a29c0908c57538932967Cdc8e3c80,https://etherscan.io/token/0x4F3B49aC895a29c0908c57538932967Cdc8e3c80,https://bscscan.com/address/0x30938154E2697694F41592C2e48459287dEBe4BF,https://bscscan.com/token/0x30938154E2697694F41592C2e48459287dEBe4BF,https://solscan.io/account/Bp26APthMuM46gMFTo5KYpo7b92GN2xSCor7f9oondo,https://cdn.ondo.finance/tokens/logos/enphon_40x40.svg,https://cdn.ondo.finance/tokens/logos/enphon_160x160.png,Enphase Energy,ENPH,Common Stock,Stock,US29355A1079,"ENPHon is the Ondo Tokenized version of Enphase Energy, giving tokenholders economic exposure similar to holding ENPH and reinvesting any dividends. Ondo tokenized stocks enable non-US retail and institutional users around the world to instantly mint and redeem tokenized U.S. stocks and ETFs, 24 hours a day, five days a week with full access to traditional exchange liquidity. Additional restrictions apply. Learn more at ondo.finance/global-markets.","ENPHon is the Ondo Tokenized version of Enphase Energy, giving tokenholders economic exposure similar to holding ENPH and reinvesting any dividends. Additional restrictions apply. Learn more at https://ondo.finance/gm."
iShares Ethereum Trust (Ondo Tokenized) ,ETHAon,ishares-ethereum-trust-ondo-tokenized,,0x98284FbC11eDD7540E29b896a49817Bbe52DdCBd,0x04B16ff1F9673146F68AA5d5F57aA45AdcF068E1,LitNUakTges74cjDJm6HHfFNKGPdySkp3MWSYzYondo,https://etherscan.io/address/0x98284FbC11eDD7540E29b896a49817Bbe52DdCBd,https://etherscan.io/token/0x98284FbC11eDD7540E29b896a49817Bbe52DdCBd,https://bscscan.com/address/0x04B16ff1F9673146F68AA5d5F57aA45AdcF068E1,https://bscscan.com/token/0x04B16ff1F9673146F68AA5d5F57aA45AdcF068E1,https://solscan.io/account/LitNUakTges74cjDJm6HHfFNKGPdySkp3MWSYzYondo,https://cdn.ondo.finance/tokens/logos/ethaon_40x40.svg,https://cdn.ondo.finance/tokens/logos/ethaon_160x160.png,iShares Ethereum Trust ETF,ETHA,Crypto ETF,ETF,US46438R1059,"ETHAon is the Ondo Tokenized version of the iShares Ethereum Trust ETF, giving tokenholders economic exposure similar to holding ETHA and reinvesting any dividends. Ondo tokenized stocks enable non-US retail and institutional users around the world to instantly mint and redeem tokenized U.S. stocks and ETFs, 24 hours a day, five days a week with full access to traditional exchange liquidity. Additional restrictions apply. Learn more at ondo.finance/global-markets.","ETHAon is the Ondo Tokenized version of the iShares Ethereum Trust ETF, giving tokenholders economic exposure similar to holding ETHA and reinvesting any dividends. Additional restrictions apply. Learn more at https://ondo.finance/gm."
Eaton (Ondo Tokenized),ETNon,eaton-ondo-tokenized,,0x9b56f5ED5A94Ae3266b7FF21953e6626F94008F1,0x4697b2A050f7B5A8e1ebc27c325f9D78D094f041,BpYiU1dBXU1fdB64jbR93wHEw3Y47QeRLZvUyLQondo,https://etherscan.io/address/0x9b56f5ED5A94Ae3266b7FF21953e6626F94008F1,https://etherscan.io/token/0x9b56f5ED5A94Ae3266b7FF21953e6626F94008F1,https://bscscan.com/address/0x4697b2A050f7B5A8e1ebc27c325f9D78D094f041,https://bscscan.com/token/0x4697b2A050f7B5A8e1ebc27c325f9D78D094f041,https://solscan.io/account/BpYiU1dBXU1fdB64jbR93wHEw3Y47QeRLZvUyLQondo,https://cdn.ondo.finance/tokens/logos/etnon_40x40.svg,https://cdn.ondo.finance/tokens/logos/etnon_160x160.png,Eaton,ETN,Common Stock,Stock,IE00B8KQN827,"ETNon is the Ondo Tokenized version of Eaton, giving tokenholders economic exposure similar to holding ETN and reinvesting any dividends. Ondo tokenized stocks enable non-US retail and institutional users around the world to instantly mint and redeem tokenized U.S. stocks and ETFs, 24 hours a day, five days a week with full access to traditional exchange liquidity. Additional restrictions apply. Learn more at ondo.finance/global-markets.","ETNon is the Ondo Tokenized version of Eaton, giving tokenholders economic exposure similar to holding ETN and reinvesting any dividends. Additional restrictions apply. Learn more at https://ondo.finance/gm."
iShares MSCI Japan ETF (Ondo Tokenized),EWJon,ishares-msci-japan-etf-ondo-tokenized,,0x625Fb557cAD6D4638dae420626F3F08A485b43a8,0x82715299f3f132FB85f3De1F7e8fAfd3d79f3eB5,C6c7VcxuUYcV5YTsky5HM4PUmfwHTwsDD5DNwwPondo,https://etherscan.io/address/0x625Fb557cAD6D4638dae420626F3F08A485b43a8,https://etherscan.io/token/0x625Fb557cAD6D4638dae420626F3F08A485b43a8,https://bscscan.com/address/0x82715299f3f132FB85f3De1F7e8fAfd3d79f3eB5,https://bscscan.com/token/0x82715299f3f132FB85f3De1F7e8fAfd3d79f3eB5,https://solscan.io/account/C6c7VcxuUYcV5YTsky5HM4PUmfwHTwsDD5DNwwPondo,https://cdn.ondo.finance/tokens/logos/ewjon_40x40.svg,https://cdn.ondo.finance/tokens/logos/ewjon_160x160.png,iShares MSCI Japan ETF ,EWJ,Equity ETF,ETF,US46434G8226,"EWJon is the Ondo Tokenized version of the iShares MSCI Japan ETF , giving tokenholders economic exposure similar to holding EWJ and reinvesting any dividends. Ondo tokenized stocks enable non-US retail and institutional users around the world to instantly mint and redeem tokenized U.S. stocks and ETFs, 24 hours a day, five days a week with full access to traditional exchange liquidity. Additional restrictions apply. Learn more at ondo.finance/global-markets.","EWJon is the Ondo Tokenized version of the iShares MSCI Japan ETF , giving tokenholders economic exposure similar to holding EWJ and reinvesting any dividends. Additional restrictions apply. Learn more at https://ondo.finance/gm."
iShares MSCI South Korea ETF (Ondo Tokenized),EWYon,ishares-msci-south-korea-etf-ondo-tokenized,,0xbd660e96D45e7C175512d1ed0cCc119Cb980b81a,0x12B7aDC48416A103F63E7e6210f62C81dfB91fD0,C8pSaSgjkiTWixS3GM6Hxd6HKnKrgAbY9WDgfVeondo,https://etherscan.io/address/0xbd660e96D45e7C175512d1ed0cCc119Cb980b81a,https://etherscan.io/token/0xbd660e96D45e7C175512d1ed0cCc119Cb980b81a,https://bscscan.com/address/0x12B7aDC48416A103F63E7e6210f62C81dfB91fD0,https://bscscan.com/token/0x12B7aDC48416A103F63E7e6210f62C81dfB91fD0,https://solscan.io/account/C8pSaSgjkiTWixS3GM6Hxd6HKnKrgAbY9WDgfVeondo,https://cdn.ondo.finance/tokens/logos/ewyon_40x40.svg,https://cdn.ondo.finance/tokens/logos/ewyon_160x160.png,iShares MSCI South Korea ETF,EWY,Equity ETF,ETF,US4642867729,"EWYon is the Ondo Tokenized version of the iShares MSCI South Korea ETF, giving tokenholders economic exposure similar to holding EWY and reinvesting any dividends. Ondo tokenized stocks enable non-US retail and institutional users around the world to instantly mint and redeem tokenized U.S. stocks and ETFs, 24 hours a day, five days a week with full access to traditional exchange liquidity. Additional restrictions apply. Learn more at ondo.finance/global-markets.","EWYon is the Ondo Tokenized version of the iShares MSCI South Korea ETF, giving tokenholders economic exposure similar to holding EWY and reinvesting any dividends. Additional restrictions apply. Learn more at https://ondo.finance/gm."
iShares MSCI Brazil ETF (Ondo Tokenized),EWZon,ishares-msci-brazil-etf-ondo-tokenized,,0x54021fDe36B7c4C4F9C35b02fb9A153eD8F5938A,0x9876F4b879cDe9Aa49Ffd260034A0698B7B33A49,CBKcmEvVg5EgE3W5hVSPcBYWh6TFVjQwbmYod9Pondo,https://etherscan.io/address/0x54021fDe36B7c4C4F9C35b02fb9A153eD8F5938A,https://etherscan.io/token/0x54021fDe36B7c4C4F9C35b02fb9A153eD8F5938A,https://bscscan.com/address/0x9876F4b879cDe9Aa49Ffd260034A0698B7B33A49,https://bscscan.com/token/0x9876F4b879cDe9Aa49Ffd260034A0698B7B33A49,https://solscan.io/account/CBKcmEvVg5EgE3W5hVSPcBYWh6TFVjQwbmYod9Pondo,https://cdn.ondo.finance/tokens/logos/ewzon_40x40.svg,https://cdn.ondo.finance/tokens/logos/ewzon_160x160.png,iShares MSCI Brazil ETF,EWZ,Equity ETF,ETF,US4642864007,"EWZon is the Ondo Tokenized version of the iShares MSCI Brazil ETF, giving tokenholders economic exposure similar to holding EWZ and reinvesting any dividends. Ondo tokenized stocks enable non-US retail and institutional users around the world to instantly mint and redeem tokenized U.S. stocks and ETFs, 24 hours a day, five days a week with full access to traditional exchange liquidity. Additional restrictions apply. Learn more at ondo.finance/global-markets.","EWZon is the Ondo Tokenized version of the iShares MSCI Brazil ETF, giving tokenholders economic exposure similar to holding EWZ and reinvesting any dividends. Additional restrictions apply. Learn more at https://ondo.finance/gm."
Exodus Movement (Ondo Tokenized),EXODon,exodus-movement-ondo-tokenized,,0x185E5FA1B84F94D46ef2A33052aD39bD5f326fd8,0x92d504158A8Dc69de989dB5EDe3230D958fb8630,CJRoTbu98waCCuLFfLuJ2kXawLk889fqW4UAAbwondo,https://etherscan.io/address/0x185E5FA1B84F94D46ef2A33052aD39bD5f326fd8,https://etherscan.io/token/0x185E5FA1B84F94D46ef2A33052aD39bD5f326fd8,https://bscscan.com/address/0x92d504158A8Dc69de989dB5EDe3230D958fb8630,https://bscscan.com/token/0x92d504158A8Dc69de989dB5EDe3230D958fb8630,https://solscan.io/account/CJRoTbu98waCCuLFfLuJ2kXawLk889fqW4UAAbwondo,https://cdn.ondo.finance/tokens/logos/exodon_40x40.svg,https://cdn.ondo.finance/tokens/logos/exodon_160x160.png,Exodus Movement,EXOD,Common Stock,Stock,US30209R1068,"EXODon is the Ondo Tokenized version of Exodus Movement, giving tokenholders economic exposure similar to holding EXOD and reinvesting any dividends. Ondo tokenized stocks enable non-US retail and institutional users around the world to instantly mint and redeem tokenized U.S. stocks and ETFs, 24 hours a day, five days a week with full access to traditional exchange liquidity. Additional restrictions apply. Learn more at ondo.finance/global-markets.","EXODon is the Ondo Tokenized version of Exodus Movement, giving tokenholders economic exposure similar to holding EXOD and reinvesting any dividends. Additional restrictions apply. Learn more at https://ondo.finance/gm."
Freeport-McMoRan (Ondo Tokenized),FCXon,freeport-mcmoran-ondo-tokenized,,0xeb08d539Be0f6a6C90eA24276196E348f5688A02,0xE3b17E6D290A0F28bd32aF4064637057627004D5,CY8ttw5rYCT6fFBJwqXofefqa7Ji9E8zfLmhRLmondo,https://etherscan.io/address/0xeb08d539Be0f6a6C90eA24276196E348f5688A02,https://etherscan.io/token/0xeb08d539Be0f6a6C90eA24276196E348f5688A02,https://bscscan.com/address/0xE3b17E6D290A0F28bd32aF4064637057627004D5,https://bscscan.com/token/0xE3b17E6D290A0F28bd32aF4064637057627004D5,https://solscan.io/account/CY8ttw5rYCT6fFBJwqXofefqa7Ji9E8zfLmhRLmondo,https://cdn.ondo.finance/tokens/logos/fcxon_40x40.svg,https://cdn.ondo.finance/tokens/logos/fcxon_160x160.png,Freeport-McMoRan,FCX,Common Stock,Stock,US35671D8570,"FCXon is the Ondo Tokenized version of Freeport-McMoRan, giving tokenholders economic exposure similar to holding FCX and reinvesting any dividends. Ondo tokenized stocks enable non-US retail and institutional users around the world to instantly mint and redeem tokenized U.S. stocks and ETFs, 24 hours a day, five days a week with full access to traditional exchange liquidity. Additional restrictions apply. Learn more at ondo.finance/global-markets.","FCXon is the Ondo Tokenized version of Freeport-McMoRan, giving tokenholders economic exposure similar to holding FCX and reinvesting any dividends. Additional restrictions apply. Learn more at https://ondo.finance/gm."
Franklin Focused Growth ETF (Ondo Tokenized),FFOGon,franklin-focused-growth-etf-ondo-tokenized,,0x70B4082F4e3F9067dB9A2aA7520C77719E8626EE,0xEA130432a9feE9ca1A7eDa84028650d38Bd0E232,CYAwMGyuNSDu7NpuccNwcxMNS5Bu9akxU2Jooyiondo,https://etherscan.io/address/0x70B4082F4e3F9067dB9A2aA7520C77719E8626EE,https://etherscan.io/token/0x70B4082F4e3F9067dB9A2aA7520C77719E8626EE,https://bscscan.com/address/0xEA130432a9feE9ca1A7eDa84028650d38Bd0E232,https://bscscan.com/token/0xEA130432a9feE9ca1A7eDa84028650d38Bd0E232,https://solscan.io/account/CYAwMGyuNSDu7NpuccNwcxMNS5Bu9akxU2Jooyiondo,https://cdn.ondo.finance/tokens/logos/ffogon_40x40.svg,https://cdn.ondo.finance/tokens/logos/ffogon_160x160.png,Franklin Focused Growth ETF,FFOG,Equity ETF,ETF,US35473P4211,"FFOGon is the Ondo Tokenized version of the Franklin Focused Growth ETF, giving tokenholders economic exposure similar to holding FFOG and reinvesting any dividends. Ondo tokenized stocks enable non-US retail and institutional users around the world to instantly mint and redeem tokenized U.S. stocks and ETFs, 24 hours a day, five days a week with full access to traditional exchange liquidity. Additional restrictions apply. Learn more at ondo.finance/global-markets.","FFOGon is the Ondo Tokenized version of the Franklin Focused Growth ETF, giving tokenholders economic exposure similar to holding FFOG and reinvesting any dividends. Additional restrictions apply. Learn more at https://ondo.finance/gm."
Franklin Responsibly Sourced Gold ETF (Ondo Tokenized),FGDLon,franklin-responsibly-sourced-gold-etf-ondo-tokenized,,0x1cB673005fc58447D881486919c14D8e7C741Bb1,0xee0d57462f20434030B8262204c00c0eA0399C41,CYqLHM92EhmF83iNgfN4A1j2ckjsHigRvXu7xHCondo,https://etherscan.io/address/0x1cB673005fc58447D881486919c14D8e7C741Bb1,https://etherscan.io/token/0x1cB673005fc58447D881486919c14D8e7C741Bb1,https://bscscan.com/address/0xee0d57462f20434030B8262204c00c0eA0399C41,https://bscscan.com/token/0xee0d57462f20434030B8262204c00c0eA0399C41,https://solscan.io/account/CYqLHM92EhmF83iNgfN4A1j2ckjsHigRvXu7xHCondo,https://cdn.ondo.finance/tokens/logos/fgdlon_40x40.svg,https://cdn.ondo.finance/tokens/logos/fgdlon_160x160.png,Franklin Responsibly Sourced Gold ETF,FGDL,Commodity ETF,ETF,US35473M1053,"FGDLon is the Ondo Tokenized version of the Franklin Responsibly Sourced Gold ETF, giving tokenholders economic exposure similar to holding FGDL and reinvesting any dividends. Ondo tokenized stocks enable non-US retail and institutional users around the world to instantly mint and redeem tokenized U.S. stocks and ETFs, 24 hours a day, five days a week with full access to traditional exchange liquidity. Additional restrictions apply. Learn more at ondo.finance/global-markets.","FGDLon is the Ondo Tokenized version of the Franklin Responsibly Sourced Gold ETF, giving tokenholders economic exposure similar to holding FGDL and reinvesting any dividends. Additional restrictions apply. Learn more at https://ondo.finance/gm."
Franklin High Yield Corporate ETF (Ondo Tokenized),FLHYon,franklin-high-yield-corporate-etf-ondo-tokenized,,0x54C1Ff361b402f66c13107421E6A431C3375EF24,0x240Eb4859B4537D250cf784cc758c404dA5Fe4bd,CZ3FxxSto7tsjkSkqMek1C5p3RCFFmkwKqW57nbondo,https://etherscan.io/address/0x54C1Ff361b402f66c13107421E6A431C3375EF24,https://etherscan.io/token/0x54C1Ff361b402f66c13107421E6A431C3375EF24,https://bscscan.com/address/0x240Eb4859B4537D250cf784cc758c404dA5Fe4bd,https://bscscan.com/token/0x240Eb4859B4537D250cf784cc758c404dA5Fe4bd,https://solscan.io/account/CZ3FxxSto7tsjkSkqMek1C5p3RCFFmkwKqW57nbondo,https://cdn.ondo.finance/tokens/logos/flhyon_40x40.svg,https://cdn.ondo.finance/tokens/logos/flhyon_160x160.png,Franklin High Yield Corporate ETF,FLHY,Bond ETF,ETF,US35473P6299,"FLHYon is the Ondo Tokenized version of the Franklin High Yield Corporate ETF, giving tokenholders economic exposure similar to holding FLHY and reinvesting any dividends. Ondo tokenized stocks enable non-US retail and institutional users around the world to instantly mint and redeem tokenized U.S. stocks and ETFs, 24 hours a day, five days a week with full access to traditional exchange liquidity. Additional restrictions apply. Learn more at ondo.finance/global-markets.","FLHYon is the Ondo Tokenized version of the Franklin High Yield Corporate ETF, giving tokenholders economic exposure similar to holding FLHY and reinvesting any dividends. Additional restrictions apply. Learn more at https://ondo.finance/gm."
Franklin US Large Cap Multifactor Index ETF (Ondo Tokenized),FLQLon,franklin-us-large-cap-multifactor-index-etf-ondo-tokenized,,0xC53D2e7321aB83B28aF2360559Aa303676a23f98,0x48187890D16aEE64798E02C5BeD510f4dB5694A9,CZ9GBn1okotqKNUUqoxk4PF2JVi59bw5GWvVo6Dondo,https://etherscan.io/address/0xC53D2e7321aB83B28aF2360559Aa303676a23f98,https://etherscan.io/token/0xC53D2e7321aB83B28aF2360559Aa303676a23f98,https://bscscan.com/address/0x48187890D16aEE64798E02C5BeD510f4dB5694A9,https://bscscan.com/token/0x48187890D16aEE64798E02C5BeD510f4dB5694A9,https://solscan.io/account/CZ9GBn1okotqKNUUqoxk4PF2JVi59bw5GWvVo6Dondo,https://cdn.ondo.finance/tokens/logos/flqlon_40x40.svg,https://cdn.ondo.finance/tokens/logos/flqlon_160x160.png,Franklin US Large Cap Multifactor Index ETF,FLQL,Equity ETF,ETF,US35473P8014,"FLQLon is the Ondo Tokenized version of the Franklin US Large Cap Multifactor Index ETF, giving tokenholders economic exposure similar to holding FLQL and reinvesting any dividends. Ondo tokenized stocks enable non-US retail and institutional users around the world to instantly mint and redeem tokenized U.S. stocks and ETFs, 24 hours a day, five days a week with full access to traditional exchange liquidity. Additional restrictions apply. Learn more at ondo.finance/global-markets.","FLQLon is the Ondo Tokenized version of the Franklin US Large Cap Multifactor Index ETF, giving tokenholders economic exposure similar to holding FLQL and reinvesting any dividends. Additional restrictions apply. Learn more at https://ondo.finance/gm."
Fidelity Solana Fund (Ondo Tokenized) ,FSOLon,fidelity-solana-fund-ondo-tokenized,,0x224B381CFAe8CCAf2e4d32D827467C2331Ce04bE,0x54B92Fd77229269Ff6484942C123cCa72f2D6fEC,BJhPr9SM7uZTZXHeSLYmUk7CjGQq1esFkVxPF5tondo,https://etherscan.io/address/0x224B381CFAe8CCAf2e4d32D827467C2331Ce04bE,https://etherscan.io/token/0x224B381CFAe8CCAf2e4d32D827467C2331Ce04bE,https://bscscan.com/address/0x54B92Fd77229269Ff6484942C123cCa72f2D6fEC,https://bscscan.com/token/0x54B92Fd77229269Ff6484942C123cCa72f2D6fEC,https://solscan.io/account/BJhPr9SM7uZTZXHeSLYmUk7CjGQq1esFkVxPF5tondo,https://cdn.ondo.finance/tokens/logos/fsolon_40x40.svg,https://cdn.ondo.finance/tokens/logos/fsolon_160x160.png,Fidelity Solana Fund,FSOL,Crypto ETF,ETF,US31641G1040,"FSOLon is the Ondo Tokenized version of the Fidelity Solana Fund, giving tokenholders economic exposure similar to holding FSOL and reinvesting any dividends. Ondo tokenized stocks enable non-US retail and institutional users around the world to instantly mint and redeem tokenized U.S. stocks and ETFs, 24 hours a day, five days a week with full access to traditional exchange liquidity. Additional restrictions apply. Learn more at ondo.finance/global-markets.","FSOLon is the Ondo Tokenized version of the Fidelity Solana Fund, giving tokenholders economic exposure similar to holding FSOL and reinvesting any dividends. Additional restrictions apply. Learn more at https://ondo.finance/gm."
iShares China Large-Cap ETF (Ondo Tokenized),FXIon,ishares-china-large-cap-etf-ondo-tokenized,,0x2dD57b497c777D9825A5902114BE81dF98eDE958,0x9b8E987e6fEc8Cf1380C4dcA7071e2C7853AEEA1,CeFbGYXDmkyfo1TXXzzZ512mtnCCewNohu6V15vondo,https://etherscan.io/address/0x2dD57b497c777D9825A5902114BE81dF98eDE958,https://etherscan.io/token/0x2dD57b497c777D9825A5902114BE81dF98eDE958,https://bscscan.com/address/0x9b8E987e6fEc8Cf1380C4dcA7071e2C7853AEEA1,https://bscscan.com/token/0x9b8E987e6fEc8Cf1380C4dcA7071e2C7853AEEA1,https://solscan.io/account/CeFbGYXDmkyfo1TXXzzZ512mtnCCewNohu6V15vondo,https://cdn.ondo.finance/tokens/logos/fxion_40x40.svg,https://cdn.ondo.finance/tokens/logos/fxion_160x160.png,iShares China Large-Cap ETF,FXI,Equity ETF,ETF,US4642871846,"FXIon is the Ondo Tokenized version of the iShares China Large-Cap ETF, giving tokenholders economic exposure similar to holding FXI and reinvesting any dividends. Ondo tokenized stocks enable non-US retail and institutional users around the world to instantly mint and redeem tokenized U.S. stocks and ETFs, 24 hours a day, five days a week with full access to traditional exchange liquidity. Additional restrictions apply. Learn more at ondo.finance/global-markets.","FXIon is the Ondo Tokenized version of the iShares China Large-Cap ETF, giving tokenholders economic exposure similar to holding FXI and reinvesting any dividends. Additional restrictions apply. Learn more at https://ondo.finance/gm."
GE Vernova (Ondo Tokenized),GEVon,ge-vernova-ondo-tokenized,,0xA043FDc5A6E2E381e3532d5A97404b82fb7A0af8,0x2Aea1D415D45CCF3EaBE565d45DcaF4ea2035b9c,CgZSv89BL58ybWfWobANKEU8nV9jYfFw23G2DZEondo,https://etherscan.io/address/0xA043FDc5A6E2E381e3532d5A97404b82fb7A0af8,https://etherscan.io/token/0xA043FDc5A6E2E381e3532d5A97404b82fb7A0af8,https://bscscan.com/address/0x2Aea1D415D45CCF3EaBE565d45DcaF4ea2035b9c,https://bscscan.com/token/0x2Aea1D415D45CCF3EaBE565d45DcaF4ea2035b9c,https://solscan.io/account/CgZSv89BL58ybWfWobANKEU8nV9jYfFw23G2DZEondo,https://cdn.ondo.finance/tokens/logos/gevon_40x40.svg,https://cdn.ondo.finance/tokens/logos/gevon_160x160.png,GE Vernova,GEV,Common Stock,Stock,US36828A1016,"GEVon is the Ondo Tokenized version of GE Vernova, giving tokenholders economic exposure similar to holding GEV and reinvesting any dividends. Ondo tokenized stocks enable non-US retail and institutional users around the world to instantly mint and redeem tokenized U.S. stocks and ETFs, 24 hours a day, five days a week with full access to traditional exchange liquidity. Additional restrictions apply. Learn more at ondo.finance/global-markets.","GEVon is the Ondo Tokenized version of GE Vernova, giving tokenholders economic exposure similar to holding GEV and reinvesting any dividends. Additional restrictions apply. Learn more at https://ondo.finance/gm."
abrdn Physical Precious Metals Basket Shares ETF (Ondo Tokenized),GLTRon,abrdn-physical-precious-metals-basket-shares-etf-ondo-tokenized,,0xD0a265a32D0211a7f61F11de014B854F7ce716F8,0x15580092796f69825CFf4738Cac55D05D41eaa42,CgnZbDNzBfaLyJqUtd4esKLShRp7RznQuwP4uQaondo,https://etherscan.io/address/0xD0a265a32D0211a7f61F11de014B854F7ce716F8,https://etherscan.io/token/0xD0a265a32D0211a7f61F11de014B854F7ce716F8,https://bscscan.com/address/0x15580092796f69825CFf4738Cac55D05D41eaa42,https://bscscan.com/token/0x15580092796f69825CFf4738Cac55D05D41eaa42,https://solscan.io/account/CgnZbDNzBfaLyJqUtd4esKLShRp7RznQuwP4uQaondo,https://cdn.ondo.finance/tokens/logos/gltron_40x40.svg,https://cdn.ondo.finance/tokens/logos/gltron_160x160.png,abrdn Physical Precious Metals Basket Shares ETF,GLTR,Commodity ETF,ETF,US0032631006,"GLTRon is the Ondo Tokenized version of the abrdn Physical Precious Metals Basket Shares ETF, giving tokenholders economic exposure similar to holding GLTR and reinvesting any dividends. Ondo tokenized stocks enable non-US retail and institutional users around the world to instantly mint and redeem tokenized U.S. stocks and ETFs, 24 hours a day, five days a week with full access to traditional exchange liquidity. Additional restrictions apply. Learn more at ondo.finance/global-markets.","GLTRon is the Ondo Tokenized version of the abrdn Physical Precious Metals Basket Shares ETF, giving tokenholders economic exposure similar to holding GLTR and reinvesting any dividends. Additional restrictions apply. Learn more at https://ondo.finance/gm."
Galaxy Digital (Ondo Tokenized),GLXYon,galaxy-digital-ondo-tokenized,,0xE668e08a6f5792CEF0e63E9D98524968fDB5882f,0xF98B89825233808CD37706A53D2b4Ae3e359d442,CkWmEM2J79k6AjAwyQVHXteFucAL1zQrKLxLqJHondo,https://etherscan.io/address/0xE668e08a6f5792CEF0e63E9D98524968fDB5882f,https://etherscan.io/token/0xE668e08a6f5792CEF0e63E9D98524968fDB5882f,https://bscscan.com/address/0xF98B89825233808CD37706A53D2b4Ae3e359d442,https://bscscan.com/token/0xF98B89825233808CD37706A53D2b4Ae3e359d442,https://solscan.io/account/CkWmEM2J79k6AjAwyQVHXteFucAL1zQrKLxLqJHondo,https://cdn.ondo.finance/tokens/logos/glxyon_40x40.svg,https://cdn.ondo.finance/tokens/logos/glxyon_160x160.png,Galaxy Digital,GLXY,Common Stock,Stock,US36317J2096,"GLXYon is the Ondo Tokenized version of Galaxy Digital, giving tokenholders economic exposure similar to holding GLXY and reinvesting any dividends. Ondo tokenized stocks enable non-US retail and institutional users around the world to instantly mint and redeem tokenized U.S. stocks and ETFs, 24 hours a day, five days a week with full access to traditional exchange liquidity. Additional restrictions apply. Learn more at ondo.finance/global-markets.","GLXYon is the Ondo Tokenized version of Galaxy Digital, giving tokenholders economic exposure similar to holding GLXY and reinvesting any dividends. Additional restrictions apply. Learn more at https://ondo.finance/gm."
PIMCO 0-5 Year High Yield Corporate Bond Index ETF (Ondo Tokenized),HYSon,pimco-0-5-year-high-yield-corporate-bond-index-etf-ondo-tokenized,,0xEc169F9Ac2161723a2D4febd9748BB529D6C12B5,0x75E9D68e99e76714ed1a7663ab48ba3AaBd7A6c5,CsN1Tyz467bSFLPGd6MJyZhPNtwDaWZtX8ixHWyondo,https://etherscan.io/address/0xEc169F9Ac2161723a2D4febd9748BB529D6C12B5,https://etherscan.io/token/0xEc169F9Ac2161723a2D4febd9748BB529D6C12B5,https://bscscan.com/address/0x75E9D68e99e76714ed1a7663ab48ba3AaBd7A6c5,https://bscscan.com/token/0x75E9D68e99e76714ed1a7663ab48ba3AaBd7A6c5,https://solscan.io/account/CsN1Tyz467bSFLPGd6MJyZhPNtwDaWZtX8ixHWyondo,https://cdn.ondo.finance/tokens/logos/hyson_40x40.svg,https://cdn.ondo.finance/tokens/logos/hyson_160x160.png,PIMCO 0-5 Year High Yield Corporate Bond Index ETF,HYS,Bond ETF,ETF,US72201R7834,"HYSon is the Ondo Tokenized version of the PIMCO 0-5 Year High Yield Corporate Bond Index ETF, giving tokenholders economic exposure similar to holding HYS and reinvesting any dividends. Ondo tokenized stocks enable non-US retail and institutional users around the world to instantly mint and redeem tokenized U.S. stocks and ETFs, 24 hours a day, five days a week with full access to traditional exchange liquidity. Additional restrictions apply. Learn more at ondo.finance/global-markets.","HYSon is the Ondo Tokenized version of the PIMCO 0-5 Year High Yield Corporate Bond Index ETF, giving tokenholders economic exposure similar to holding HYS and reinvesting any dividends. Additional restrictions apply. Learn more at https://ondo.finance/gm."
iShares Bitcoin Trust (Ondo Tokenized),IBITon,ishares-bitcoin-trust-ondo-tokenized,,0x122940c4C5F9cCFAe7Fa86455a42D3EC140855cE,0x68B07cEf227Cea1b2b6683921C8c825cd5C69Ec7,6JLG8iUkAuqiBhL3j2ckDMDf5oWAa6awmyaWezKondo,https://etherscan.io/address/0x122940c4C5F9cCFAe7Fa86455a42D3EC140855cE,https://etherscan.io/token/0x122940c4C5F9cCFAe7Fa86455a42D3EC140855cE,https://bscscan.com/address/0x68B07cEf227Cea1b2b6683921C8c825cd5C69Ec7,https://bscscan.com/token/0x68B07cEf227Cea1b2b6683921C8c825cd5C69Ec7,https://solscan.io/account/6JLG8iUkAuqiBhL3j2ckDMDf5oWAa6awmyaWezKondo,https://cdn.ondo.finance/tokens/logos/ibiton_40x40.svg,https://cdn.ondo.finance/tokens/logos/ibiton_160x160.png,iShares Bitcoin Trust ETF,IBIT,Crypto ETF,ETF,US46438F1012,"IBITon is the Ondo Tokenized version of the iShares Bitcoin Trust ETF, giving tokenholders economic exposure similar to holding IBIT and reinvesting any dividends. Ondo tokenized stocks enable non-US retail and institutional users around the world to instantly mint and redeem tokenized U.S. stocks and ETFs, 24 hours a day, five days a week with full access to traditional exchange liquidity. Additional restrictions apply. Learn more at ondo.finance/global-markets.","IBITon is the Ondo Tokenized version of the iShares Bitcoin Trust ETF, giving tokenholders economic exposure similar to holding IBIT and reinvesting any dividends. Additional restrictions apply. Learn more at https://ondo.finance/gm."
iShares 7-10 Year Treasury Bond ETF (Ondo Tokenized),IEFon,ishares-7-10-year-treasury-bond-etf-ondo-tokenized,,0xA2eC76139028F279A1C790d323c57Cc4158098d6,0xA486a0A05250E8621bA3B26C3bbc517145eba619,D4uWxzR5StYC6sTRhVts8Eboy3pmVtHeNC62dnQondo,https://etherscan.io/address/0xA2eC76139028F279A1C790d323c57Cc4158098d6,https://etherscan.io/token/0xA2eC76139028F279A1C790d323c57Cc4158098d6,https://bscscan.com/address/0xA486a0A05250E8621bA3B26C3bbc517145eba619,https://bscscan.com/token/0xA486a0A05250E8621bA3B26C3bbc517145eba619,https://solscan.io/account/D4uWxzR5StYC6sTRhVts8Eboy3pmVtHeNC62dnQondo,https://cdn.ondo.finance/tokens/logos/iefon_40x40.svg,https://cdn.ondo.finance/tokens/logos/iefon_160x160.png,iShares 7-10 Year Treasury Bond ETF,IEF,Bond ETF,ETF,US4642874402,"IEFon is the Ondo Tokenized version of the iShares 7-10 Year Treasury Bond ETF, giving tokenholders economic exposure similar to holding IEF and reinvesting any dividends. Ondo tokenized stocks enable non-US retail and institutional users around the world to instantly mint and redeem tokenized U.S. stocks and ETFs, 24 hours a day, five days a week with full access to traditional exchange liquidity. Additional restrictions apply. Learn more at ondo.finance/global-markets.","IEFon is the Ondo Tokenized version of the iShares 7-10 Year Treasury Bond ETF, giving tokenholders economic exposure similar to holding IEF and reinvesting any dividends. Additional restrictions apply. Learn more at https://ondo.finance/gm."
Franklin Income Equity Focus ETF (Ondo Tokenized),INCEon,franklin-income-equity-focus-etf-ondo-tokenized,,0xfA690b2B6f6b4dA518035F1d0aa8B968c23341bb,0x5e24DB6DE4C21E2C8f9E81bAcfCedFBAC2DeE4aa,D8KT4Jd8qiKKTfkM8ejSKCpWGR1o3GFvnQGp5ERondo,https://etherscan.io/address/0xfA690b2B6f6b4dA518035F1d0aa8B968c23341bb,https://etherscan.io/token/0xfA690b2B6f6b4dA518035F1d0aa8B968c23341bb,https://bscscan.com/address/0x5e24DB6DE4C21E2C8f9E81bAcfCedFBAC2DeE4aa,https://bscscan.com/token/0x5e24DB6DE4C21E2C8f9E81bAcfCedFBAC2DeE4aa,https://solscan.io/account/D8KT4Jd8qiKKTfkM8ejSKCpWGR1o3GFvnQGp5ERondo,https://cdn.ondo.finance/tokens/logos/inceon_40x40.svg,https://cdn.ondo.finance/tokens/logos/inceon_160x160.png,Franklin Income Equity Focus ETF,INCE,Equity ETF,ETF,US35473P5044,"INCEon is the Ondo Tokenized version of the Franklin Income Equity Focus ETF, giving tokenholders economic exposure similar to holding INCE and reinvesting any dividends. Ondo tokenized stocks enable non-US retail and institutional users around the world to instantly mint and redeem tokenized U.S. stocks and ETFs, 24 hours a day, five days a week with full access to traditional exchange liquidity. Additional restrictions apply. Learn more at ondo.finance/global-markets.","INCEon is the Ondo Tokenized version of the Franklin Income Equity Focus ETF, giving tokenholders economic exposure similar to holding INCE and reinvesting any dividends. Additional restrictions apply. Learn more at https://ondo.finance/gm."
iShares MSCI India ETF (Ondo Tokenized),INDAon,ishares-msci-india-etf-ondo-tokenized,,0xa6CdB19b22B03e03EA89e133A8a46aDc3017aa6d,0xdB0748297fbEf0B33dF89e86519A0BD3adAf6459,DBNwt3FoYCKQWdfzxKFNZ4mzuz4Jz1iRzFf7HFzondo,https://etherscan.io/address/0xa6CdB19b22B03e03EA89e133A8a46aDc3017aa6d,https://etherscan.io/token/0xa6CdB19b22B03e03EA89e133A8a46aDc3017aa6d,https://bscscan.com/address/0xdB0748297fbEf0B33dF89e86519A0BD3adAf6459,https://bscscan.com/token/0xdB0748297fbEf0B33dF89e86519A0BD3adAf6459,https://solscan.io/account/DBNwt3FoYCKQWdfzxKFNZ4mzuz4Jz1iRzFf7HFzondo,https://cdn.ondo.finance/tokens/logos/indaon_40x40.svg,https://cdn.ondo.finance/tokens/logos/indaon_160x160.png,iShares MSCI India ETF,INDA,Equity ETF,ETF,US46429B5984,"INDAon is the Ondo Tokenized version of the iShares MSCI India ETF, giving tokenholders economic exposure similar to holding INDA and reinvesting any dividends. Ondo tokenized stocks enable non-US retail and institutional users around the world to instantly mint and redeem tokenized U.S. stocks and ETFs, 24 hours a day, five days a week with full access to traditional exchange liquidity. Additional restrictions apply. Learn more at ondo.finance/global-markets.","INDAon is the Ondo Tokenized version of the iShares MSCI India ETF, giving tokenholders economic exposure similar to holding INDA and reinvesting any dividends. Additional restrictions apply. Learn more at https://ondo.finance/gm."
IonQ (Ondo Tokenized),IONQon,ionq-ondo-tokenized,,0x2F2e4b09B99fbf018F600e031aAfD9Da6347Cc75,0x40d8E1fbaf69173c47fa493FeB50a84eeC6b57eE,DDZQijTbaSd3Kas1r1bgCnHPayk8vTP8SfZWp5Tondo,https://etherscan.io/address/0x2F2e4b09B99fbf018F600e031aAfD9Da6347Cc75,https://etherscan.io/token/0x2F2e4b09B99fbf018F600e031aAfD9Da6347Cc75,https://bscscan.com/address/0x40d8E1fbaf69173c47fa493FeB50a84eeC6b57eE,https://bscscan.com/token/0x40d8E1fbaf69173c47fa493FeB50a84eeC6b57eE,https://solscan.io/account/DDZQijTbaSd3Kas1r1bgCnHPayk8vTP8SfZWp5Tondo,https://cdn.ondo.finance/tokens/logos/ionqon_40x40.svg,https://cdn.ondo.finance/tokens/logos/ionqon_160x160.png,IonQ,IONQ,Common Stock,Stock,US46222L1089,"IONQon is the Ondo Tokenized version of IonQ, giving tokenholders economic exposure similar to holding IONQ and reinvesting any dividends. Ondo tokenized stocks enable non-US retail and institutional users around the world to instantly mint and redeem tokenized U.S. stocks and ETFs, 24 hours a day, five days a week with full access to traditional exchange liquidity. Additional restrictions apply. Learn more at ondo.finance/global-markets.","IONQon is the Ondo Tokenized version of IonQ, giving tokenholders economic exposure similar to holding IONQ and reinvesting any dividends. Additional restrictions apply. Learn more at https://ondo.finance/gm."
iShares US Aerospace and Defense ETF (Ondo Tokenized),ITAon,ishares-us-aerospace-and-defense-etf-ondo-tokenized,,0x68622855dcf14ced1B0Cc2A69cc34843708e2E0f,0x88B90f45bd6a4F97f7D85d280eD64A40880e4935,DDcAL93Urf7KrPntvKULnZoFs4Wdee1LkkJqLpjondo,https://etherscan.io/address/0x68622855dcf14ced1B0Cc2A69cc34843708e2E0f,https://etherscan.io/token/0x68622855dcf14ced1B0Cc2A69cc34843708e2E0f,https://bscscan.com/address/0x88B90f45bd6a4F97f7D85d280eD64A40880e4935,https://bscscan.com/token/0x88B90f45bd6a4F97f7D85d280eD64A40880e4935,https://solscan.io/account/DDcAL93Urf7KrPntvKULnZoFs4Wdee1LkkJqLpjondo,https://cdn.ondo.finance/tokens/logos/itaon_40x40.svg,https://cdn.ondo.finance/tokens/logos/itaon_160x160.png,iShares US Aerospace and Defense ETF,ITA,Equity ETF,ETF,US4642887602,"ITAon is the Ondo Tokenized version of the iShares US Aerospace and Defense ETF, giving tokenholders economic exposure similar to holding ITA and reinvesting any dividends. Ondo tokenized stocks enable non-US retail and institutional users around the world to instantly mint and redeem tokenized U.S. stocks and ETFs, 24 hours a day, five days a week with full access to traditional exchange liquidity. Additional restrictions apply. Learn more at ondo.finance/global-markets.","ITAon is the Ondo Tokenized version of the iShares US Aerospace and Defense ETF, giving tokenholders economic exposure similar to holding ITA and reinvesting any dividends. Additional restrictions apply. Learn more at https://ondo.finance/gm."
KraneShares CSI China Internet ETF (Ondo Tokenized),KWEBon,kraneshares-csi-china-internet-etf-ondo-tokenized,,0xeAA2287290544eD9F481012aa348619A4D2F9e51,0x7437203800140BA7d9081ddE8cEF09EE40E3Bf03,DVPSYdqWPLvNa8afnEqa3B9eDfTTWpGyUZeXvdMondo,https://etherscan.io/address/0xeAA2287290544eD9F481012aa348619A4D2F9e51,https://etherscan.io/token/0xeAA2287290544eD9F481012aa348619A4D2F9e51,https://bscscan.com/address/0x7437203800140BA7d9081ddE8cEF09EE40E3Bf03,https://bscscan.com/token/0x7437203800140BA7d9081ddE8cEF09EE40E3Bf03,https://solscan.io/account/DVPSYdqWPLvNa8afnEqa3B9eDfTTWpGyUZeXvdMondo,https://cdn.ondo.finance/tokens/logos/kwebon_40x40.svg,https://cdn.ondo.finance/tokens/logos/kwebon_160x160.png,KraneShares CSI China Internet ETF,KWEB,Equity ETF,ETF,US5007673065,"KWEBon is the Ondo Tokenized version of the KraneShares CSI China Internet ETF, giving tokenholders economic exposure similar to holding KWEB and reinvesting any dividends. Ondo tokenized stocks enable non-US retail and institutional users around the world to instantly mint and redeem tokenized U.S. stocks and ETFs, 24 hours a day, five days a week with full access to traditional exchange liquidity. Additional restrictions apply. Learn more at ondo.finance/global-markets.","KWEBon is the Ondo Tokenized version of the KraneShares CSI China Internet ETF, giving tokenholders economic exposure similar to holding KWEB and reinvesting any dividends. Additional restrictions apply. Learn more at https://ondo.finance/gm."
Intuitive Machines (Ondo Tokenized),LUNRon,intuitive-machines-ondo-tokenized,,0x58a2EDF0169eDE82904e47a0E2a3a4008eDebB60,0xA3b7B7cfEb023a6C4f444f5ca9a3Fc85809Ece15,DiDWPZ7vQXfpaeQ8BX68XuDYeiQLv7diDxdeUpaondo,https://etherscan.io/address/0x58a2EDF0169eDE82904e47a0E2a3a4008eDebB60,https://etherscan.io/token/0x58a2EDF0169eDE82904e47a0E2a3a4008eDebB60,https://bscscan.com/address/0xA3b7B7cfEb023a6C4f444f5ca9a3Fc85809Ece15,https://bscscan.com/token/0xA3b7B7cfEb023a6C4f444f5ca9a3Fc85809Ece15,https://solscan.io/account/DiDWPZ7vQXfpaeQ8BX68XuDYeiQLv7diDxdeUpaondo,https://cdn.ondo.finance/tokens/logos/lunron_40x40.svg,https://cdn.ondo.finance/tokens/logos/lunron_160x160.png,Intuitive Machines,LUNR,Common Stock,Stock,US46125A1007,"LUNRon is the Ondo Tokenized version of Intuitive Machines, giving tokenholders economic exposure similar to holding LUNR and reinvesting any dividends. Ondo tokenized stocks enable non-US retail and institutional users around the world to instantly mint and redeem tokenized U.S. stocks and ETFs, 24 hours a day, five days a week with full access to traditional exchange liquidity. Additional restrictions apply. Learn more at ondo.finance/global-markets.","LUNRon is the Ondo Tokenized version of Intuitive Machines, giving tokenholders economic exposure similar to holding LUNR and reinvesting any dividends. Additional restrictions apply. Learn more at https://ondo.finance/gm."
Nebius Group (Ondo Tokenized),NBISon,nebius-group-ondo-tokenized,,0xE4babaa960bA7D37860f3fe00D7b95D3868e8EDc,0xee268780473E7a0e47baC41547C6E01512555A16,DiRshqNDE68bWbGdLHm1GwQ76MvWQG3af6w1NdQondo,https://etherscan.io/address/0xE4babaa960bA7D37860f3fe00D7b95D3868e8EDc,https://etherscan.io/token/0xE4babaa960bA7D37860f3fe00D7b95D3868e8EDc,https://bscscan.com/address/0xee268780473E7a0e47baC41547C6E01512555A16,https://bscscan.com/token/0xee268780473E7a0e47baC41547C6E01512555A16,https://solscan.io/account/DiRshqNDE68bWbGdLHm1GwQ76MvWQG3af6w1NdQondo,https://cdn.ondo.finance/tokens/logos/nbison_40x40.svg,https://cdn.ondo.finance/tokens/logos/nbison_160x160.png,Nebius Group,NBIS,Common Stock,Stock,NL0009805522,"NBISon is the Ondo Tokenized version of Nebius Group, giving tokenholders economic exposure similar to holding NBIS and reinvesting any dividends. Ondo tokenized stocks enable non-US retail and institutional users around the world to instantly mint and redeem tokenized U.S. stocks and ETFs, 24 hours a day, five days a week with full access to traditional exchange liquidity. Additional restrictions apply. Learn more at ondo.finance/global-markets.","NBISon is the Ondo Tokenized version of Nebius Group, giving tokenholders economic exposure similar to holding NBIS and reinvesting any dividends. Additional restrictions apply. Learn more at https://ondo.finance/gm."
Newmont (Ondo Tokenized),NEMon,newmont-ondo-tokenized,,0x0C802aCB21Cb2AadB2EB5E5090868E1361B26B69,0x5E63232993789601CE362e0240a299C1DfCBfbEc,Dig28Tf1ufhCBAsjTmFkXCgcNgMqDMYj5A2rDQmondo,https://etherscan.io/address/0x0C802aCB21Cb2AadB2EB5E5090868E1361B26B69,https://etherscan.io/token/0x0C802aCB21Cb2AadB2EB5E5090868E1361B26B69,https://bscscan.com/address/0x5E63232993789601CE362e0240a299C1DfCBfbEc,https://bscscan.com/token/0x5E63232993789601CE362e0240a299C1DfCBfbEc,https://solscan.io/account/Dig28Tf1ufhCBAsjTmFkXCgcNgMqDMYj5A2rDQmondo,https://cdn.ondo.finance/tokens/logos/nemon_40x40.svg,https://cdn.ondo.finance/tokens/logos/nemon_160x160.png,Newmont,NEM,Common Stock,Stock,US6516391066,"NEMon is the Ondo Tokenized version of Newmont, giving tokenholders economic exposure similar to holding NEM and reinvesting any dividends. Ondo tokenized stocks enable non-US retail and institutional users around the world to instantly mint and redeem tokenized U.S. stocks and ETFs, 24 hours a day, five days a week with full access to traditional exchange liquidity. Additional restrictions apply. Learn more at ondo.finance/global-markets.","NEMon is the Ondo Tokenized version of Newmont, giving tokenholders economic exposure similar to holding NEM and reinvesting any dividends. Additional restrictions apply. Learn more at https://ondo.finance/gm."
Northrop Grumman (Ondo Tokenized),NOCon,northrop-grumman-ondo-tokenized,,0x8Ce34F749796F82A6990fFa2d80622ef75CA7aD5,0x4D3442D884202584F1729bCA20Db05472B886B52,Dm6FpQ76SsbVmAZ4NvD2mjZP7cxbw1CASr4WwCiondo,https://etherscan.io/address/0x8Ce34F749796F82A6990fFa2d80622ef75CA7aD5,https://etherscan.io/token/0x8Ce34F749796F82A6990fFa2d80622ef75CA7aD5,https://bscscan.com/address/0x4D3442D884202584F1729bCA20Db05472B886B52,https://bscscan.com/token/0x4D3442D884202584F1729bCA20Db05472B886B52,https://solscan.io/account/Dm6FpQ76SsbVmAZ4NvD2mjZP7cxbw1CASr4WwCiondo,https://cdn.ondo.finance/tokens/logos/nocon_40x40.svg,https://cdn.ondo.finance/tokens/logos/nocon_160x160.png,Northrop Grumman,NOC,Common Stock,Stock,US6668071029,"NOCon is the Ondo Tokenized version of Northrop Grumman, giving tokenholders economic exposure similar to holding NOC and reinvesting any dividends. Ondo tokenized stocks enable non-US retail and institutional users around the world to instantly mint and redeem tokenized U.S. stocks and ETFs, 24 hours a day, five days a week with full access to traditional exchange liquidity. Additional restrictions apply. Learn more at ondo.finance/global-markets.","NOCon is the Ondo Tokenized version of Northrop Grumman, giving tokenholders economic exposure similar to holding NOC and reinvesting any dividends. Additional restrictions apply. Learn more at https://ondo.finance/gm."
VanEck Oil Services ETF (Ondo Tokenized),OIHon,vaneck-oil-services-etf-ondo-tokenized,,0xBcA31049ab4782f0FfA9CfFCB2cF48e8D6dE4fb8,0x31D6011023D6c7695Efc29bB016830F3F36De40a,DnvbCqRuUYssmKVRBRNwkUnptHitH4ZZTt1KVuZondo,https://etherscan.io/address/0xBcA31049ab4782f0FfA9CfFCB2cF48e8D6dE4fb8,https://etherscan.io/token/0xBcA31049ab4782f0FfA9CfFCB2cF48e8D6dE4fb8,https://bscscan.com/address/0x31D6011023D6c7695Efc29bB016830F3F36De40a,https://bscscan.com/token/0x31D6011023D6c7695Efc29bB016830F3F36De40a,https://solscan.io/account/DnvbCqRuUYssmKVRBRNwkUnptHitH4ZZTt1KVuZondo,https://cdn.ondo.finance/tokens/logos/oihon_40x40.svg,https://cdn.ondo.finance/tokens/logos/oihon_160x160.png,VanEck Oil Services ETF,OIH,Commodity ETF,ETF,US92189H6071,"OIHon is the Ondo Tokenized version of the VanEck Oil Services ETF, giving tokenholders economic exposure similar to holding OIH and reinvesting any dividends. Ondo tokenized stocks enable non-US retail and institutional users around the world to instantly mint and redeem tokenized U.S. stocks and ETFs, 24 hours a day, five days a week with full access to traditional exchange liquidity. Additional restrictions apply. Learn more at ondo.finance/global-markets.","OIHon is the Ondo Tokenized version of the VanEck Oil Services ETF, giving tokenholders economic exposure similar to holding OIH and reinvesting any dividends. Additional restrictions apply. Learn more at https://ondo.finance/gm."
Global X US Infrastructure Development ETF (Ondo Tokenized),PAVEon,global-x-us-infrastructure-development-etf-ondo-tokenized,,0xD4c6CCE0Cadf2fe4C0AF9eE6777989EFD8fB7670,0x6f28Cb07790c1049ecd7482d09Fd13B977B47201,DsLQ18ooPjiHYuiuQ5Jz8PNCpVaKe3FhAYpvMxWondo,https://etherscan.io/address/0xD4c6CCE0Cadf2fe4C0AF9eE6777989EFD8fB7670,https://etherscan.io/token/0xD4c6CCE0Cadf2fe4C0AF9eE6777989EFD8fB7670,https://bscscan.com/address/0x6f28Cb07790c1049ecd7482d09Fd13B977B47201,https://bscscan.com/token/0x6f28Cb07790c1049ecd7482d09Fd13B977B47201,https://solscan.io/account/DsLQ18ooPjiHYuiuQ5Jz8PNCpVaKe3FhAYpvMxWondo,https://cdn.ondo.finance/tokens/logos/paveon_40x40.svg,https://cdn.ondo.finance/tokens/logos/paveon_160x160.png,Global X US Infrastructure Development ETF,PAVE,Equity ETF,ETF,US37954Y6730,"PAVEon is the Ondo Tokenized version of the Global X US Infrastructure Development ETF, giving tokenholders economic exposure similar to holding PAVE and reinvesting any dividends. Ondo tokenized stocks enable non-US retail and institutional users around the world to instantly mint and redeem tokenized U.S. stocks and ETFs, 24 hours a day, five days a week with full access to traditional exchange liquidity. Additional restrictions apply. Learn more at ondo.finance/global-markets.","PAVEon is the Ondo Tokenized version of the Global X US Infrastructure Development ETF, giving tokenholders economic exposure similar to holding PAVE and reinvesting any dividends. Additional restrictions apply. Learn more at https://ondo.finance/gm."
abrdn Physical Platinum Shares ETF (Ondo Tokenized),PPLTon,abrdn-physical-platinum-shares-etf-ondo-tokenized,,0xf1883461Ec7BD883A3668749c5CF5f351080d059,0x3EC23F52F6573FC0587A0631dd8C3b107f6bcb35,DwRtkbsaQMGAS3oMeEGYh6M5vH4X9WECsQgqHjAondo,https://etherscan.io/address/0xf1883461Ec7BD883A3668749c5CF5f351080d059,https://etherscan.io/token/0xf1883461Ec7BD883A3668749c5CF5f351080d059,https://bscscan.com/address/0x3EC23F52F6573FC0587A0631dd8C3b107f6bcb35,https://bscscan.com/token/0x3EC23F52F6573FC0587A0631dd8C3b107f6bcb35,https://solscan.io/account/DwRtkbsaQMGAS3oMeEGYh6M5vH4X9WECsQgqHjAondo,https://cdn.ondo.finance/tokens/logos/pplton_40x40.svg,https://cdn.ondo.finance/tokens/logos/pplton_160x160.png,abrdn Physical Platinum Shares ETF,PPLT,Commodity ETF,ETF,US0032601066,"PPLTon is the Ondo Tokenized version of the abrdn Physical Platinum Shares ETF, giving tokenholders economic exposure similar to holding PPLT and reinvesting any dividends. Ondo tokenized stocks enable non-US retail and institutional users around the world to instantly mint and redeem tokenized U.S. stocks and ETFs, 24 hours a day, five days a week with full access to traditional exchange liquidity. Additional restrictions apply. Learn more at ondo.finance/global-markets.","PPLTon is the Ondo Tokenized version of the abrdn Physical Platinum Shares ETF, giving tokenholders economic exposure similar to holding PPLT and reinvesting any dividends. Additional restrictions apply. Learn more at https://ondo.finance/gm."
Quantum Computing (Ondo Tokenized),QUBTon,quantum-computing-ondo-tokenized,,0xc95c9e3fA311664b5e744B3C2716547BEc2Ba7dA,0x82E07C1017032cFd889b1Ca81EBe722c4D4de825,E4YowrHx5wm4RtSjfuvTqtNH3Wf7NEj5tYZGD9Bondo,https://etherscan.io/address/0xc95c9e3fA311664b5e744B3C2716547BEc2Ba7dA,https://etherscan.io/token/0xc95c9e3fA311664b5e744B3C2716547BEc2Ba7dA,https://bscscan.com/address/0x82E07C1017032cFd889b1Ca81EBe722c4D4de825,https://bscscan.com/token/0x82E07C1017032cFd889b1Ca81EBe722c4D4de825,https://solscan.io/account/E4YowrHx5wm4RtSjfuvTqtNH3Wf7NEj5tYZGD9Bondo,https://cdn.ondo.finance/tokens/logos/qubton_40x40.svg,https://cdn.ondo.finance/tokens/logos/qubton_160x160.png,Quantum Computing,QUBT,Common Stock,Stock,US74766W1080,"QUBTon is the Ondo Tokenized version of Quantum Computing, giving tokenholders economic exposure similar to holding QUBT and reinvesting any dividends. Ondo tokenized stocks enable non-US retail and institutional users around the world to instantly mint and redeem tokenized U.S. stocks and ETFs, 24 hours a day, five days a week with full access to traditional exchange liquidity. Additional restrictions apply. Learn more at ondo.finance/global-markets.","QUBTon is the Ondo Tokenized version of Quantum Computing, giving tokenholders economic exposure similar to holding QUBT and reinvesting any dividends. Additional restrictions apply. Learn more at https://ondo.finance/gm."
Redwire (Ondo Tokenized),RDWon,redwire-ondo-tokenized,,0x3a16aF9Ef328D087cc781053A2a2a27549aE6768,0x23e39D94807a8bb7e3f8294b4911D04EE26DcE39,E6KSaqjvqe2HiUpbEweRxLK4RimQddigm95H9Jaondo,https://etherscan.io/address/0x3a16aF9Ef328D087cc781053A2a2a27549aE6768,https://etherscan.io/token/0x3a16aF9Ef328D087cc781053A2a2a27549aE6768,https://bscscan.com/address/0x23e39D94807a8bb7e3f8294b4911D04EE26DcE39,https://bscscan.com/token/0x23e39D94807a8bb7e3f8294b4911D04EE26DcE39,https://solscan.io/account/E6KSaqjvqe2HiUpbEweRxLK4RimQddigm95H9Jaondo,https://cdn.ondo.finance/tokens/logos/rdwon_40x40.svg,https://cdn.ondo.finance/tokens/logos/rdwon_160x160.png,Redwire,RDW,Common Stock,Stock,US75776W1036,"RDWon is the Ondo Tokenized version of Redwire, giving tokenholders economic exposure similar to holding RDW and reinvesting any dividends. Ondo tokenized stocks enable non-US retail and institutional users around the world to instantly mint and redeem tokenized U.S. stocks and ETFs, 24 hours a day, five days a week with full access to traditional exchange liquidity. Additional restrictions apply. Learn more at ondo.finance/global-markets.","RDWon is the Ondo Tokenized version of Redwire, giving tokenholders economic exposure similar to holding RDW and reinvesting any dividends. Additional restrictions apply. Learn more at https://ondo.finance/gm."
Regeneron Pharmaceuticals (Ondo Tokenized),REGNon,regeneron-pharmaceuticals-ondo-tokenized,,0x33aC34DA58168De69cE74a66fbaD81a88F974BD5,0x30BD85fD4286c5c9857679F5B188f737B4a7B8C0,E86mX2yb3HLbJM6gRtZQ6dCYmLh6MSDZadu9SCPondo,https://etherscan.io/address/0x33aC34DA58168De69cE74a66fbaD81a88F974BD5,https://etherscan.io/token/0x33aC34DA58168De69cE74a66fbaD81a88F974BD5,https://bscscan.com/address/0x30BD85fD4286c5c9857679F5B188f737B4a7B8C0,https://bscscan.com/token/0x30BD85fD4286c5c9857679F5B188f737B4a7B8C0,https://solscan.io/account/E86mX2yb3HLbJM6gRtZQ6dCYmLh6MSDZadu9SCPondo,https://cdn.ondo.finance/tokens/logos/regnon_40x40.svg,https://cdn.ondo.finance/tokens/logos/regnon_160x160.png,Regeneron Pharmaceuticals,REGN,Common Stock,Stock,US75886F1075,"REGNon is the Ondo Tokenized version of Regeneron Pharmaceuticals, giving tokenholders economic exposure similar to holding REGN and reinvesting any dividends. Ondo tokenized stocks enable non-US retail and institutional users around the world to instantly mint and redeem tokenized U.S. stocks and ETFs, 24 hours a day, five days a week with full access to traditional exchange liquidity. Additional restrictions apply. Learn more at ondo.finance/global-markets.","REGNon is the Ondo Tokenized version of Regeneron Pharmaceuticals, giving tokenholders economic exposure similar to holding REGN and reinvesting any dividends. Additional restrictions apply. Learn more at https://ondo.finance/gm."
Rocket Lab (Ondo Tokenized),RKLBon,rocket-lab-ondo-tokenized,,0x36E3b8d9aAd0e51aC08E56a75A8f6005bF68535B,0xb4D695569236273745B4CD54B539b1b9Cc1513af,E9VQY3VnrpVSekFByzRmfeK1kxgM3UiKCoVVbdUondo,https://etherscan.io/address/0x36E3b8d9aAd0e51aC08E56a75A8f6005bF68535B,https://etherscan.io/token/0x36E3b8d9aAd0e51aC08E56a75A8f6005bF68535B,https://bscscan.com/address/0xb4D695569236273745B4CD54B539b1b9Cc1513af,https://bscscan.com/token/0xb4D695569236273745B4CD54B539b1b9Cc1513af,https://solscan.io/account/E9VQY3VnrpVSekFByzRmfeK1kxgM3UiKCoVVbdUondo,https://cdn.ondo.finance/tokens/logos/rklbon_40x40.svg,https://cdn.ondo.finance/tokens/logos/rklbon_160x160.png,Rocket Lab,RKLB,Common Stock,Stock,US7731211089,"RKLBon is the Ondo Tokenized version of Rocket Lab, giving tokenholders economic exposure similar to holding RKLB and reinvesting any dividends. Ondo tokenized stocks enable non-US retail and institutional users around the world to instantly mint and redeem tokenized U.S. stocks and ETFs, 24 hours a day, five days a week with full access to traditional exchange liquidity. Additional restrictions apply. Learn more at ondo.finance/global-markets.","RKLBon is the Ondo Tokenized version of Rocket Lab, giving tokenholders economic exposure similar to holding RKLB and reinvesting any dividends. Additional restrictions apply. Learn more at https://ondo.finance/gm."
Southern Copper (Ondo Tokenized),SCCOon,southern-copper-ondo-tokenized,,0xdA81DA76070a7377eAEEB2978F0E13C5d57FaDb7,0xF15B8f7465b92799F6EE440F86B3CAB5A4dbc65A,EANjzFjj3nPXHdzN5CE3Z8LLVn69Ce77FE8X4cvondo,https://etherscan.io/address/0xdA81DA76070a7377eAEEB2978F0E13C5d57FaDb7,https://etherscan.io/token/0xdA81DA76070a7377eAEEB2978F0E13C5d57FaDb7,https://bscscan.com/address/0xF15B8f7465b92799F6EE440F86B3CAB5A4dbc65A,https://bscscan.com/token/0xF15B8f7465b92799F6EE440F86B3CAB5A4dbc65A,https://solscan.io/account/EANjzFjj3nPXHdzN5CE3Z8LLVn69Ce77FE8X4cvondo,https://cdn.ondo.finance/tokens/logos/sccoon_40x40.svg,https://cdn.ondo.finance/tokens/logos/sccoon_160x160.png,Southern Copper,SCCO,Common Stock,Stock,US84265V1052,"SCCOon is the Ondo Tokenized version of Southern Copper, giving tokenholders economic exposure similar to holding SCCO and reinvesting any dividends. Ondo tokenized stocks enable non-US retail and institutional users around the world to instantly mint and redeem tokenized U.S. stocks and ETFs, 24 hours a day, five days a week with full access to traditional exchange liquidity. Additional restrictions apply. Learn more at ondo.finance/global-markets.","SCCOon is the Ondo Tokenized version of Southern Copper, giving tokenholders economic exposure similar to holding SCCO and reinvesting any dividends. Additional restrictions apply. Learn more at https://ondo.finance/gm."
SolarEdge Technologies (Ondo Tokenized),SEDGon,solaredge-technologies-ondo-tokenized,,0x8E82a0d7347329703FB6c6A745B1C2b3aBB1658c,0x8755c5C39b1AA9053a83AC731242a2cf4D04B0Fe,EAwP9LGNjTkQ2YeKE6CGKqBYtrJ6APFvRe7KCMmondo,https://etherscan.io/address/0x8E82a0d7347329703FB6c6A745B1C2b3aBB1658c,https://etherscan.io/token/0x8E82a0d7347329703FB6c6A745B1C2b3aBB1658c,https://bscscan.com/address/0x8755c5C39b1AA9053a83AC731242a2cf4D04B0Fe,https://bscscan.com/token/0x8755c5C39b1AA9053a83AC731242a2cf4D04B0Fe,https://solscan.io/account/EAwP9LGNjTkQ2YeKE6CGKqBYtrJ6APFvRe7KCMmondo,https://cdn.ondo.finance/tokens/logos/sedgon_40x40.svg,https://cdn.ondo.finance/tokens/logos/sedgon_160x160.png,SolarEdge Technologies,SEDG,Common Stock,Stock,US83417M1045,"SEDGon is the Ondo Tokenized version of SolarEdge Technologies, giving tokenholders economic exposure similar to holding SEDG and reinvesting any dividends. Ondo tokenized stocks enable non-US retail and institutional users around the world to instantly mint and redeem tokenized U.S. stocks and ETFs, 24 hours a day, five days a week with full access to traditional exchange liquidity. Additional restrictions apply. Learn more at ondo.finance/global-markets.","SEDGon is the Ondo Tokenized version of SolarEdge Technologies, giving tokenholders economic exposure similar to holding SEDG and reinvesting any dividends. Additional restrictions apply. Learn more at https://ondo.finance/gm."
iShares 1-3 Year Treasury Bond ETF (Ondo Tokenized),SHYon,ishares-1-3-year-treasury-bond-etf-ondo-tokenized,,0x5C424B9b60383FCE7fE7069D2a2B1047BCd04a73,0xf95e50BE5Efc96117c28775F80C7Cdb41Ebc4888,EEy57xbaLcUrN1HXj2vz8VWxeWFK1eZQZo4aWbrondo,https://etherscan.io/address/0x5C424B9b60383FCE7fE7069D2a2B1047BCd04a73,https://etherscan.io/token/0x5C424B9b60383FCE7fE7069D2a2B1047BCd04a73,https://bscscan.com/address/0xf95e50BE5Efc96117c28775F80C7Cdb41Ebc4888,https://bscscan.com/token/0xf95e50BE5Efc96117c28775F80C7Cdb41Ebc4888,https://solscan.io/account/EEy57xbaLcUrN1HXj2vz8VWxeWFK1eZQZo4aWbrondo,https://cdn.ondo.finance/tokens/logos/shyon_40x40.svg,https://cdn.ondo.finance/tokens/logos/shyon_160x160.png,iShares 1-3 Year Treasury Bond ETF,SHY,Bond ETF,ETF,US4642874576,"SHYon is the Ondo Tokenized version of the iShares 1-3 Year Treasury Bond ETF, giving tokenholders economic exposure similar to holding SHY and reinvesting any dividends. Ondo tokenized stocks enable non-US retail and institutional users around the world to instantly mint and redeem tokenized U.S. stocks and ETFs, 24 hours a day, five days a week with full access to traditional exchange liquidity. Additional restrictions apply. Learn more at ondo.finance/global-markets.","SHYon is the Ondo Tokenized version of the iShares 1-3 Year Treasury Bond ETF, giving tokenholders economic exposure similar to holding SHY and reinvesting any dividends. Additional restrictions apply. Learn more at https://ondo.finance/gm."
SanDisk (Ondo Tokenized),SNDKon,sandisk-ondo-tokenized,,0x71E2400CF1Cb83204f33794eD326636A71a9AAfC,0x4Fd67CB8CFEdc718BAc984b5936abE3330d0a2A4,EJmUVvDqAdfH5zEohkdS4234bi3c6iunqEMobjmondo,https://etherscan.io/address/0x71E2400CF1Cb83204f33794eD326636A71a9AAfC,https://etherscan.io/token/0x71E2400CF1Cb83204f33794eD326636A71a9AAfC,https://bscscan.com/address/0x4Fd67CB8CFEdc718BAc984b5936abE3330d0a2A4,https://bscscan.com/token/0x4Fd67CB8CFEdc718BAc984b5936abE3330d0a2A4,https://solscan.io/account/EJmUVvDqAdfH5zEohkdS4234bi3c6iunqEMobjmondo,https://cdn.ondo.finance/tokens/logos/sndkon_40x40.svg,https://cdn.ondo.finance/tokens/logos/sndkon_160x160.png,SanDisk,SNDK,Common Stock,Stock,US80004C2008,"SNDKon is the Ondo Tokenized version of SanDisk, giving tokenholders economic exposure similar to holding SNDK and reinvesting any dividends. Ondo tokenized stocks enable non-US retail and institutional users around the world to instantly mint and redeem tokenized U.S. stocks and ETFs, 24 hours a day, five days a week with full access to traditional exchange liquidity. Additional restrictions apply. Learn more at ondo.finance/global-markets.","SNDKon is the Ondo Tokenized version of SanDisk, giving tokenholders economic exposure similar to holding SNDK and reinvesting any dividends. Additional restrictions apply. Learn more at https://ondo.finance/gm."
iShares Semiconductor ETF (Ondo Tokenized),SOXXon,ishares-semiconductor-etf-ondo-tokenized,,0x1fE2126bC05E4BB0468C4a198e930c889e1054a3,0x2A3cbF64C8181DB4a25D41D4d7a7Db9984C59DAC,EN5pHc1LccUSojxb7kkyQi7v7iJN5RpDq6qz3DHondo,https://etherscan.io/address/0x1fE2126bC05E4BB0468C4a198e930c889e1054a3,https://etherscan.io/token/0x1fE2126bC05E4BB0468C4a198e930c889e1054a3,https://bscscan.com/address/0x2A3cbF64C8181DB4a25D41D4d7a7Db9984C59DAC,https://bscscan.com/token/0x2A3cbF64C8181DB4a25D41D4d7a7Db9984C59DAC,https://solscan.io/account/EN5pHc1LccUSojxb7kkyQi7v7iJN5RpDq6qz3DHondo,https://cdn.ondo.finance/tokens/logos/soxxon_40x40.svg,https://cdn.ondo.finance/tokens/logos/soxxon_160x160.png,iShares Semiconductor ETF,SOXX,Equity ETF,ETF,US4642875235,"SOXXon is the Ondo Tokenized version of the iShares Semiconductor ETF, giving tokenholders economic exposure similar to holding SOXX and reinvesting any dividends. Ondo tokenized stocks enable non-US retail and institutional users around the world to instantly mint and redeem tokenized U.S. stocks and ETFs, 24 hours a day, five days a week with full access to traditional exchange liquidity. Additional restrictions apply. Learn more at ondo.finance/global-markets.","SOXXon is the Ondo Tokenized version of the iShares Semiconductor ETF, giving tokenholders economic exposure similar to holding SOXX and reinvesting any dividends. Additional restrictions apply. Learn more at https://ondo.finance/gm."
Seagate (Ondo Tokenized),STXon,seagate-ondo-tokenized,,0xB53894f82a6B2d3B7365f24932B5bDE1c5Fb51FF,0x966EbCBA3c51E81f5CF159a1EaBeFd2327aB5E8D,EXtprP1wzrNo2bByrU9JyzqEg2hQMSCVJakeHHYondo,https://etherscan.io/address/0xB53894f82a6B2d3B7365f24932B5bDE1c5Fb51FF,https://etherscan.io/token/0xB53894f82a6B2d3B7365f24932B5bDE1c5Fb51FF,https://bscscan.com/address/0x966EbCBA3c51E81f5CF159a1EaBeFd2327aB5E8D,https://bscscan.com/token/0x966EbCBA3c51E81f5CF159a1EaBeFd2327aB5E8D,https://solscan.io/account/EXtprP1wzrNo2bByrU9JyzqEg2hQMSCVJakeHHYondo,https://cdn.ondo.finance/tokens/logos/stxon_40x40.svg,https://cdn.ondo.finance/tokens/logos/stxon_160x160.png,Seagate,STX,Common Stock,Stock,IE00BKVD2N49,"STXon is the Ondo Tokenized version of Seagate, giving tokenholders economic exposure similar to holding STX and reinvesting any dividends. Ondo tokenized stocks enable non-US retail and institutional users around the world to instantly mint and redeem tokenized U.S. stocks and ETFs, 24 hours a day, five days a week with full access to traditional exchange liquidity. Additional restrictions apply. Learn more at ondo.finance/global-markets.","STXon is the Ondo Tokenized version of Seagate, giving tokenholders economic exposure similar to holding STX and reinvesting any dividends. Additional restrictions apply. Learn more at https://ondo.finance/gm."
Uranium Energy (Ondo Tokenized),UECon,uranium-energy-ondo-tokenized,,0x0F8887772262c449793890DCD3Bf320308dB423B,0xE7ddF606841ee278A30E5C90486681e68ddd8cbF,EYo8D3cLdF1CDeGms5M5VHyU52HJYinkMZ1cqvYondo,https://etherscan.io/address/0x0F8887772262c449793890DCD3Bf320308dB423B,https://etherscan.io/token/0x0F8887772262c449793890DCD3Bf320308dB423B,https://bscscan.com/address/0xE7ddF606841ee278A30E5C90486681e68ddd8cbF,https://bscscan.com/token/0xE7ddF606841ee278A30E5C90486681e68ddd8cbF,https://solscan.io/account/EYo8D3cLdF1CDeGms5M5VHyU52HJYinkMZ1cqvYondo,https://cdn.ondo.finance/tokens/logos/uecon_40x40.svg,https://cdn.ondo.finance/tokens/logos/uecon_160x160.png,Uranium Energy,UEC,Common Stock,Stock,US9168961038,"UECon is the Ondo Tokenized version of Uranium Energy, giving tokenholders economic exposure similar to holding UEC and reinvesting any dividends. Ondo tokenized stocks enable non-US retail and institutional users around the world to instantly mint and redeem tokenized U.S. stocks and ETFs, 24 hours a day, five days a week with full access to traditional exchange liquidity. Additional restrictions apply. Learn more at ondo.finance/global-markets.","UECon is the Ondo Tokenized version of Uranium Energy, giving tokenholders economic exposure similar to holding UEC and reinvesting any dividends. Additional restrictions apply. Learn more at https://ondo.finance/gm."
US Natural Gas Fund (Ondo Tokenized),UNGon,us-natural-gas-fund-ondo-tokenized,,0x7C488cFc874Ca9F34e7bdBd0410C27CE6d6af5f9,0xA5351C9bf08055E03642b6b8649A0f7e895501BF,Es2ipHL7qXBcLmZ4N7LP9PHBHaWaTMTAkxDwGGjondo,https://etherscan.io/address/0x7C488cFc874Ca9F34e7bdBd0410C27CE6d6af5f9,https://etherscan.io/token/0x7C488cFc874Ca9F34e7bdBd0410C27CE6d6af5f9,https://bscscan.com/address/0xA5351C9bf08055E03642b6b8649A0f7e895501BF,https://bscscan.com/token/0xA5351C9bf08055E03642b6b8649A0f7e895501BF,https://solscan.io/account/Es2ipHL7qXBcLmZ4N7LP9PHBHaWaTMTAkxDwGGjondo,https://cdn.ondo.finance/tokens/logos/ungon_40x40.svg,https://cdn.ondo.finance/tokens/logos/ungon_160x160.png,US Natural Gas Fund,UNG,Commodity ETF,ETF,US9123184098,"UNGon is the Ondo Tokenized version of the US Natural Gas Fund, giving tokenholders economic exposure similar to holding UNG and reinvesting any dividends. Ondo tokenized stocks enable non-US retail and institutional users around the world to instantly mint and redeem tokenized U.S. stocks and ETFs, 24 hours a day, five days a week with full access to traditional exchange liquidity. Additional restrictions apply. Learn more at ondo.finance/global-markets.","UNGon is the Ondo Tokenized version of the US Natural Gas Fund, giving tokenholders economic exposure similar to holding UNG and reinvesting any dividends. Additional restrictions apply. Learn more at https://ondo.finance/gm."
Union Pacific Corporation (Ondo Tokenized),UNPon,union-pacific-corporation-ondo-tokenized,,0x39930751d4569F7DD45d1bA46E82CD3680EC2e0a,0xfe9aA194E3C4604f3872f220eb41C33A287FCD90,EvsME8gdnEwPLbTnhrGVDwrY35zBuB8hEGCq59Hondo,https://etherscan.io/address/0x39930751d4569F7DD45d1bA46E82CD3680EC2e0a,https://etherscan.io/token/0x39930751d4569F7DD45d1bA46E82CD3680EC2e0a,https://bscscan.com/address/0xfe9aA194E3C4604f3872f220eb41C33A287FCD90,https://bscscan.com/token/0xfe9aA194E3C4604f3872f220eb41C33A287FCD90,https://solscan.io/account/EvsME8gdnEwPLbTnhrGVDwrY35zBuB8hEGCq59Hondo,https://cdn.ondo.finance/tokens/logos/unpon_40x40.svg,https://cdn.ondo.finance/tokens/logos/unpon_160x160.png,Union Pacific Corporation,UNP,Common Stock,Stock,US9078181081,"UNPon is the Ondo Tokenized version of Union Pacific Corporation, giving tokenholders economic exposure similar to holding UNP and reinvesting any dividends. Ondo tokenized stocks enable non-US retail and institutional users around the world to instantly mint and redeem tokenized U.S. stocks and ETFs, 24 hours a day, five days a week with full access to traditional exchange liquidity. Additional restrictions apply. Learn more at ondo.finance/global-markets.","UNPon is the Ondo Tokenized version of Union Pacific Corporation, giving tokenholders economic exposure similar to holding UNP and reinvesting any dividends. Additional restrictions apply. Learn more at https://ondo.finance/gm."
Global X Uranium ETF (Ondo Tokenized),URAon,global-x-uranium-etf-ondo-tokenized,,0xf98Ec282300892b3518B5cB996012b18d9B7D435,0xc7806943663158D68740a14ab0B270bD60BDe87D,EvzskrQ3vUUkiMGG1DzfSDyG6H2WCMy3v9G8fzzondo,https://etherscan.io/address/0xf98Ec282300892b3518B5cB996012b18d9B7D435,https://etherscan.io/token/0xf98Ec282300892b3518B5cB996012b18d9B7D435,https://bscscan.com/address/0xc7806943663158D68740a14ab0B270bD60BDe87D,https://bscscan.com/token/0xc7806943663158D68740a14ab0B270bD60BDe87D,https://solscan.io/account/EvzskrQ3vUUkiMGG1DzfSDyG6H2WCMy3v9G8fzzondo,https://cdn.ondo.finance/tokens/logos/uraon_40x40.svg,https://cdn.ondo.finance/tokens/logos/uraon_160x160.png,Global X Uranium ETF,URA,Commodity ETF,ETF,US37954Y8710,"URAon is the Ondo Tokenized version of the Global X Uranium ETF, giving tokenholders economic exposure similar to holding URA and reinvesting any dividends. Ondo tokenized stocks enable non-US retail and institutional users around the world to instantly mint and redeem tokenized U.S. stocks and ETFs, 24 hours a day, five days a week with full access to traditional exchange liquidity. Additional restrictions apply. Learn more at ondo.finance/global-markets.","URAon is the Ondo Tokenized version of the Global X Uranium ETF, giving tokenholders economic exposure similar to holding URA and reinvesting any dividends. Additional restrictions apply. Learn more at https://ondo.finance/gm."
VinFast Auto (Ondo Tokenized),VFSon,vinfast-auto-ondo-tokenized,,0xBFe6e76A2FE099392064fbB3E868558C82bEb917,0x1D2EaAF0aE00382893aa4318Bd88d1Cd0e9B858A,F3V1fKLKv7H8aNdt9TC6GQ3X4LayEfGHsPi8Umaondo,https://etherscan.io/address/0xBFe6e76A2FE099392064fbB3E868558C82bEb917,https://etherscan.io/token/0xBFe6e76A2FE099392064fbB3E868558C82bEb917,https://bscscan.com/address/0x1D2EaAF0aE00382893aa4318Bd88d1Cd0e9B858A,https://bscscan.com/token/0x1D2EaAF0aE00382893aa4318Bd88d1Cd0e9B858A,https://solscan.io/account/F3V1fKLKv7H8aNdt9TC6GQ3X4LayEfGHsPi8Umaondo,https://cdn.ondo.finance/tokens/logos/vfson_40x40.svg,https://cdn.ondo.finance/tokens/logos/vfson_160x160.png,VinFast Auto,VFS,Common Stock,Stock,SGXZ55111462,"VFSon is the Ondo Tokenized version of VinFast Auto, giving tokenholders economic exposure similar to holding VFS and reinvesting any dividends. Ondo tokenized stocks enable non-US retail and institutional users around the world to instantly mint and redeem tokenized U.S. stocks and ETFs, 24 hours a day, five days a week with full access to traditional exchange liquidity. Additional restrictions apply. Learn more at ondo.finance/global-markets.","VFSon is the Ondo Tokenized version of VinFast Auto, giving tokenholders economic exposure similar to holding VFS and reinvesting any dividends. Additional restrictions apply. Learn more at https://ondo.finance/gm."
Vanguard Real Estate ETF (Ondo Tokenized),VNQon,vanguard-real-estate-etf-ondo-tokenized,,0xcCAe8843E26259278C200C6506F6E5A3bdD524cd,0x10b58A3d9DCeC59bB1c3bf6b9c9414eAfCE711C9,F3dMJ9H137YUNc9cpN3gBWDSq4MSRbTFtojH65Uondo,https://etherscan.io/address/0xcCAe8843E26259278C200C6506F6E5A3bdD524cd,https://etherscan.io/token/0xcCAe8843E26259278C200C6506F6E5A3bdD524cd,https://bscscan.com/address/0x10b58A3d9DCeC59bB1c3bf6b9c9414eAfCE711C9,https://bscscan.com/token/0x10b58A3d9DCeC59bB1c3bf6b9c9414eAfCE711C9,https://solscan.io/account/F3dMJ9H137YUNc9cpN3gBWDSq4MSRbTFtojH65Uondo,https://cdn.ondo.finance/tokens/logos/vnqon_40x40.svg,https://cdn.ondo.finance/tokens/logos/vnqon_160x160.png,Vanguard Real Estate ETF,VNQ,Equity ETF,ETF,US9229085538,"VNQon is the Ondo Tokenized version of the Vanguard Real Estate ETF, giving tokenholders economic exposure similar to holding VNQ and reinvesting any dividends. Ondo tokenized stocks enable non-US retail and institutional users around the world to instantly mint and redeem tokenized U.S. stocks and ETFs, 24 hours a day, five days a week with full access to traditional exchange liquidity. Additional restrictions apply. Learn more at ondo.finance/global-markets.","VNQon is the Ondo Tokenized version of the Vanguard Real Estate ETF, giving tokenholders economic exposure similar to holding VNQ and reinvesting any dividends. Additional restrictions apply. Learn more at https://ondo.finance/gm."
Vertex Pharmaceuticals (Ondo Tokenized),VRTXon,vertex-pharmaceuticals-ondo-tokenized,,0xFC003a764a7B5054Cc6fDb6b511F35deC8022751,0x8c9979Dc208f74a5602c38691aa920F121e2f863,FL7QzUq58pvkDxkftJm7RqRWgqYEFZwXuvAMsUnondo,https://etherscan.io/address/0xFC003a764a7B5054Cc6fDb6b511F35deC8022751,https://etherscan.io/token/0xFC003a764a7B5054Cc6fDb6b511F35deC8022751,https://bscscan.com/address/0x8c9979Dc208f74a5602c38691aa920F121e2f863,https://bscscan.com/token/0x8c9979Dc208f74a5602c38691aa920F121e2f863,https://solscan.io/account/FL7QzUq58pvkDxkftJm7RqRWgqYEFZwXuvAMsUnondo,https://cdn.ondo.finance/tokens/logos/vrtxon_40x40.svg,https://cdn.ondo.finance/tokens/logos/vrtxon_160x160.png,Vertex Pharmaceuticals,VRTX,Common Stock,Stock,US92532F1003,"VRTXon is the Ondo Tokenized version of Vertex Pharmaceuticals, giving tokenholders economic exposure similar to holding VRTX and reinvesting any dividends. Ondo tokenized stocks enable non-US retail and institutional users around the world to instantly mint and redeem tokenized U.S. stocks and ETFs, 24 hours a day, five days a week with full access to traditional exchange liquidity. Additional restrictions apply. Learn more at ondo.finance/global-markets.","VRTXon is the Ondo Tokenized version of Vertex Pharmaceuticals, giving tokenholders economic exposure similar to holding VRTX and reinvesting any dividends. Additional restrictions apply. Learn more at https://ondo.finance/gm."
Western Digital (Ondo Tokenized),WDCon,western-digital-ondo-tokenized,,0x44e89d34601b8D0155e16634d2553EF7F54DBab2,0xcEb29848d04Ad3Cb46E1fE8E45B82ffAc39D797d,FLqH2jB2DZPJP5nnVFAakRKaNTcDZtq71Pnpp6Aondo,https://etherscan.io/address/0x44e89d34601b8D0155e16634d2553EF7F54DBab2,https://etherscan.io/token/0x44e89d34601b8D0155e16634d2553EF7F54DBab2,https://bscscan.com/address/0xcEb29848d04Ad3Cb46E1fE8E45B82ffAc39D797d,https://bscscan.com/token/0xcEb29848d04Ad3Cb46E1fE8E45B82ffAc39D797d,https://solscan.io/account/FLqH2jB2DZPJP5nnVFAakRKaNTcDZtq71Pnpp6Aondo,https://cdn.ondo.finance/tokens/logos/wdcon_40x40.svg,https://cdn.ondo.finance/tokens/logos/wdcon_160x160.png,Western Digital,WDC,Common Stock,Stock,US9581021055,"WDCon is the Ondo Tokenized version of Western Digital, giving tokenholders economic exposure similar to holding WDC and reinvesting any dividends. Ondo tokenized stocks enable non-US retail and institutional users around the world to instantly mint and redeem tokenized U.S. stocks and ETFs, 24 hours a day, five days a week with full access to traditional exchange liquidity. Additional restrictions apply. Learn more at ondo.finance/global-markets.","WDCon is the Ondo Tokenized version of Western Digital, giving tokenholders economic exposure similar to holding WDC and reinvesting any dividends. Additional restrictions apply. Learn more at https://ondo.finance/gm."
Waste Management (Ondo Tokenized),WMon,waste-management-ondo-tokenized,,0x1fb5a8DCd70bE750a97Eaf8a47bBe74Ab7d3183e,0xCE0466Bae0e867239719dC386CA84b1F3eFE6914,FPvKvWzSzDZqgYmSZUetrkpUXSwo2VtpR4BynVYondo,https://etherscan.io/address/0x1fb5a8DCd70bE750a97Eaf8a47bBe74Ab7d3183e,https://etherscan.io/token/0x1fb5a8DCd70bE750a97Eaf8a47bBe74Ab7d3183e,https://bscscan.com/address/0xCE0466Bae0e867239719dC386CA84b1F3eFE6914,https://bscscan.com/token/0xCE0466Bae0e867239719dC386CA84b1F3eFE6914,https://solscan.io/account/FPvKvWzSzDZqgYmSZUetrkpUXSwo2VtpR4BynVYondo,https://cdn.ondo.finance/tokens/logos/wmon_40x40.svg,https://cdn.ondo.finance/tokens/logos/wmon_160x160.png,Waste Management,WM,Common Stock,Stock,US94106L1098,"WMon is the Ondo Tokenized version of Waste Management, giving tokenholders economic exposure similar to holding WM and reinvesting any dividends. Ondo tokenized stocks enable non-US retail and institutional users around the world to instantly mint and redeem tokenized U.S. stocks and ETFs, 24 hours a day, five days a week with full access to traditional exchange liquidity. Additional restrictions apply. Learn more at ondo.finance/global-markets.","WMon is the Ondo Tokenized version of Waste Management, giving tokenholders economic exposure similar to holding WM and reinvesting any dividends. Additional restrictions apply. Learn more at https://ondo.finance/gm."
,,,,,,,https://etherscan.io/address/,https://etherscan.io/token/,https://bscscan.com/address/,,https://solscan.io/account/,,,,,,,,ERROR,ERROR
,,,,,,,https://etherscan.io/address/,https://etherscan.io/token/,https://bscscan.com/address/,,https://solscan.io/account/,,,,,,,,ERROR,ERROR
,,,,,,,https://etherscan.io/address/,https://etherscan.io/token/,https://bscscan.com/address/,,https://solscan.io/account/,,,,,,,,ERROR,ERROR
,,,,,,,https://etherscan.io/address/,https://etherscan.io/token/,https://bscscan.com/address/,,https://solscan.io/account/,,,,,,,,ERROR,ERROR
,,,,,,,https://etherscan.io/address/,https://etherscan.io/token/,https://bscscan.com/address/,,https://solscan.io/account/,,,,,,,,ERROR,ERROR
,,,,,,,https://etherscan.io/address/,https://etherscan.io/token/,https://bscscan.com/address/,,https://solscan.io/account/,,,,,,,,ERROR,ERROR
,,,,,,,https://etherscan.io/address/,https://etherscan.io/token/,https://bscscan.com/address/,,https://solscan.io/account/,,,,,,,,ERROR,ERROR
,,,,,,,https://etherscan.io/address/,https://etherscan.io/token/,https://bscscan.com/address/,,https://solscan.io/account/,,,,,,,,ERROR,ERROR
,,,,,,,https://etherscan.io/address/,https://etherscan.io/token/,https://bscscan.com/address/,,https://solscan.io/account/,,,,,,,,ERROR,ERROR
,,,,,,,https://etherscan.io/address/,https://etherscan.io/token/,https://bscscan.com/address/,,https://solscan.io/account/,,,,,,,,ERROR,ERROR
,,,,,,,https://etherscan.io/address/,https://etherscan.io/token/,https://bscscan.com/address/,,https://solscan.io/account/,,,,,,,,ERROR,ERROR
,,,,,,,https://etherscan.io/address/,https://etherscan.io/token/,https://bscscan.com/address/,,https://solscan.io/account/,,,,,,,,ERROR,ERROR
,,,,,,,https://etherscan.io/address/,https://etherscan.io/token/,https://bscscan.com/address/,,https://solscan.io/account/,,,,,,,,ERROR,ERROR
,,,,,,,https://etherscan.io/address/,https://etherscan.io/token/,https://bscscan.com/address/,,https://solscan.io/account/,,,,,,,,ERROR,ERROR
,,,,,,,https://etherscan.io/address/,https://etherscan.io/token/,https://bscscan.com/address/,,https://solscan.io/account/,,,,,,,,ERROR,ERROR
,,,,,,,https://etherscan.io/address/,https://etherscan.io/token/,https://bscscan.com/address/,,https://solscan.io/account/,,,,,,,,ERROR,ERROR
,,,,,,,https://etherscan.io/address/,https://etherscan.io/token/,https://bscscan.com/address/,,https://solscan.io/account/,,,,,,,,ERROR,ERROR
,,,,,,,https://etherscan.io/address/,https://etherscan.io/token/,https://bscscan.com/address/,,https://solscan.io/account/,,,,,,,,ERROR,ERROR
,,,,,,,https://etherscan.io/address/,https://etherscan.io/token/,https://bscscan.com/address/,,https://solscan.io/account/,,,,,,,,ERROR,ERROR
,,,,,,,https://etherscan.io/address/,https://etherscan.io/token/,https://bscscan.com/address/,,https://solscan.io/account/,,,,,,,,ERROR,ERROR
,,,,,,,https://etherscan.io/address/,https://etherscan.io/token/,https://bscscan.com/address/,,https://solscan.io/account/,,,,,,,,ERROR,ERROR
,,,,,,,https://etherscan.io/address/,https://etherscan.io/token/,https://bscscan.com/address/,,https://solscan.io/account/,,,,,,,,ERROR,ERROR
,,,,,,,https://etherscan.io/address/,https://etherscan.io/token/,https://bscscan.com/address/,,https://solscan.io/account/,,,,,,,,ERROR,ERROR
,,,,,,,https://etherscan.io/address/,https://etherscan.io/token/,https://bscscan.com/address/,,https://solscan.io/account/,,,,,,,,ERROR,ERROR
,,,,,,,https://etherscan.io/address/,https://etherscan.io/token/,https://bscscan.com/address/,,https://solscan.io/account/,,,,,,,,ERROR,ERROR
,,,,,,,https://etherscan.io/address/,https://etherscan.io/token/,https://bscscan.com/address/,,https://solscan.io/account/,,,,,,,,ERROR,ERROR
,,,,,,,https://etherscan.io/address/,https://etherscan.io/token/,https://bscscan.com/address/,,https://solscan.io/account/,,,,,,,,ERROR,ERROR
,,,,,,,https://etherscan.io/address/,https://etherscan.io/token/,https://bscscan.com/address/,,https://solscan.io/account/,,,,,,,,ERROR,ERROR
,,,,,,,https://etherscan.io/address/,https://etherscan.io/token/,https://bscscan.com/address/,,https://solscan.io/account/,,,,,,,,ERROR,ERROR
,,,,,,,https://etherscan.io/address/,https://etherscan.io/token/,https://bscscan.com/address/,,https://solscan.io/account/,,,,,,,,ERROR,ERROR
,,,,,,,https://etherscan.io/address/,https://etherscan.io/token/,https://bscscan.com/address/,,https://solscan.io/account/,,,,,,,,ERROR,ERROR
,,,,,,,https://etherscan.io/address/,https://etherscan.io/token/,https://bscscan.com/address/,,https://solscan.io/account/,,,,,,,,ERROR,ERROR
,,,,,,,https://etherscan.io/address/,https://etherscan.io/token/,https://bscscan.com/address/,,https://solscan.io/account/,,,,,,,,ERROR,ERROR
,,,,,,,https://etherscan.io/address/,https://etherscan.io/token/,https://bscscan.com/address/,,https://solscan.io/account/,,,,,,,,ERROR,ERROR
,,,,,,,https://etherscan.io/address/,https://etherscan.io/token/,https://bscscan.com/address/,,https://solscan.io/account/,,,,,,,,ERROR,ERROR
,,,,,,,https://etherscan.io/address/,https://etherscan.io/token/,https://bscscan.com/address/,,https://solscan.io/account/,,,,,,,,ERROR,ERROR
,,,,,,,https://etherscan.io/address/,https://etherscan.io/token/,https://bscscan.com/address/,,https://solscan.io/account/,,,,,,,,ERROR,ERROR
,,,,,,,https://etherscan.io/address/,https://etherscan.io/token/,https://bscscan.com/address/,,https://solscan.io/account/,,,,,,,,ERROR,ERROR
,,,,,,,https://etherscan.io/address/,https://etherscan.io/token/,https://bscscan.com/address/,,https://solscan.io/account/,,,,,,,,ERROR,ERROR
,,,,,,,https://etherscan.io/address/,https://etherscan.io/token/,https://bscscan.com/address/,,https://solscan.io/account/,,,,,,,,ERROR,ERROR
,,,,,,,https://etherscan.io/address/,https://etherscan.io/token/,https://bscscan.com/address/,,https://solscan.io/account/,,,,,,,,ERROR,ERROR
,,,,,,,https://etherscan.io/address/,https://etherscan.io/token/,https://bscscan.com/address/,,https://solscan.io/account/,,,,,,,,ERROR,ERROR
,,,,,,,https://etherscan.io/address/,https://etherscan.io/token/,https://bscscan.com/address/,,https://solscan.io/account/,,,,,,,,ERROR,ERROR
,,,,,,,https://etherscan.io/address/,https://etherscan.io/token/,https://bscscan.com/address/,,https://solscan.io/account/,,,,,,,,ERROR,ERROR
,,,,,,,https://etherscan.io/address/,https://etherscan.io/token/,https://bscscan.com/address/,,https://solscan.io/account/,,,,,,,,ERROR,ERROR
,,,,,,,https://etherscan.io/address/,https://etherscan.io/token/,https://bscscan.com/address/,,https://solscan.io/account/,,,,,,,,ERROR,ERROR
,,,,,,,https://etherscan.io/address/,https://etherscan.io/token/,https://bscscan.com/address/,,https://solscan.io/account/,,,,,,,,ERROR,ERROR
,,,,,,,https://etherscan.io/address/,https://etherscan.io/token/,https://bscscan.com/address/,,https://solscan.io/account/,,,,,,,,ERROR,ERROR
,,,,,,,https://etherscan.io/address/,https://etherscan.io/token/,https://bscscan.com/address/,,https://solscan.io/account/,,,,,,,,ERROR,ERROR
,,,,,,,https://etherscan.io/address/,https://etherscan.io/token/,https://bscscan.com/address/,,https://solscan.io/account/,,,,,,,,ERROR,ERROR
,,,,,,,https://etherscan.io/address/,https://etherscan.io/token/,https://bscscan.com/address/,,https://solscan.io/account/,,,,,,,,ERROR,ERROR
,,,,,,,https://etherscan.io/address/,https://etherscan.io/token/,https://bscscan.com/address/,,https://solscan.io/account/,,,,,,,,ERROR,ERROR
,,,,,,,https://etherscan.io/address/,https://etherscan.io/token/,https://bscscan.com/address/,,https://solscan.io/account/,,,,,,,,ERROR,ERROR
,,,,,,,https://etherscan.io/address/,https://etherscan.io/token/,https://bscscan.com/address/,,https://solscan.io/account/,,,,,,,,ERROR,ERROR
,,,,,,,https://etherscan.io/address/,https://etherscan.io/token/,https://bscscan.com/address/,,https://solscan.io/account/,,,,,,,,ERROR,ERROR
,,,,,,,https://etherscan.io/address/,https://etherscan.io/token/,https://bscscan.com/address/,,https://solscan.io/account/,,,,,,,,ERROR,ERROR
,,,,,,,https://etherscan.io/address/,https://etherscan.io/token/,https://bscscan.com/address/,,https://solscan.io/account/,,,,,,,,ERROR,ERROR
,,,,,,,https://etherscan.io/address/,https://etherscan.io/token/,https://bscscan.com/address/,,https://solscan.io/account/,,,,,,,,ERROR,ERROR
,,,,,,,https://etherscan.io/address/,https://etherscan.io/token/,https://bscscan.com/address/,,https://solscan.io/account/,,,,,,,,ERROR,ERROR
,,,,,,,https://etherscan.io/address/,https://etherscan.io/token/,https://bscscan.com/address/,,https://solscan.io/account/,,,,,,,,ERROR,ERROR
,,,,,,,https://etherscan.io/address/,https://etherscan.io/token/,https://bscscan.com/address/,,https://solscan.io/account/,,,,,,,,ERROR,ERROR
,,,,,,,https://etherscan.io/address/,https://etherscan.io/token/,https://bscscan.com/address/,,https://solscan.io/account/,,,,,,,,ERROR,ERROR
,,,,,,,https://etherscan.io/address/,https://etherscan.io/token/,https://bscscan.com/address/,,https://solscan.io/account/,,,,,,,,ERROR,ERROR
,,,,,,,https://etherscan.io/address/,https://etherscan.io/token/,https://bscscan.com/address/,,https://solscan.io/account/,,,,,,,,ERROR,ERROR
,,,,,,,https://etherscan.io/address/,https://etherscan.io/token/,https://bscscan.com/address/,,https://solscan.io/account/,,,,,,,,ERROR,ERROR
,,,,,,,https://etherscan.io/address/,https://etherscan.io/token/,https://bscscan.com/address/,,https://solscan.io/account/,,,,,,,,ERROR,ERROR
,,,,,,,https://etherscan.io/address/,https://etherscan.io/token/,https://bscscan.com/address/,,https://solscan.io/account/,,,,,,,,ERROR,ERROR
,,,,,,,https://etherscan.io/address/,https://etherscan.io/token/,https://bscscan.com/address/,,https://solscan.io/account/,,,,,,,,ERROR,ERROR
,,,,,,,https://etherscan.io/address/,https://etherscan.io/token/,https://bscscan.com/address/,,https://solscan.io/account/,,,,,,,,ERROR,ERROR
,,,,,,,https://etherscan.io/address/,https://etherscan.io/token/,https://bscscan.com/address/,,https://solscan.io/account/,,,,,,,,ERROR,ERROR
,,,,,,,https://etherscan.io/address/,https://etherscan.io/token/,https://bscscan.com/address/,,https://solscan.io/account/,,,,,,,,ERROR,ERROR
,,,,,,,https://etherscan.io/address/,https://etherscan.io/token/,https://bscscan.com/address/,,https://solscan.io/account/,,,,,,,,ERROR,ERROR
,,,,,,,https://etherscan.io/address/,https://etherscan.io/token/,https://bscscan.com/address/,,https://solscan.io/account/,,,,,,,,ERROR,ERROR
,,,,,,,https://etherscan.io/address/,https://etherscan.io/token/,https://bscscan.com/address/,,https://solscan.io/account/,,,,,,,,ERROR,ERROR
,,,,,,,https://etherscan.io/address/,https://etherscan.io/token/,https://bscscan.com/address/,,https://solscan.io/account/,,,,,,,,ERROR,ERROR
,,,,,,,https://etherscan.io/address/,https://etherscan.io/token/,https://bscscan.com/address/,,https://solscan.io/account/,,,,,,,,ERROR,ERROR
,,,,,,,https://etherscan.io/address/,https://etherscan.io/token/,https://bscscan.com/address/,,https://solscan.io/account/,,,,,,,,ERROR,ERROR
,,,,,,,https://etherscan.io/address/,https://etherscan.io/token/,https://bscscan.com/address/,,https://solscan.io/account/,,,,,,,,ERROR,ERROR
,,,,,,,https://etherscan.io/address/,https://etherscan.io/token/,https://bscscan.com/address/,,https://solscan.io/account/,,,,,,,,ERROR,ERROR
,,,,,,,https://etherscan.io/address/,https://etherscan.io/token/,https://bscscan.com/address/,,https://solscan.io/account/,,,,,,,,ERROR,ERROR
,,,,,,,https://etherscan.io/address/,https://etherscan.io/token/,https://bscscan.com/address/,,https://solscan.io/account/,,,,,,,,ERROR,ERROR
,,,,,,,https://etherscan.io/address/,https://etherscan.io/token/,https://bscscan.com/address/,,https://solscan.io/account/,,,,,,,,ERROR,ERROR
,,,,,,,https://etherscan.io/address/,https://etherscan.io/token/,https://bscscan.com/address/,,https://solscan.io/account/,,,,,,,,ERROR,ERROR
,,,,,,,https://etherscan.io/address/,https://etherscan.io/token/,https://bscscan.com/address/,,https://solscan.io/account/,,,,,,,,ERROR,ERROR
,,,,,,,https://etherscan.io/address/,https://etherscan.io/token/,https://bscscan.com/address/,,https://solscan.io/account/,,,,,,,,ERROR,ERROR
,,,,,,,https://etherscan.io/address/,https://etherscan.io/token/,https://bscscan.com/address/,,https://solscan.io/account/,,,,,,,,ERROR,ERROR
,,,,,,,https://etherscan.io/address/,https://etherscan.io/token/,https://bscscan.com/address/,,https://solscan.io/account/,,,,,,,,ERROR,ERROR
,,,,,,,https://etherscan.io/address/,https://etherscan.io/token/,https://bscscan.com/address/,,https://solscan.io/account/,,,,,,,,ERROR,ERROR
,,,,,,,https://etherscan.io/address/,https://etherscan.io/token/,https://bscscan.com/address/,,https://solscan.io/account/,,,,,,,,ERROR,ERROR
,,,,,,,https://etherscan.io/address/,https://etherscan.io/token/,https://bscscan.com/address/,,https://solscan.io/account/,,,,,,,,ERROR,ERROR
,,,,,,,https://etherscan.io/address/,https://etherscan.io/token/,https://bscscan.com/address/,,https://solscan.io/account/,,,,,,,,ERROR,ERROR
,,,,,,,https://etherscan.io/address/,https://etherscan.io/token/,https://bscscan.com/address/,,https://solscan.io/account/,,,,,,,,ERROR,ERROR
,,,,,,,https://etherscan.io/address/,https://etherscan.io/token/,https://bscscan.com/address/,,https://solscan.io/account/,,,,,,,,ERROR,ERROR
,,,,,,,https://etherscan.io/address/,https://etherscan.io/token/,https://bscscan.com/address/,,https://solscan.io/account/,,,,,,,,ERROR,ERROR
,,,,,,,https://etherscan.io/address/,https://etherscan.io/token/,https://bscscan.com/address/,,https://solscan.io/account/,,,,,,,,ERROR,ERROR
,,,,,,,https://etherscan.io/address/,https://etherscan.io/token/,https://bscscan.com/address/,,https://solscan.io/account/,,,,,,,,ERROR,ERROR
,,,,,,,https://etherscan.io/address/,https://etherscan.io/token/,https://bscscan.com/address/,,https://solscan.io/account/,,,,,,,,ERROR,ERROR
,,,,,,,https://etherscan.io/address/,https://etherscan.io/token/,https://bscscan.com/address/,,https://solscan.io/account/,,,,,,,,ERROR,ERROR
,,,,,,,https://etherscan.io/address/,https://etherscan.io/token/,https://bscscan.com/address/,,https://solscan.io/account/,,,,,,,,ERROR,ERROR
,,,,,,,https://etherscan.io/address/,https://etherscan.io/token/,https://bscscan.com/address/,,https://solscan.io/account/,,,,,,,,ERROR,ERROR
,,,,,,,https://etherscan.io/address/,https://etherscan.io/token/,https://bscscan.com/address/,,https://solscan.io/account/,,,,,,,,ERROR,ERROR
,,,,,,,https://etherscan.io/address/,https://etherscan.io/token/,https://bscscan.com/address/,,https://solscan.io/account/,,,,,,,,ERROR,ERROR
,,,,,,,https://etherscan.io/address/,https://etherscan.io/token/,https://bscscan.com/address/,,https://solscan.io/account/,,,,,,,,ERROR,ERROR
,,,,,,,https://etherscan.io/address/,https://etherscan.io/token/,https://bscscan.com/address/,,https://solscan.io/account/,,,,,,,,ERROR,ERROR
,,,,,,,https://etherscan.io/address/,https://etherscan.io/token/,https://bscscan.com/address/,,https://solscan.io/account/,,,,,,,,ERROR,ERROR
,,,,,,,https://etherscan.io/address/,https://etherscan.io/token/,https://bscscan.com/address/,,https://solscan.io/account/,,,,,,,,ERROR,ERROR
,,,,,,,https://etherscan.io/address/,https://etherscan.io/token/,https://bscscan.com/address/,,https://solscan.io/account/,,,,,,,,ERROR,ERROR
,,,,,,,https://etherscan.io/address/,https://etherscan.io/token/,https://bscscan.com/address/,,https://solscan.io/account/,,,,,,,,ERROR,ERROR
,,,,,,,https://etherscan.io/address/,https://etherscan.io/token/,https://bscscan.com/address/,,https://solscan.io/account/,,,,,,,,ERROR,ERROR
,,,,,,,https://etherscan.io/address/,https://etherscan.io/token/,https://bscscan.com/address/,,https://solscan.io/account/,,,,,,,,ERROR,ERROR
,,,,,,,https://etherscan.io/address/,https://etherscan.io/token/,https://bscscan.com/address/,,https://solscan.io/account/,,,,,,,,ERROR,ERROR
,,,,,,,https://etherscan.io/address/,https://etherscan.io/token/,https://bscscan.com/address/,,https://solscan.io/account/,,,,,,,,ERROR,ERROR
,,,,,,,https://etherscan.io/address/,https://etherscan.io/token/,https://bscscan.com/address/,,https://solscan.io/account/,,,,,,,,ERROR,ERROR
,,,,,,,https://etherscan.io/address/,https://etherscan.io/token/,https://bscscan.com/address/,,https://solscan.io/account/,,,,,,,,ERROR,ERROR
,,,,,,,https://etherscan.io/address/,https://etherscan.io/token/,https://bscscan.com/address/,,https://solscan.io/account/,,,,,,,,ERROR,ERROR
,,,,,,,https://etherscan.io/address/,https://etherscan.io/token/,https://bscscan.com/address/,,https://solscan.io/account/,,,,,,,,ERROR,ERROR
,,,,,,,https://etherscan.io/address/,https://etherscan.io/token/,https://bscscan.com/address/,,https://solscan.io/account/,,,,,,,,ERROR,ERROR
,,,,,,,https://etherscan.io/address/,https://etherscan.io/token/,https://bscscan.com/address/,,https://solscan.io/account/,,,,,,,,ERROR,ERROR
,,,,,,,https://etherscan.io/address/,https://etherscan.io/token/,https://bscscan.com/address/,,https://solscan.io/account/,,,,,,,,ERROR,ERROR
,,,,,,,https://etherscan.io/address/,https://etherscan.io/token/,https://bscscan.com/address/,,https://solscan.io/account/,,,,,,,,ERROR,ERROR
,,,,,,,https://etherscan.io/address/,https://etherscan.io/token/,https://bscscan.com/address/,,https://solscan.io/account/,,,,,,,,ERROR,ERROR
,,,,,,,https://etherscan.io/address/,https://etherscan.io/token/,https://bscscan.com/address/,,https://solscan.io/account/,,,,,,,,ERROR,ERROR
,,,,,,,https://etherscan.io/address/,https://etherscan.io/token/,https://bscscan.com/address/,,https://solscan.io/account/,,,,,,,,ERROR,ERROR
,,,,,,,https://etherscan.io/address/,https://etherscan.io/token/,https://bscscan.com/address/,,https://solscan.io/account/,,,,,,,,ERROR,ERROR
,,,,,,,https://etherscan.io/address/,https://etherscan.io/token/,https://bscscan.com/address/,,https://solscan.io/account/,,,,,,,,ERROR,ERROR
,,,,,,,https://etherscan.io/address/,https://etherscan.io/token/,https://bscscan.com/address/,,https://solscan.io/account/,,,,,,,,ERROR,ERROR
,,,,,,,https://etherscan.io/address/,https://etherscan.io/token/,https://bscscan.com/address/,,https://solscan.io/account/,,,,,,,,ERROR,ERROR
,,,,,,,https://etherscan.io/address/,https://etherscan.io/token/,https://bscscan.com/address/,,https://solscan.io/account/,,,,,,,,ERROR,ERROR
,,,,,,,https://etherscan.io/address/,https://etherscan.io/token/,https://bscscan.com/address/,,https://solscan.io/account/,,,,,,,,ERROR,ERROR
,,,,,,,https://etherscan.io/address/,https://etherscan.io/token/,https://bscscan.com/address/,,https://solscan.io/account/,,,,,,,,ERROR,ERROR
,,,,,,,https://etherscan.io/address/,https://etherscan.io/token/,https://bscscan.com/address/,,https://solscan.io/account/,,,,,,,,ERROR,ERROR
,,,,,,,https://etherscan.io/address/,https://etherscan.io/token/,https://bscscan.com/address/,,https://solscan.io/account/,,,,,,,,ERROR,ERROR
,,,,,,,https://etherscan.io/address/,https://etherscan.io/token/,https://bscscan.com/address/,,https://solscan.io/account/,,,,,,,,ERROR,ERROR
,,,,,,,https://etherscan.io/address/,https://etherscan.io/token/,https://bscscan.com/address/,,https://solscan.io/account/,,,,,,,,ERROR,ERROR
,,,,,,,https://etherscan.io/address/,https://etherscan.io/token/,https://bscscan.com/address/,,https://solscan.io/account/,,,,,,,,ERROR,ERROR
,,,,,,,https://etherscan.io/address/,https://etherscan.io/token/,https://bscscan.com/address/,,https://solscan.io/account/,,,,,,,,ERROR,ERROR
,,,,,,,https://etherscan.io/address/,https://etherscan.io/token/,https://bscscan.com/address/,,https://solscan.io/account/,,,,,,,,ERROR,ERROR
,,,,,,,https://etherscan.io/address/,https://etherscan.io/token/,https://bscscan.com/address/,,https://solscan.io/account/,,,,,,,,ERROR,ERROR
,,,,,,,https://etherscan.io/address/,https://etherscan.io/token/,https://bscscan.com/address/,,https://solscan.io/account/,,,,,,,,ERROR,ERROR
,,,,,,,https://etherscan.io/address/,https://etherscan.io/token/,https://bscscan.com/address/,,https://solscan.io/account/,,,,,,,,ERROR,ERROR
,,,,,,,https://etherscan.io/address/,https://etherscan.io/token/,https://bscscan.com/address/,,https://solscan.io/account/,,,,,,,,ERROR,ERROR
,,,,,,,https://etherscan.io/address/,https://etherscan.io/token/,https://bscscan.com/address/,,https://solscan.io/account/,,,,,,,,ERROR,ERROR
,,,,,,,https://etherscan.io/address/,https://etherscan.io/token/,https://bscscan.com/address/,,https://solscan.io/account/,,,,,,,,ERROR,ERROR
,,,,,,,https://etherscan.io/address/,https://etherscan.io/token/,https://bscscan.com/address/,,https://solscan.io/account/,,,,,,,,ERROR,ERROR
,,,,,,,https://etherscan.io/address/,https://etherscan.io/token/,https://bscscan.com/address/,,https://solscan.io/account/,,,,,,,,ERROR,ERROR
,,,,,,,https://etherscan.io/address/,https://etherscan.io/token/,https://bscscan.com/address/,,https://solscan.io/account/,,,,,,,,ERROR,ERROR
,,,,,,,https://etherscan.io/address/,https://etherscan.io/token/,https://bscscan.com/address/,,https://solscan.io/account/,,,,,,,,ERROR,ERROR
,,,,,,,https://etherscan.io/address/,https://etherscan.io/token/,https://bscscan.com/address/,,https://solscan.io/account/,,,,,,,,ERROR,ERROR
,,,,,,,https://etherscan.io/address/,https://etherscan.io/token/,https://bscscan.com/address/,,https://solscan.io/account/,,,,,,,,ERROR,ERROR
,,,,,,,https://etherscan.io/address/,https://etherscan.io/token/,https://bscscan.com/address/,,https://solscan.io/account/,,,,,,,,ERROR,ERROR
,,,,,,,https://etherscan.io/address/,https://etherscan.io/token/,https://bscscan.com/address/,,https://solscan.io/account/,,,,,,,,ERROR,ERROR
,,,,,,,https://etherscan.io/address/,https://etherscan.io/token/,https://bscscan.com/address/,,https://solscan.io/account/,,,,,,,,ERROR,ERROR
,,,,,,,https://etherscan.io/address/,https://etherscan.io/token/,https://bscscan.com/address/,,https://solscan.io/account/,,,,,,,,ERROR,ERROR
,,,,,,,https://etherscan.io/address/,https://etherscan.io/token/,https://bscscan.com/address/,,https://solscan.io/account/,,,,,,,,ERROR,ERROR
,,,,,,,https://etherscan.io/address/,https://etherscan.io/token/,https://bscscan.com/address/,,https://solscan.io/account/,,,,,,,,ERROR,ERROR
,,,,,,,https://etherscan.io/address/,https://etherscan.io/token/,https://bscscan.com/address/,,https://solscan.io/account/,,,,,,,,ERROR,ERROR
,,,,,,,https://etherscan.io/address/,https://etherscan.io/token/,https://bscscan.com/address/,,https://solscan.io/account/,,,,,,,,ERROR,ERROR
,,,,,,,https://etherscan.io/address/,https://etherscan.io/token/,https://bscscan.com/address/,,https://solscan.io/account/,,,,,,,,ERROR,ERROR
,,,,,,,https://etherscan.io/address/,https://etherscan.io/token/,https://bscscan.com/address/,,https://solscan.io/account/,,,,,,,,ERROR,ERROR
,,,,,,,https://etherscan.io/address/,https://etherscan.io/token/,https://bscscan.com/address/,,https://solscan.io/account/,,,,,,,,ERROR,ERROR
,,,,,,,https://etherscan.io/address/,https://etherscan.io/token/,https://bscscan.com/address/,,https://solscan.io/account/,,,,,,,,ERROR,ERROR
,,,,,,,https://etherscan.io/address/,https://etherscan.io/token/,https://bscscan.com/address/,,https://solscan.io/account/,,,,,,,,ERROR,ERROR
,,,,,,,https://etherscan.io/address/,https://etherscan.io/token/,https://bscscan.com/address/,,https://solscan.io/account/,,,,,,,,ERROR,ERROR
,,,,,,,https://etherscan.io/address/,https://etherscan.io/token/,https://bscscan.com/address/,,https://solscan.io/account/,,,,,,,,ERROR,ERROR
,,,,,,,https://etherscan.io/address/,https://etherscan.io/token/,https://bscscan.com/address/,,https://solscan.io/account/,,,,,,,,ERROR,ERROR
,,,,,,,https://etherscan.io/address/,https://etherscan.io/token/,https://bscscan.com/address/,,https://solscan.io/account/,,,,,,,,ERROR,ERROR
,,,,,,,https://etherscan.io/address/,https://etherscan.io/token/,https://bscscan.com/address/,,https://solscan.io/account/,,,,,,,,ERROR,ERROR
,,,,,,,https://etherscan.io/address/,https://etherscan.io/token/,https://bscscan.com/address/,,https://solscan.io/account/,,,,,,,,ERROR,ERROR
,,,,,,,https://etherscan.io/address/,https://etherscan.io/token/,https://bscscan.com/address/,,https://solscan.io/account/,,,,,,,,ERROR,ERROR
,,,,,,,https://etherscan.io/address/,https://etherscan.io/token/,https://bscscan.com/address/,,https://solscan.io/account/,,,,,,,,ERROR,ERROR
,,,,,,,https://etherscan.io/address/,https://etherscan.io/token/,https://bscscan.com/address/,,https://solscan.io/account/,,,,,,,,ERROR,ERROR
,,,,,,,https://etherscan.io/address/,https://etherscan.io/token/,https://bscscan.com/address/,,https://solscan.io/account/,,,,,,,,ERROR,ERROR
,,,,,,,https://etherscan.io/address/,https://etherscan.io/token/,https://bscscan.com/address/,,https://solscan.io/account/,,,,,,,,ERROR,ERROR
,,,,,,,https://etherscan.io/address/,https://etherscan.io/token/,https://bscscan.com/address/,,https://solscan.io/account/,,,,,,,,ERROR,ERROR
,,,,,,,https://etherscan.io/address/,https://etherscan.io/token/,https://bscscan.com/address/,,https://solscan.io/account/,,,,,,,,ERROR,ERROR
,,,,,,,https://etherscan.io/address/,https://etherscan.io/token/,https://bscscan.com/address/,,https://solscan.io/account/,,,,,,,,ERROR,ERROR
,,,,,,,https://etherscan.io/address/,https://etherscan.io/token/,https://bscscan.com/address/,,https://solscan.io/account/,,,,,,,,ERROR,ERROR
,,,,,,,https://etherscan.io/address/,https://etherscan.io/token/,https://bscscan.com/address/,,https://solscan.io/account/,,,,,,,,ERROR,ERROR
,,,,,,,https://etherscan.io/address/,https://etherscan.io/token/,https://bscscan.com/address/,,https://solscan.io/account/,,,,,,,,ERROR,ERROR
,,,,,,,https://etherscan.io/address/,https://etherscan.io/token/,https://bscscan.com/address/,,https://solscan.io/account/,,,,,,,,ERROR,ERROR
,,,,,,,https://etherscan.io/address/,https://etherscan.io/token/,https://bscscan.com/address/,,https://solscan.io/account/,,,,,,,,ERROR,ERROR
,,,,,,,https://etherscan.io/address/,https://etherscan.io/token/,https://bscscan.com/address/,,https://solscan.io/account/,,,,,,,,ERROR,ERROR
,,,,,,,https://etherscan.io/address/,https://etherscan.io/token/,https://bscscan.com/address/,,https://solscan.io/account/,,,,,,,,ERROR,ERROR
,,,,,,,https://etherscan.io/address/,https://etherscan.io/token/,https://bscscan.com/address/,,https://solscan.io/account/,,,,,,,,ERROR,ERROR
,,,,,,,https://etherscan.io/address/,https://etherscan.io/token/,https://bscscan.com/address/,,https://solscan.io/account/,,,,,,,,ERROR,ERROR
,,,,,,,https://etherscan.io/address/,https://etherscan.io/token/,https://bscscan.com/address/,,https://solscan.io/account/,,,,,,,,ERROR,ERROR
,,,,,,,https://etherscan.io/address/,https://etherscan.io/token/,https://bscscan.com/address/,,https://solscan.io/account/,,,,,,,,ERROR,ERROR
,,,,,,,https://etherscan.io/address/,https://etherscan.io/token/,https://bscscan.com/address/,,https://solscan.io/account/,,,,,,,,ERROR,ERROR
,,,,,,,https://etherscan.io/address/,https://etherscan.io/token/,https://bscscan.com/address/,,https://solscan.io/account/,,,,,,,,ERROR,ERROR
,,,,,,,https://etherscan.io/address/,https://etherscan.io/token/,https://bscscan.com/address/,,https://solscan.io/account/,,,,,,,,ERROR,ERROR
,,,,,,,https://etherscan.io/address/,https://etherscan.io/token/,https://bscscan.com/address/,,https://solscan.io/account/,,,,,,,,ERROR,ERROR
,,,,,,,https://etherscan.io/address/,https://etherscan.io/token/,https://bscscan.com/address/,,https://solscan.io/account/,,,,,,,,ERROR,ERROR
,,,,,,,https://etherscan.io/address/,https://etherscan.io/token/,https://bscscan.com/address/,,https://solscan.io/account/,,,,,,,,ERROR,ERROR
,,,,,,,https://etherscan.io/address/,https://etherscan.io/token/,https://bscscan.com/address/,,https://solscan.io/account/,,,,,,,,ERROR,ERROR
,,,,,,,https://etherscan.io/address/,https://etherscan.io/token/,https://bscscan.com/address/,,https://solscan.io/account/,,,,,,,,ERROR,ERROR
,,,,,,,https://etherscan.io/address/,https://etherscan.io/token/,https://bscscan.com/address/,,https://solscan.io/account/,,,,,,,,ERROR,ERROR
,,,,,,,https://etherscan.io/address/,https://etherscan.io/token/,https://bscscan.com/address/,,https://solscan.io/account/,,,,,,,,ERROR,ERROR
,,,,,,,https://etherscan.io/address/,https://etherscan.io/token/,https://bscscan.com/address/,,https://solscan.io/account/,,,,,,,,ERROR,ERROR
,,,,,,,https://etherscan.io/address/,https://etherscan.io/token/,https://bscscan.com/address/,,https://solscan.io/account/,,,,,,,,ERROR,ERROR
,,,,,,,https://etherscan.io/address/,https://etherscan.io/token/,https://bscscan.com/address/,,https://solscan.io/account/,,,,,,,,ERROR,ERROR
,,,,,,,https://etherscan.io/address/,https://etherscan.io/token/,https://bscscan.com/address/,,https://solscan.io/account/,,,,,,,,ERROR,ERROR
,,,,,,,https://etherscan.io/address/,https://etherscan.io/token/,https://bscscan.com/address/,,https://solscan.io/account/,,,,,,,,ERROR,ERROR
,,,,,,,https://etherscan.io/address/,https://etherscan.io/token/,https://bscscan.com/address/,,https://solscan.io/account/,,,,,,,,ERROR,ERROR
,,,,,,,https://etherscan.io/address/,https://etherscan.io/token/,https://bscscan.com/address/,,https://solscan.io/account/,,,,,,,,ERROR,ERROR
,,,,,,,https://etherscan.io/address/,https://etherscan.io/token/,https://bscscan.com/address/,,https://solscan.io/account/,,,,,,,,ERROR,ERROR
,,,,,,,https://etherscan.io/address/,https://etherscan.io/token/,https://bscscan.com/address/,,https://solscan.io/account/,,,,,,,,ERROR,ERROR
,,,,,,,https://etherscan.io/address/,https://etherscan.io/token/,https://bscscan.com/address/,,https://solscan.io/account/,,,,,,,,ERROR,ERROR
,,,,,,,https://etherscan.io/address/,https://etherscan.io/token/,https://bscscan.com/address/,,https://solscan.io/account/,,,,,,,,ERROR,ERROR
,,,,,,,https://etherscan.io/address/,https://etherscan.io/token/,https://bscscan.com/address/,,https://solscan.io/account/,,,,,,,,ERROR,ERROR
,,,,,,,https://etherscan.io/address/,https://etherscan.io/token/,https://bscscan.com/address/,,https://solscan.io/account/,,,,,,,,ERROR,ERROR
,,,,,,,https://etherscan.io/address/,https://etherscan.io/token/,https://bscscan.com/address/,,https://solscan.io/account/,,,,,,,,ERROR,ERROR
,,,,,,,https://etherscan.io/address/,https://etherscan.io/token/,https://bscscan.com/address/,,https://solscan.io/account/,,,,,,,,ERROR,ERROR
,,,,,,,https://etherscan.io/address/,https://etherscan.io/token/,https://bscscan.com/address/,,https://solscan.io/account/,,,,,,,,ERROR,ERROR
,,,,,,,https://etherscan.io/address/,https://etherscan.io/token/,https://bscscan.com/address/,,https://solscan.io/account/,,,,,,,,ERROR,ERROR
,,,,,,,https://etherscan.io/address/,https://etherscan.io/token/,https://bscscan.com/address/,,https://solscan.io/account/,,,,,,,,ERROR,ERROR
,,,,,,,https://etherscan.io/address/,https://etherscan.io/token/,https://bscscan.com/address/,,https://solscan.io/account/,,,,,,,,ERROR,ERROR
,,,,,,,https://etherscan.io/address/,https://etherscan.io/token/,https://bscscan.com/address/,,https://solscan.io/account/,,,,,,,,ERROR,ERROR
,,,,,,,https://etherscan.io/address/,https://etherscan.io/token/,https://bscscan.com/address/,,https://solscan.io/account/,,,,,,,,ERROR,ERROR
,,,,,,,https://etherscan.io/address/,https://etherscan.io/token/,https://bscscan.com/address/,,https://solscan.io/account/,,,,,,,,ERROR,ERROR
,,,,,,,https://etherscan.io/address/,https://etherscan.io/token/,https://bscscan.com/address/,,https://solscan.io/account/,,,,,,,,ERROR,ERROR
,,,,,,,https://etherscan.io/address/,https://etherscan.io/token/,https://bscscan.com/address/,,https://solscan.io/account/,,,,,,,,ERROR,ERROR
,,,,,,,https://etherscan.io/address/,https://etherscan.io/token/,https://bscscan.com/address/,,https://solscan.io/account/,,,,,,,,ERROR,ERROR
,,,,,,,https://etherscan.io/address/,https://etherscan.io/token/,https://bscscan.com/address/,,https://solscan.io/account/,,,,,,,,ERROR,ERROR
,,,,,,,https://etherscan.io/address/,https://etherscan.io/token/,https://bscscan.com/address/,,https://solscan.io/account/,,,,,,,,ERROR,ERROR
,,,,,,,https://etherscan.io/address/,https://etherscan.io/token/,https://bscscan.com/address/,,https://solscan.io/account/,,,,,,,,ERROR,ERROR
,,,,,,,https://etherscan.io/address/,https://etherscan.io/token/,https://bscscan.com/address/,,https://solscan.io/account/,,,,,,,,ERROR,ERROR
,,,,,,,https://etherscan.io/address/,https://etherscan.io/token/,https://bscscan.com/address/,,https://solscan.io/account/,,,,,,,,ERROR,ERROR
,,,,,,,https://etherscan.io/address/,https://etherscan.io/token/,https://bscscan.com/address/,,https://solscan.io/account/,,,,,,,,ERROR,ERROR
,,,,,,,https://etherscan.io/address/,https://etherscan.io/token/,https://bscscan.com/address/,,https://solscan.io/account/,,,,,,,,ERROR,ERROR
,,,,,,,https://etherscan.io/address/,https://etherscan.io/token/,https://bscscan.com/address/,,https://solscan.io/account/,,,,,,,,ERROR,ERROR
,,,,,,,https://etherscan.io/address/,https://etherscan.io/token/,https://bscscan.com/address/,,https://solscan.io/account/,,,,,,,,ERROR,ERROR
,,,,,,,https://etherscan.io/address/,https://etherscan.io/token/,https://bscscan.com/address/,,https://solscan.io/account/,,,,,,,,ERROR,ERROR
,,,,,,,https://etherscan.io/address/,https://etherscan.io/token/,https://bscscan.com/address/,,https://solscan.io/account/,,,,,,,,ERROR,ERROR
,,,,,,,https://etherscan.io/address/,https://etherscan.io/token/,https://bscscan.com/address/,,https://solscan.io/account/,,,,,,,,ERROR,ERROR
,,,,,,,https://etherscan.io/address/,https://etherscan.io/token/,https://bscscan.com/address/,,https://solscan.io/account/,,,,,,,,ERROR,ERROR